$ date -R
Wed, 26 Aug 2026 11:40:37 +0100
$ git checkout master
Already on 'master'
D	Next/SHA1s
D	Next/Trees
D	Next/merge.log
$ git reset --hard stable
HEAD is now at 66498c75b4f80 Merge tag 'dmaengine-7.3-rc1' of git://git.kernel.org/pub/scm/linux/kernel/git/vkoul/dmaengine
Merging origin/master (45c13f3f9e3bb Merge tag 'hwlock-v7.3' of git://git.kernel.org/pub/scm/linux/kernel/git/remoteproc/linux)
$ git merge -m Merge branch 'master' of https://git.kernel.org/pub/scm/linux/kernel/git/torvalds/linux.git origin/master
Updating 66498c75b4f80..45c13f3f9e3bb
Fast-forward (no commit created; -m option ignored)
 .mailmap                                           |    2 +
 Documentation/ABI/obsolete/sysfs-bus-usb           |    2 +-
 .../ABI/testing/configfs-thunderbolt_stream        |   15 +
 .../ABI/testing/configfs-usb-gadget-uac1_legacy    |    3 -
 Documentation/ABI/testing/sysfs-bus-iio            |   31 +-
 Documentation/ABI/testing/sysfs-bus-iio-adc-ad7192 |    2 +-
 Documentation/ABI/testing/sysfs-bus-iio-flow       |   21 +
 Documentation/ABI/testing/sysfs-bus-iio-frequency  |   11 +
 .../ABI/testing/sysfs-bus-iio-frequency-adf4350    |   10 -
 Documentation/ABI/testing/sysfs-bus-usb            |    2 +-
 Documentation/ABI/testing/sysfs-class-issei        |   73 +
 .../testing/sysfs-devices-platform-stratix10-rsu   |   58 +
 Documentation/ABI/testing/sysfs-platform-dfl-port  |    2 +-
 Documentation/admin-guide/bootconfig.rst           |   81 +
 Documentation/admin-guide/kernel-parameters.txt    |    7 +-
 Documentation/admin-guide/thunderbolt.rst          |    4 +-
 Documentation/block/ublk.rst                       |   14 +-
 Documentation/devicetree/bindings/iio/adc/adc.yaml |   41 +
 .../devicetree/bindings/iio/adc/adi,ad4080.yaml    |    2 +
 .../devicetree/bindings/iio/adc/adi,ltc2378.yaml   |  170 +
 .../devicetree/bindings/iio/adc/avia-hx711.yaml    |   21 +
 .../bindings/iio/adc/mediatek,mt6359-auxadc.yaml   |    3 +-
 .../bindings/iio/adc/rockchip-saradc.yaml          |    4 +-
 .../devicetree/bindings/iio/adc/ti,ads112c14.yaml  |  219 ++
 .../bindings/iio/adc/xlnx,versal-sysmon.yaml       |  154 +
 .../bindings/iio/chemical/sensirion,scd30.yaml     |    3 +-
 .../devicetree/bindings/iio/dac/adi,ad3530r.yaml   |   16 +-
 .../devicetree/bindings/iio/dac/adi,ad5686.yaml    |   86 +-
 .../devicetree/bindings/iio/dac/adi,ad5696.yaml    |   79 +-
 .../devicetree/bindings/iio/dac/adi,ad5791.yaml    |    4 +-
 .../bindings/iio/dac/microchip,mcp47a1.yaml        |   50 +
 .../bindings/iio/flow/sensirion,slf3s.yaml         |   55 +
 .../bindings/iio/frequency/adi,adf41513.yaml       |  227 ++
 .../bindings/iio/imu/invensense,icm42600.yaml      |   20 +-
 .../iio/magnetometer/qstcorp,qmc5883l.yaml         |   52 +
 .../bindings/iio/magnetometer/qstcorp,qmc6308.yaml |   47 +
 .../bindings/iio/proximity/st,vl53l0x.yaml         |    2 +-
 .../bindings/iio/temperature/ti,tmp117.yaml        |   16 +-
 .../bindings/interconnect/qcom,maili-rpmh.yaml     |  127 +
 .../bindings/interconnect/qcom,osm-l3.yaml         |    2 +
 .../bindings/interconnect/qcom,sc8280xp-rpmh.yaml  |  101 +-
 .../bindings/interconnect/qcom,x1e80100-rpmh.yaml  |   72 +
 .../devicetree/bindings/misc/qcom,fastrpc.yaml     |    4 +
 .../bindings/nvmem/airoha,smc-efuses.yaml          |   67 +
 .../bindings/nvmem/microchip,lan9662-otpc.yaml     |    1 +
 .../devicetree/bindings/nvmem/qcom,qfprom.yaml     |    6 +
 .../bindings/remoteproc/amd,bram-rproc.yaml        |  105 +
 .../remoteproc/amlogic,meson-mx-ao-arc.yaml        |    2 +-
 .../devicetree/bindings/remoteproc/qcom,adsp.yaml  |   82 +-
 .../remoteproc/qcom,kaanapali-soccp-pas.yaml       |  156 +
 .../bindings/remoteproc/qcom,milos-pas.yaml        |   29 +-
 .../bindings/remoteproc/qcom,nord-pas.yaml         |  173 +
 .../bindings/remoteproc/qcom,pas-common.yaml       |   28 +-
 .../bindings/remoteproc/qcom,qcs404-pas.yaml       |   22 +-
 .../bindings/remoteproc/qcom,sa8775p-pas.yaml      |   22 +-
 .../bindings/remoteproc/qcom,sc7180-pas.yaml       |   28 +
 .../bindings/remoteproc/qcom,sc8280xp-pas.yaml     |   28 +
 .../bindings/remoteproc/qcom,sdx55-pas.yaml        |   24 +-
 .../bindings/remoteproc/qcom,shikra-pas.yaml       |   20 +
 .../bindings/remoteproc/qcom,sm6115-pas.yaml       |   28 +
 .../bindings/remoteproc/qcom,sm6350-pas.yaml       |   28 +
 .../bindings/remoteproc/qcom,sm6375-pas.yaml       |   28 +
 .../bindings/remoteproc/qcom,sm8150-pas.yaml       |   28 +
 .../bindings/remoteproc/qcom,sm8350-pas.yaml       |   28 +
 .../bindings/remoteproc/qcom,sm8550-pas.yaml       |   55 +
 .../bindings/remoteproc/ti,am3352-wkup-m3.yaml     |   89 +
 .../bindings/remoteproc/ti,pru-consumer.yaml       |    1 -
 .../bindings/remoteproc/wkup_m3_rproc.txt          |   52 -
 Documentation/devicetree/bindings/serial/8250.yaml |    8 +-
 .../devicetree/bindings/serial/maxim,max310x.yaml  |   92 +-
 .../bindings/serial/snps-dw-apb-uart.yaml          |    2 +
 .../devicetree/bindings/usb/aspeed,dwc3.yaml       |   93 +
 .../devicetree/bindings/usb/cdns,usb3.yaml         |    3 +
 .../devicetree/bindings/usb/generic-ehci.yaml      |    7 +
 .../devicetree/bindings/usb/generic-ohci.yaml      |    5 +
 .../devicetree/bindings/usb/mediatek,mtu3.yaml     |    6 +-
 .../devicetree/bindings/usb/qcom,snps-dwc3.yaml    |    9 +
 .../devicetree/bindings/usb/renesas,usbhs.yaml     |    1 +
 .../devicetree/bindings/usb/ti,tps6598x.yaml       |    6 +-
 .../devicetree/bindings/vendor-prefixes.yaml       |    2 +
 Documentation/devicetree/bindings/w1/omap-hdq.txt  |   22 -
 Documentation/devicetree/bindings/w1/ti,hdq.yaml   |   70 +
 Documentation/driver-api/index.rst                 |    1 +
 Documentation/driver-api/issei/index.rst           |   16 +
 Documentation/driver-api/issei/issei.rst           |  135 +
 Documentation/filesystems/fuse/fuse-io-uring.rst   |   32 +
 Documentation/filesystems/fuse/index.rst           |    1 +
 .../filesystems/fuse/uapi/fuse-uapi-io-uring.rst   |  126 +
 Documentation/hwmon/index.rst                      |    1 +
 Documentation/hwmon/socfpga-hwmon.rst              |   34 +
 Documentation/iio/adf41513.rst                     |  199 +
 Documentation/iio/index.rst                        |    1 +
 Documentation/misc-devices/amd-sbi.rst             |   74 +
 Documentation/staging/rpmsg.rst                    |    1 -
 Documentation/translations/zh_CN/usb/CREDITS       |  147 +-
 Documentation/translations/zh_CN/usb/acm.rst       |   62 +-
 .../translations/zh_CN/usb/authorization.rst       |   79 +-
 Documentation/translations/zh_CN/usb/chipidea.rst  |   63 +-
 Documentation/translations/zh_CN/usb/dwc3.rst      |   37 +-
 Documentation/translations/zh_CN/usb/ehci.rst      |  249 +-
 Documentation/translations/zh_CN/usb/index.rst     |   18 +-
 Documentation/translations/zh_CN/usb/usbmon.rst    |  332 +-
 Documentation/usb/functionfs.rst                   |   80 +
 Documentation/usb/gadget-testing.rst               |    3 -
 Documentation/userspace-api/ntsync.rst             |   33 +-
 Documentation/virt/kvm/api.rst                     |   26 +-
 Documentation/virt/kvm/devices/vcpu.rst            |   11 +-
 Documentation/w1/masters/omap-hdq.rst              |    2 +-
 MAINTAINERS                                        |  153 +-
 Makefile                                           |   27 +-
 .../boot/dts/mediatek/mt6795-sony-xperia-m5.dts    |    1 +
 arch/arm64/boot/dts/mediatek/mt7622-rfb1.dts       |    1 +
 .../boot/dts/mediatek/mt7986a-bananapi-bpi-r3.dts  |    2 +
 arch/arm64/boot/dts/mediatek/mt7986a-rfb.dts       |    2 +
 arch/arm64/boot/dts/mediatek/mt8183-kukui.dtsi     |    1 +
 .../boot/dts/mediatek/mt8192-asurada-hayato-r1.dts |    4 +
 arch/arm64/boot/dts/mediatek/mt8195-demo.dts       |    1 +
 arch/arm64/boot/dts/mediatek/mt8365-evk.dts        |    2 +
 .../boot/dts/mediatek/mt8390-genio-common.dtsi     |    2 +
 .../boot/dts/mediatek/mt8390-grinn-genio-sbc.dtsi  |    2 +
 .../boot/dts/mediatek/mt8390-tungsten-smarc.dtsi   |    2 +
 .../boot/dts/mediatek/mt8395-genio-common.dtsi     |    1 +
 arch/arm64/boot/dts/qcom/eliza.dtsi                |    2 +-
 arch/arm64/include/asm/cpufeature.h                |    1 +
 arch/arm64/include/asm/kvm_arm.h                   |   27 +-
 arch/arm64/include/asm/kvm_asm.h                   |    4 +-
 arch/arm64/include/asm/kvm_emulate.h               |  107 +-
 arch/arm64/include/asm/kvm_host.h                  |   14 +-
 arch/arm64/include/asm/kvm_nested.h                |   20 +
 arch/arm64/include/asm/kvm_pkvm.h                  |    8 +-
 arch/arm64/include/asm/vncr_mapping.h              |    2 +-
 arch/arm64/include/uapi/asm/kvm.h                  |    1 +
 arch/arm64/kernel/asm-offsets.c                    |    1 -
 arch/arm64/kernel/cpu_errata.c                     |   17 +-
 arch/arm64/kernel/cpufeature.c                     |   18 +-
 arch/arm64/kernel/image-vars.h                     |    2 +
 arch/arm64/kernel/pi/idreg-override.c              |   10 +
 arch/arm64/kvm/arch_timer.c                        |   15 +-
 arch/arm64/kvm/arm.c                               |   26 +-
 arch/arm64/kvm/at.c                                |    2 -
 arch/arm64/kvm/config.c                            |   27 +-
 arch/arm64/kvm/emulate-nested.c                    |   18 +-
 arch/arm64/kvm/handle_exit.c                       |   40 +-
 arch/arm64/kvm/hyp/exception.c                     |   34 +-
 arch/arm64/kvm/hyp/include/hyp/switch.h            |   42 +-
 arch/arm64/kvm/hyp/include/hyp/sysreg-sr.h         |   11 +
 arch/arm64/kvm/hyp/include/nvhe/clock.h            |    8 +-
 arch/arm64/kvm/hyp/nvhe/clock.c                    |    4 +-
 arch/arm64/kvm/hyp/nvhe/hyp-init.S                 |   11 +-
 arch/arm64/kvm/hyp/nvhe/hyp-main.c                 |  271 +-
 arch/arm64/kvm/hyp/nvhe/mem_protect.c              |    7 +
 arch/arm64/kvm/hyp/nvhe/pkvm.c                     |   15 +-
 arch/arm64/kvm/hyp/nvhe/sys_regs.c                 |    5 +-
 arch/arm64/kvm/hyp/nvhe/timer-sr.c                 |   10 +-
 arch/arm64/kvm/hyp/nvhe/trace.c                    |    4 +-
 arch/arm64/kvm/hyp/vgic-v3-sr.c                    |   43 +-
 arch/arm64/kvm/hyp/vhe/switch.c                    |   62 +-
 arch/arm64/kvm/hyp/vhe/sysreg-sr.c                 |   21 +-
 arch/arm64/kvm/mmu.c                               |    9 +-
 arch/arm64/kvm/nested.c                            |  190 +-
 arch/arm64/kvm/pkvm.c                              |   34 +-
 arch/arm64/kvm/pmu-emul.c                          |   54 +-
 arch/arm64/kvm/psci.c                              |   30 +-
 arch/arm64/kvm/reset.c                             |   60 +-
 arch/arm64/kvm/sys_regs.c                          |  152 +-
 arch/arm64/kvm/sys_regs.h                          |   19 +
 arch/arm64/kvm/vgic-sys-reg-v3.c                   |    8 +-
 arch/arm64/kvm/vgic/vgic-init.c                    |    8 +-
 arch/arm64/kvm/vgic/vgic-its.c                     |   26 +-
 arch/arm64/kvm/vgic/vgic-v2.c                      |    3 +-
 arch/arm64/kvm/vgic/vgic-v3-nested.c               |    2 +-
 arch/arm64/kvm/vgic/vgic-v3.c                      |  105 +-
 arch/arm64/kvm/vgic/vgic-v5.c                      |    5 +-
 arch/arm64/kvm/vgic/vgic.c                         |    7 +-
 arch/arm64/kvm/vgic/vgic.h                         |   19 +-
 arch/arm64/tools/cpucaps                           |    3 +
 arch/arm64/tools/gen-sysreg.awk                    |    8 +-
 arch/arm64/tools/sysreg                            |   44 +-
 arch/loongarch/kvm/exit.c                          |   19 +-
 arch/loongarch/kvm/intc/dmsintc.c                  |   18 +-
 arch/loongarch/kvm/intc/eiointc.c                  |   32 +-
 arch/loongarch/kvm/intc/ipi.c                      |   77 +-
 arch/loongarch/kvm/intc/pch_pic.c                  |   12 +-
 arch/loongarch/kvm/timer.c                         |   14 +
 arch/loongarch/kvm/vcpu.c                          |    7 +-
 arch/loongarch/kvm/vm.c                            |    4 +
 arch/powerpc/configs/ppc6xx_defconfig              |    1 -
 arch/powerpc/kvm/book3s_pr.c                       |   11 +-
 arch/riscv/include/asm/csr.h                       |    1 +
 arch/riscv/include/asm/kvm_aia.h                   |    3 +
 arch/riscv/include/asm/kvm_gstage.h                |    9 +-
 arch/riscv/include/asm/kvm_host.h                  |   10 +
 arch/riscv/include/asm/kvm_vcpu_insn.h             |    4 +-
 arch/riscv/include/asm/kvm_vcpu_sbi.h              |    4 +
 arch/riscv/include/asm/kvm_vcpu_vector.h           |   24 +
 arch/riscv/include/asm/processor.h                 |    8 +
 arch/riscv/include/asm/simd.h                      |   16 +-
 arch/riscv/include/asm/vector.h                    |    5 +
 arch/riscv/include/uapi/asm/kvm.h                  |   13 +
 arch/riscv/kernel/kernel_mode_vector.c             |   88 +-
 arch/riscv/kvm/aia.c                               |   42 +
 arch/riscv/kvm/aia_aplic.c                         |    3 +-
 arch/riscv/kvm/aia_device.c                        |    6 +
 arch/riscv/kvm/aia_imsic.c                         |   18 +-
 arch/riscv/kvm/gstage.c                            |   82 +-
 arch/riscv/kvm/isa.c                               |    2 +
 arch/riscv/kvm/main.c                              |  114 +-
 arch/riscv/kvm/mmu.c                               |  108 +-
 arch/riscv/kvm/nacl.c                              |    2 +-
 arch/riscv/kvm/tlb.c                               |  117 +-
 arch/riscv/kvm/trace.h                             |   81 +-
 arch/riscv/kvm/vcpu.c                              |   34 +
 arch/riscv/kvm/vcpu_config.c                       |    2 +
 arch/riscv/kvm/vcpu_exit.c                         |   20 +-
 arch/riscv/kvm/vcpu_insn.c                         |   17 +-
 arch/riscv/kvm/vcpu_onereg.c                       |   68 +-
 arch/riscv/kvm/vcpu_pmu.c                          |   16 +-
 arch/riscv/kvm/vcpu_sbi.c                          |   30 +
 arch/riscv/kvm/vcpu_sbi_fwft.c                     |  207 +-
 arch/riscv/kvm/vcpu_sbi_v01.c                      |   52 +-
 arch/riscv/kvm/vcpu_vector.c                       |   26 +-
 arch/s390/include/asm/kvm_host.h                   |  723 +---
 arch/s390/include/asm/kvm_host_s390.h              |  729 ++++
 arch/s390/include/asm/kvm_host_s390_types.h        |  349 ++
 arch/s390/include/asm/kvm_host_types.h             |  347 +-
 arch/s390/include/asm/nmi.h                        |    3 +
 arch/s390/kernel/nmi.c                             |    5 +-
 arch/s390/kvm/Makefile                             |   11 +-
 arch/s390/kvm/gmap/Makefile                        |    5 +
 arch/s390/kvm/{ => gmap}/dat.c                     |   17 +-
 arch/s390/kvm/{ => gmap}/dat.h                     |   21 +-
 arch/s390/kvm/{ => gmap}/faultin.c                 |    3 +-
 arch/s390/kvm/{ => gmap}/faultin.h                 |    6 +-
 arch/s390/kvm/{ => gmap}/gmap.c                    |   19 +-
 arch/s390/kvm/{ => gmap}/gmap.h                    |   25 +-
 arch/s390/kvm/gmap/kvm_mmu.c                       |  133 +
 arch/s390/kvm/gmap/kvm_mmu.h                       |   18 +
 arch/s390/kvm/gmap/trace_gmap.h                    |   47 +
 arch/s390/kvm/s390/Makefile                        |   14 +
 arch/s390/kvm/{ => s390}/diag.c                    |   21 +-
 arch/s390/kvm/{ => s390}/gaccess.c                 |    2 +-
 arch/s390/kvm/{ => s390}/gaccess.h                 |    2 +-
 arch/s390/kvm/{ => s390}/guestdbg.c                |   11 +-
 arch/s390/kvm/{ => s390}/intercept.c               |    2 +-
 arch/s390/kvm/{ => s390}/interrupt.c               |  109 +-
 arch/s390/kvm/{ => s390}/pci.c                     |    2 +-
 arch/s390/kvm/{ => s390}/pci.h                     |    0
 arch/s390/kvm/{ => s390}/priv.c                    |    2 +-
 arch/s390/kvm/{ => s390}/pv.c                      |    6 +-
 arch/s390/kvm/{kvm-s390.c => s390/s390.c}          |  159 +-
 arch/s390/kvm/{kvm-s390.h => s390/s390.h}          |   10 +-
 arch/s390/kvm/{ => s390}/sigp.c                    |    2 +-
 arch/s390/kvm/{ => s390}/trace-s390.h              |    0
 arch/s390/kvm/{ => s390}/trace.h                   |   40 +-
 arch/s390/kvm/{ => s390}/vsie.c                    |   22 +-
 arch/s390/tools/gen_facilities.c                   |   14 +-
 arch/x86/Kconfig                                   |    1 +
 arch/x86/include/asm/cpufeatures.h                 |   10 +
 arch/x86/include/asm/kvm-x86-nested-ops.h          |   36 +
 arch/x86/include/asm/kvm-x86-ops.h                 |   17 +-
 arch/x86/include/asm/kvm_host.h                    |  880 +----
 arch/x86/kernel/setup.c                            |   14 +-
 arch/x86/kvm/Kconfig                               |    3 +-
 arch/x86/kvm/Makefile                              |    4 +-
 arch/x86/kvm/cpuid.c                               |   39 +-
 arch/x86/kvm/emulate.c                             |   49 +-
 arch/x86/kvm/fpu.h                                 |   26 +
 arch/x86/kvm/hyperv.c                              |  102 +-
 arch/x86/kvm/hyperv.h                              |  120 +-
 arch/x86/kvm/ioapic.c                              |    1 +
 arch/x86/kvm/ioapic.h                              |   12 +
 arch/x86/kvm/irq.c                                 |    7 +
 arch/x86/kvm/irq.h                                 |   26 +
 arch/x86/kvm/lapic.c                               |   13 +-
 arch/x86/kvm/lapic.h                               |   41 +
 arch/x86/kvm/mmu.h                                 |  126 +-
 arch/x86/kvm/mmu/mmu.c                             |  675 ++--
 arch/x86/kvm/mmu/mmu_internal.h                    |   66 -
 arch/x86/kvm/mmu/paging_tmpl.h                     |   90 +-
 arch/x86/kvm/mmu/spte.c                            |    4 +-
 arch/x86/kvm/mmu/spte.h                            |   69 +-
 arch/x86/kvm/mmu/tdp_iter.h                        |    7 +
 arch/x86/kvm/mmu/tdp_mmu.c                         |   23 +-
 arch/x86/kvm/msrs.c                                | 2728 ++++++++++++++
 arch/x86/kvm/msrs.h                                |  155 +
 arch/x86/kvm/mtrr.c                                |    2 +-
 arch/x86/kvm/pmu.c                                 |   24 +-
 arch/x86/kvm/pmu.h                                 |    4 +-
 arch/x86/kvm/regs.c                                |  875 +++++
 arch/x86/kvm/regs.h                                |   98 +
 arch/x86/kvm/smm.c                                 |    4 +
 arch/x86/kvm/svm/avic.c                            |   96 +-
 arch/x86/kvm/svm/nested.c                          |   35 +-
 arch/x86/kvm/svm/sev.c                             |  242 +-
 arch/x86/kvm/svm/svm.c                             |  116 +-
 arch/x86/kvm/svm/svm.h                             |   24 +-
 arch/x86/kvm/tss.h                                 |   14 +
 arch/x86/kvm/vmx/main.c                            |   24 +-
 arch/x86/kvm/vmx/nested.c                          |  105 +-
 arch/x86/kvm/vmx/nested.h                          |    6 +-
 arch/x86/kvm/vmx/pmu_intel.c                       |    1 -
 arch/x86/kvm/vmx/tdx.c                             |   16 +-
 arch/x86/kvm/vmx/vmx.c                             |  219 +-
 arch/x86/kvm/vmx/x86_ops.h                         |    4 +-
 arch/x86/kvm/x86.c                                 | 3895 +-------------------
 arch/x86/kvm/x86.h                                 |  472 ++-
 arch/x86/kvm/xen.c                                 |   73 +-
 arch/x86/kvm/xen.h                                 |   13 -
 drivers/accessibility/speakup/fakekey.c            |    4 +-
 drivers/accessibility/speakup/genmap.c             |    3 +-
 drivers/accessibility/speakup/i18n.c               |    2 +-
 drivers/accessibility/speakup/keyhelp.c            |   27 +-
 drivers/accessibility/speakup/kobjects.c           |   14 +-
 drivers/accessibility/speakup/main.c               |   75 +-
 drivers/accessibility/speakup/selection.c          |    2 +-
 drivers/accessibility/speakup/speakup.h            |   10 +-
 drivers/accessibility/speakup/speakup_acnt.h       |    3 +
 drivers/accessibility/speakup/speakup_decpc.c      |    2 +-
 drivers/accessibility/speakup/speakup_dtlk.h       |    5 +-
 drivers/accessibility/speakup/speakup_soft.c       |    5 +-
 drivers/accessibility/speakup/spk_types.h          |    2 +-
 drivers/accessibility/speakup/synth.c              |    4 +-
 drivers/accessibility/speakup/utils.h              |    2 +-
 drivers/android/Kconfig                            |    2 +-
 drivers/android/binder/allocation.rs               |    4 +-
 drivers/android/binder/debug.rs                    |   76 +
 drivers/android/binder/defs.rs                     |    8 +-
 drivers/android/binder/freeze.rs                   |  125 +-
 drivers/android/binder/netlink.rs                  |  117 +
 drivers/android/binder/node.rs                     |   87 +-
 drivers/android/binder/node/wrapper.rs             |    2 +-
 drivers/android/binder/page_range.rs               |    8 +-
 drivers/android/binder/process.rs                  |  226 +-
 drivers/android/binder/rust_binder_main.rs         |   39 +-
 drivers/android/binder/rust_binderfs.c             |    3 +
 drivers/android/binder/thread.rs                   |  296 +-
 drivers/android/binder/trace.rs                    |    4 +-
 drivers/android/binder/transaction.rs              |  131 +-
 drivers/base/cacheinfo.c                           |    9 +-
 drivers/block/ublk_drv.c                           |   22 +-
 drivers/bus/mhi/ep/main.c                          |   56 +-
 drivers/bus/mhi/host/init.c                        |    4 +-
 drivers/bus/mhi/host/main.c                        |    6 +
 drivers/bus/mhi/host/pci_generic.c                 |    5 +
 drivers/bus/mhi/host/pm.c                          |   71 +-
 drivers/cdx/cdx.c                                  |    7 +-
 drivers/char/powernv-op-panel.c                    |    2 -
 drivers/char/ppdev.c                               |   10 +-
 drivers/char/tlclk.c                               |   36 +-
 drivers/char/tpm/st33zp24/st33zp24.c               |    5 +-
 drivers/char/tpm/tpm_i2c_nuvoton.c                 |    2 -
 drivers/char/tpm/tpm_tis_i2c_cr50.c                |    4 +-
 drivers/char/virtio_console.c                      |  196 +-
 drivers/char/xilinx_hwicap/xilinx_hwicap.c         |    5 +-
 drivers/char/xillybus/xillybus_of.c                |    5 +-
 drivers/char/xillybus/xillybus_pcie.c              |    5 +-
 drivers/comedi/drivers/aio_iiro_16.c               |    3 +
 drivers/comedi/drivers/c6xdigio.c                  |    6 +-
 drivers/comedi/drivers/das6402.c                   |   10 +-
 drivers/comedi/drivers/dt2811.c                    |    7 +-
 drivers/comedi/drivers/ni_at_a2150.c               |   13 +-
 drivers/comedi/drivers/ni_atmio.c                  |   14 +-
 drivers/comedi/drivers/ni_atmio16d.c               |    3 +
 drivers/comedi/drivers/ni_pcimio.c                 |    5 +-
 drivers/comedi/drivers/pcl711.c                    |    3 +-
 drivers/comedi/drivers/pcl816.c                    |    3 +-
 drivers/comedi/drivers/pcl818.c                    |    3 +-
 drivers/comedi/drivers/pcmmio.c                    |    3 +
 drivers/comedi/drivers/pcmuio.c                    |    5 +-
 drivers/comedi/drivers/quatech_daqp_cs.c           |    4 +-
 drivers/counter/stm32-timer-cnt.c                  |   10 +-
 drivers/counter/ti-ecap-capture.c                  |    2 +-
 drivers/counter/ti-eqep.c                          |    2 +-
 drivers/eisa/eisa-bus.c                            |    3 +-
 drivers/extcon/extcon-adc-jack.c                   |    1 +
 drivers/firmware/stratix10-rsu.c                   |  421 ++-
 drivers/firmware/stratix10-svc.c                   |  139 +-
 drivers/firmware/xilinx/zynqmp.c                   |   93 +
 drivers/fpga/altera-cvp.c                          |   10 +-
 drivers/fpga/dfl-fme-perf.c                        |    2 +
 drivers/fpga/stratix10-soc.c                       |   21 +-
 drivers/fpga/xilinx-pr-decoupler.c                 |   20 +-
 drivers/fpga/zynq-fpga.c                           |    1 -
 drivers/gpib/agilent_82350b/agilent_82350b.c       |    9 +-
 drivers/gpib/cb7210/cb7210.c                       |    8 +-
 drivers/gpib/cec/cec_gpib.c                        |    4 +-
 drivers/gpib/common/gpib_os.c                      |   21 +-
 drivers/gpib/common/iblib.c                        |    3 -
 drivers/gpib/fmh_gpib/fmh_gpib.c                   |    2 +-
 drivers/gpib/hp_82341/hp_82341.c                   |    4 +-
 drivers/gpib/include/amccs5933.h                   |   10 +-
 drivers/gpib/ines/ines_gpib.c                      |   21 +-
 drivers/gpib/lpvo_usb_gpib/lpvo_usb_gpib.c         |   13 +-
 drivers/gpib/tnt4882/mite.h                        |    4 +-
 drivers/gpib/tnt4882/tnt4882_gpib.c                |    4 +-
 drivers/greybus/manifest.c                         |    2 +
 drivers/hwmon/Kconfig                              |   12 +-
 drivers/hwmon/Makefile                             |    1 +
 drivers/hwmon/iio_hwmon.c                          |    1 +
 drivers/hwmon/ntc_thermistor.c                     |    1 +
 drivers/hwmon/sbtsi_temp.c                         |  152 +-
 drivers/hwmon/socfpga-hwmon.c                      |  579 +++
 drivers/hwspinlock/hwspinlock_core.c               |    2 +-
 .../hwtracing/coresight/coresight-etm3x-sysfs.c    |   15 +-
 drivers/hwtracing/coresight/coresight-etm4x-cfg.c  |    2 +-
 drivers/hwtracing/coresight/coresight-etm4x-core.c |   59 +-
 .../hwtracing/coresight/coresight-etm4x-sysfs.c    |    6 +-
 drivers/hwtracing/coresight/coresight-etm4x.h      |   12 +-
 drivers/hwtracing/ptt/hisi_ptt.c                   |   25 +-
 drivers/iio/Kconfig                                |    1 +
 drivers/iio/Makefile                               |    1 +
 drivers/iio/TODO                                   |   13 +-
 drivers/iio/accel/adxl345_spi.c                    |    4 +-
 drivers/iio/accel/adxl355_core.c                   |    3 +-
 drivers/iio/accel/adxl355_spi.c                    |    4 +-
 drivers/iio/accel/adxl367.c                        |    2 +-
 drivers/iio/accel/adxl367_spi.c                    |    2 +-
 drivers/iio/accel/adxl372_spi.c                    |    4 +-
 drivers/iio/accel/adxl380_spi.c                    |    8 +-
 drivers/iio/accel/bma180.c                         |    4 +-
 drivers/iio/accel/bma220_core.c                    |    3 +-
 drivers/iio/accel/bma220_spi.c                     |    2 +-
 drivers/iio/accel/bma400_core.c                    |    3 +-
 drivers/iio/accel/bma400_spi.c                     |    2 +-
 drivers/iio/accel/bmc150-accel-core.c              |    6 +-
 drivers/iio/accel/bmc150-accel-spi.c               |   18 +-
 drivers/iio/accel/bmi088-accel-spi.c               |    6 +-
 drivers/iio/accel/dmard09.c                        |    7 +
 drivers/iio/accel/fxls8962af-core.c                |    2 +
 drivers/iio/accel/fxls8962af-spi.c                 |    4 +-
 drivers/iio/accel/hid-sensor-accel-3d.c            |   68 +-
 drivers/iio/accel/kionix-kx022a.c                  |    2 +-
 drivers/iio/accel/kxsd9-spi.c                      |    2 +-
 drivers/iio/accel/mma7455_spi.c                    |    4 +-
 drivers/iio/accel/mma9551.c                        |    4 +-
 drivers/iio/accel/mma9553.c                        |    5 +-
 drivers/iio/accel/msa311.c                         |    2 +-
 drivers/iio/accel/mxc4005.c                        |    5 +-
 drivers/iio/accel/sca3000.c                        |    8 +-
 drivers/iio/accel/sca3300.c                        |    4 +-
 drivers/iio/accel/st_accel_spi.c                   |   40 +-
 drivers/iio/accel/stk8312.c                        |   17 +-
 drivers/iio/accel/stk8ba50.c                       |   14 +-
 drivers/iio/adc/88pm886-gpadc.c                    |    2 +-
 drivers/iio/adc/Kconfig                            |   80 +-
 drivers/iio/adc/Makefile                           |    6 +
 drivers/iio/adc/ad4000.c                           |   62 +-
 drivers/iio/adc/ad4030.c                           |   14 +-
 drivers/iio/adc/ad4080.c                           |   45 +-
 drivers/iio/adc/ad4130.c                           |   12 +-
 drivers/iio/adc/ad4134.c                           |    2 +-
 drivers/iio/adc/ad4170-4.c                         |    6 +-
 drivers/iio/adc/ad4851.c                           |   18 +-
 drivers/iio/adc/ad7091r8.c                         |    6 +-
 drivers/iio/adc/ad7124.c                           |    4 +-
 drivers/iio/adc/ad7173.c                           |   26 +-
 drivers/iio/adc/ad7191.c                           |    2 +-
 drivers/iio/adc/ad7192.c                           |   10 +-
 drivers/iio/adc/ad7266.c                           |    4 +-
 drivers/iio/adc/ad7280a.c                          |    2 +-
 drivers/iio/adc/ad7292.c                           |    2 +-
 drivers/iio/adc/ad7298.c                           |    2 +-
 drivers/iio/adc/ad7380.c                           |   36 +-
 drivers/iio/adc/ad7476.c                           |   60 +-
 drivers/iio/adc/ad7606_spi.c                       |   22 +-
 drivers/iio/adc/ad7766.c                           |   12 +-
 drivers/iio/adc/ad7768-1.c                         |    8 +-
 drivers/iio/adc/ad7779.c                           |    6 +-
 drivers/iio/adc/ad7780.c                           |    8 +-
 drivers/iio/adc/ad7791.c                           |   10 +-
 drivers/iio/adc/ad7793.c                           |   18 +-
 drivers/iio/adc/ad7887.c                           |    2 +-
 drivers/iio/adc/ad7923.c                           |   14 +-
 drivers/iio/adc/ad7944.c                           |    6 +-
 drivers/iio/adc/ad7949.c                           |    6 +-
 drivers/iio/adc/ad9467.c                           |   14 +-
 drivers/iio/adc/ade9000.c                          |    4 +-
 drivers/iio/adc/adi-axi-adc.c                      |   30 +
 drivers/iio/adc/at91_adc.c                         |    4 +-
 drivers/iio/adc/envelope-detector.c                |    1 +
 drivers/iio/adc/hi8435.c                           |    2 +-
 drivers/iio/adc/hx711.c                            |   98 +-
 drivers/iio/adc/ltc2378.c                          |  857 +++++
 drivers/iio/adc/max1027.c                          |   12 +-
 drivers/iio/adc/max1118.c                          |    6 +-
 drivers/iio/adc/max11205.c                         |    4 +-
 drivers/iio/adc/max11410.c                         |    2 +-
 drivers/iio/adc/max1241.c                          |    9 +-
 drivers/iio/adc/max14001.c                         |    4 +-
 drivers/iio/adc/mcp320x.c                          |   26 +-
 drivers/iio/adc/mcp3564.c                          |   24 +-
 drivers/iio/adc/mcp3911.c                          |   14 +-
 drivers/iio/adc/mt6323-auxadc.c                    |  313 ++
 drivers/iio/adc/pac1921.c                          |    2 +-
 drivers/iio/adc/rcar-gyroadc.c                     |   14 +-
 drivers/iio/adc/rohm-bd79112.c                     |    2 +-
 drivers/iio/adc/rtq6056.c                          |    4 +-
 drivers/iio/adc/stm32-dfsdm-adc.c                  |   12 +-
 drivers/iio/adc/ti-adc081c.c                       |    6 +-
 drivers/iio/adc/ti-adc0832.c                       |    8 +-
 drivers/iio/adc/ti-adc084s021.c                    |    8 +-
 drivers/iio/adc/ti-adc108s102.c                    |    2 +-
 drivers/iio/adc/ti-adc12138.c                      |    6 +-
 drivers/iio/adc/ti-adc128s052.c                    |   24 +-
 drivers/iio/adc/ti-adc161s626.c                    |    4 +-
 drivers/iio/adc/ti-ads1015.c                       |   46 +-
 drivers/iio/adc/ti-ads1018.c                       |    4 +-
 drivers/iio/adc/ti-ads112c14.c                     | 1454 ++++++++
 drivers/iio/adc/ti-ads124s08.c                     |    4 +-
 drivers/iio/adc/ti-ads1298.c                       |    2 +-
 drivers/iio/adc/ti-ads131e08.c                     |    6 +-
 drivers/iio/adc/ti-ads131m02.c                     |   10 +-
 drivers/iio/adc/ti-ads7138.c                       |   42 +-
 drivers/iio/adc/ti-ads7950.c                       |   24 +-
 drivers/iio/adc/ti-ads8688.c                       |    4 +-
 drivers/iio/adc/ti-lmp92064.c                      |    2 +-
 drivers/iio/adc/ti-tlc4541.c                       |    4 +-
 drivers/iio/adc/ti-tsc2046.c                       |   25 +-
 drivers/iio/adc/versal-sysmon-core.c               | 1052 ++++++
 drivers/iio/adc/versal-sysmon-i2c.c                |  134 +
 drivers/iio/adc/versal-sysmon.c                    |   92 +
 drivers/iio/adc/versal-sysmon.h                    |  120 +
 drivers/iio/addac/ad74115.c                        |    2 +-
 drivers/iio/addac/ad74413r.c                       |    2 +-
 drivers/iio/afe/iio-rescale.c                      |    1 +
 drivers/iio/amplifiers/ad8366.c                    |   26 +-
 drivers/iio/amplifiers/ada4250.c                   |    2 +-
 drivers/iio/buffer/industrialio-buffer-cb.c        |    1 +
 drivers/iio/buffer/industrialio-buffer-dmaengine.c |   42 +-
 drivers/iio/buffer/industrialio-hw-consumer.c      |    1 +
 drivers/iio/chemical/atlas-sensor.c                |   19 +-
 drivers/iio/chemical/bme680_i2c.c                  |    7 +-
 drivers/iio/chemical/bme680_spi.c                  |    9 +-
 drivers/iio/chemical/ccs811.c                      |    4 +-
 drivers/iio/chemical/ens160_core.c                 |    2 +-
 drivers/iio/chemical/ens160_spi.c                  |    2 +-
 drivers/iio/chemical/scd30_core.c                  |   12 +-
 drivers/iio/chemical/scd30_i2c.c                   |    4 +-
 drivers/iio/chemical/scd30_serial.c                |    4 +-
 drivers/iio/chemical/sgp30.c                       |    3 +
 drivers/iio/chemical/sps30_i2c.c                   |    4 +-
 drivers/iio/chemical/sps30_serial.c                |    4 +-
 .../iio/common/hid-sensors/hid-sensor-attributes.c |   81 +-
 .../iio/common/hid-sensors/hid-sensor-trigger.c    |    7 +-
 .../iio/common/hid-sensors/hid-sensor-trigger.h    |    2 +-
 .../iio/common/inv_sensors/inv_sensors_timestamp.c |  107 +-
 drivers/iio/common/st_sensors/st_sensors_trigger.c |    4 +-
 drivers/iio/dac/Kconfig                            |   62 +-
 drivers/iio/dac/Makefile                           |    2 +
 drivers/iio/dac/ad3530r.c                          |  359 +-
 drivers/iio/dac/ad3552r-hs.c                       |    2 +-
 drivers/iio/dac/ad5064.c                           |   32 +-
 drivers/iio/dac/ad5360.c                           |   16 +-
 drivers/iio/dac/ad5380.c                           |   32 +-
 drivers/iio/dac/ad5446-i2c.c                       |    2 +-
 drivers/iio/dac/ad5446-spi.c                       |   62 +-
 drivers/iio/dac/ad5449.c                           |   14 +-
 drivers/iio/dac/ad5504.c                           |    4 +-
 drivers/iio/dac/ad5624r_spi.c                      |   12 +-
 drivers/iio/dac/ad5686-spi.c                       |  163 +-
 drivers/iio/dac/ad5686.c                           |  311 +-
 drivers/iio/dac/ad5686.h                           |   63 +-
 drivers/iio/dac/ad5696-i2c.c                       |   32 +-
 drivers/iio/dac/ad5706r.c                          |    2 +-
 drivers/iio/dac/ad5755.c                           |   10 +-
 drivers/iio/dac/ad5758.c                           |    2 +-
 drivers/iio/dac/ad5761.c                           |    8 +-
 drivers/iio/dac/ad5764.c                           |    8 +-
 drivers/iio/dac/ad5766.c                           |    4 +-
 drivers/iio/dac/ad5770r.c                          |    2 +-
 drivers/iio/dac/ad5791.c                           |   10 +-
 drivers/iio/dac/ad7293.c                           |    2 +-
 drivers/iio/dac/ad7303.c                           |    2 +-
 drivers/iio/dac/ad8460.c                           |    1 +
 drivers/iio/dac/ad8801.c                           |    4 +-
 drivers/iio/dac/ad9739a.c                          |    2 +-
 drivers/iio/dac/dpot-dac.c                         |    1 +
 drivers/iio/dac/ltc1660.c                          |    4 +-
 drivers/iio/dac/ltc2632.c                          |   44 +-
 drivers/iio/dac/ltc2664.c                          |    4 +-
 drivers/iio/dac/ltc2688.c                          |    2 +-
 drivers/iio/dac/m62332.c                           |   17 +-
 drivers/iio/dac/max22007.c                         |    2 +-
 drivers/iio/dac/max5522.c                          |   31 +-
 drivers/iio/dac/mcf54415_dac.c                     |  180 +
 drivers/iio/dac/mcp47a1.c                          |  166 +
 drivers/iio/dac/mcp4821.c                          |   12 +-
 drivers/iio/dac/mcp4922.c                          |    8 +-
 drivers/iio/dac/rohm-bd79703.c                     |    8 +-
 drivers/iio/dac/ti-dac082s085.c                    |   12 +-
 drivers/iio/dac/ti-dac7311.c                       |    6 +-
 drivers/iio/dac/ti-dac7612.c                       |    2 +-
 drivers/iio/filter/admv8818.c                      |    2 +-
 drivers/iio/flow/Kconfig                           |   22 +
 drivers/iio/flow/Makefile                          |    7 +
 drivers/iio/flow/slf3s.c                           |  542 +++
 drivers/iio/frequency/Kconfig                      |   10 +
 drivers/iio/frequency/Makefile                     |    1 +
 drivers/iio/frequency/ad9523.c                     |    3 +-
 drivers/iio/frequency/adf41513.c                   | 1246 +++++++
 drivers/iio/frequency/adf4350.c                    |    4 +-
 drivers/iio/frequency/adf4371.c                    |    4 +-
 drivers/iio/frequency/adf4377.c                    |   85 +-
 drivers/iio/frequency/admv1013.c                   |    2 +-
 drivers/iio/frequency/admv1014.c                   |    2 +-
 drivers/iio/frequency/adrf6780.c                   |    2 +-
 drivers/iio/gyro/adis16080.c                       |    4 +-
 drivers/iio/gyro/adis16136.c                       |    8 +-
 drivers/iio/gyro/adis16260.c                       |   12 +-
 drivers/iio/gyro/adxrs290.c                        |    5 +-
 drivers/iio/gyro/adxrs450.c                        |    4 +-
 drivers/iio/gyro/bmg160_spi.c                      |    7 +-
 drivers/iio/gyro/fxas21002c_spi.c                  |    2 +-
 drivers/iio/gyro/hid-sensor-gyro-3d.c              |   57 +-
 drivers/iio/gyro/mpu3050-core.c                    |    2 +-
 drivers/iio/gyro/st_gyro_spi.c                     |   18 +-
 drivers/iio/health/afe4403.c                       |    6 +-
 drivers/iio/health/afe4404.c                       |    4 +-
 drivers/iio/health/max30100.c                      |    4 +-
 drivers/iio/health/max30102.c                      |    4 +-
 drivers/iio/humidity/hdc3020.c                     |    3 +-
 drivers/iio/humidity/hid-sensor-humidity.c         |   35 +-
 drivers/iio/humidity/hts221_buffer.c               |    5 +-
 drivers/iio/humidity/hts221_spi.c                  |    2 +-
 drivers/iio/iio_core_trigger.h                     |    2 +-
 drivers/iio/imu/Kconfig                            |    1 +
 drivers/iio/imu/Makefile                           |    1 +
 drivers/iio/imu/adis16400.c                        |   30 +-
 drivers/iio/imu/adis16460.c                        |    2 +-
 drivers/iio/imu/adis16475.c                        |   54 +-
 drivers/iio/imu/adis16480.c                        |   44 +-
 drivers/iio/imu/adis16550.c                        |   89 +-
 drivers/iio/imu/bmi160/bmi160_core.c               |    2 +-
 drivers/iio/imu/bmi160/bmi160_spi.c                |    4 +-
 drivers/iio/imu/bmi270/bmi270_core.c               |    2 +-
 drivers/iio/imu/bmi270/bmi270_spi.c                |    5 +-
 drivers/iio/imu/bmi323/bmi323_core.c               |    4 +-
 drivers/iio/imu/bmi323/bmi323_spi.c                |    2 +-
 drivers/iio/imu/fxos8700_core.c                    |    2 +-
 drivers/iio/imu/fxos8700_spi.c                     |    2 +-
 drivers/iio/imu/inv_icm42600/inv_icm42600.h        |   10 +-
 drivers/iio/imu/inv_icm42600/inv_icm42600_accel.c  |   18 +-
 drivers/iio/imu/inv_icm42600/inv_icm42600_buffer.c |   45 +-
 drivers/iio/imu/inv_icm42600/inv_icm42600_buffer.h |    3 +-
 drivers/iio/imu/inv_icm42600/inv_icm42600_core.c   |   12 +-
 drivers/iio/imu/inv_icm42600/inv_icm42600_gyro.c   |   16 +-
 drivers/iio/imu/inv_icm42600/inv_icm42600_i2c.c    |    6 +-
 drivers/iio/imu/inv_icm42600/inv_icm42600_spi.c    |   20 +-
 drivers/iio/imu/inv_icm42600/inv_icm42600_temp.c   |    3 +-
 drivers/iio/imu/inv_icm42607/Kconfig               |   30 +
 drivers/iio/imu/inv_icm42607/Makefile              |   13 +
 drivers/iio/imu/inv_icm42607/inv_icm42607.h        |  421 +++
 drivers/iio/imu/inv_icm42607/inv_icm42607_accel.c  |  316 ++
 drivers/iio/imu/inv_icm42607/inv_icm42607_core.c   |  702 ++++
 drivers/iio/imu/inv_icm42607/inv_icm42607_gyro.c   |  313 ++
 drivers/iio/imu/inv_icm42607/inv_icm42607_i2c.c    |   97 +
 drivers/iio/imu/inv_icm42607/inv_icm42607_spi.c    |  107 +
 drivers/iio/imu/inv_icm42607/inv_icm42607_temp.c   |   99 +
 drivers/iio/imu/inv_icm42607/inv_icm42607_temp.h   |   38 +
 drivers/iio/imu/inv_icm45600/inv_icm45600.h        |    2 +-
 drivers/iio/imu/inv_icm45600/inv_icm45600_buffer.c |    7 +-
 drivers/iio/imu/inv_icm45600/inv_icm45600_core.c   |    2 +-
 drivers/iio/imu/inv_icm45600/inv_icm45600_i2c.c    |    2 +-
 drivers/iio/imu/inv_icm45600/inv_icm45600_spi.c    |   16 +-
 drivers/iio/imu/inv_mpu6050/inv_mpu_magn.c         |    4 +-
 drivers/iio/imu/inv_mpu6050/inv_mpu_spi.c          |   34 +-
 drivers/iio/imu/smi240.c                           |    2 +-
 drivers/iio/imu/st_lsm6dsx/st_lsm6dsx_core.c       |    5 +-
 drivers/iio/imu/st_lsm6dsx/st_lsm6dsx_fusion.c     |    5 +
 drivers/iio/imu/st_lsm6dsx/st_lsm6dsx_spi.c        |   48 +-
 drivers/iio/imu/st_lsm9ds0/st_lsm9ds0_spi.c        |    4 +-
 drivers/iio/industrialio-backend.c                 |    8 +-
 drivers/iio/industrialio-buffer.c                  |   38 +-
 drivers/iio/industrialio-core.c                    |   52 +-
 drivers/iio/inkern.c                               |   54 +-
 drivers/iio/light/adux1020.c                       |    4 +-
 drivers/iio/light/apds9160.c                       |    7 +-
 drivers/iio/light/apds9300.c                       |    4 +-
 drivers/iio/light/apds9306.c                       |   11 +-
 drivers/iio/light/apds9960.c                       |    4 +-
 drivers/iio/light/bh1745.c                         |    3 +-
 drivers/iio/light/cm32181.c                        |    2 +-
 drivers/iio/light/cm3323.c                         |   17 +-
 drivers/iio/light/cm3605.c                         |    5 +-
 drivers/iio/light/gp2ap002.c                       |   29 +-
 drivers/iio/light/hid-sensor-als.c                 |   74 +-
 drivers/iio/light/hid-sensor-prox.c                |   49 +-
 drivers/iio/light/isl29028.c                       |   22 +-
 drivers/iio/light/ltr390.c                         |    3 +-
 drivers/iio/light/ltr501.c                         |    5 +-
 drivers/iio/light/ltrf216a.c                       |    3 +-
 drivers/iio/light/opt3001.c                        |  543 +--
 drivers/iio/light/opt4001.c                        |   37 +-
 drivers/iio/light/opt4060.c                        |   11 +-
 drivers/iio/light/rpr0521.c                        |   10 +-
 drivers/iio/light/si1145.c                         |    4 +-
 drivers/iio/light/st_uvis25_core.c                 |    5 +-
 drivers/iio/light/st_uvis25_spi.c                  |    2 +-
 drivers/iio/light/stk3310.c                        |    5 +-
 drivers/iio/light/tcs3472.c                        |  317 +-
 drivers/iio/light/tsl2563.c                        |    2 +-
 drivers/iio/light/tsl2583.c                        |   44 +-
 drivers/iio/light/tsl2772.c                        |    7 +-
 drivers/iio/light/vcnl4000.c                       |   16 +-
 drivers/iio/light/vcnl4035.c                       |   23 +-
 drivers/iio/light/veml6030.c                       |    4 +-
 drivers/iio/light/vl6180.c                         |    2 +-
 drivers/iio/magnetometer/Kconfig                   |   22 +
 drivers/iio/magnetometer/Makefile                  |    3 +
 drivers/iio/magnetometer/ak8974.c                  |   11 +-
 drivers/iio/magnetometer/bmc150_magn.c             |   50 +-
 drivers/iio/magnetometer/bmc150_magn_spi.c         |    6 +-
 drivers/iio/magnetometer/hid-sensor-magn-3d.c      |   73 +-
 drivers/iio/magnetometer/hmc5843_spi.c             |    6 +-
 drivers/iio/magnetometer/mmc5983.c                 |    2 +-
 drivers/iio/magnetometer/qmc5883l.c                |  516 +++
 drivers/iio/magnetometer/qmc6308.c                 |  601 +++
 drivers/iio/magnetometer/rm3100-core.c             |    4 +-
 drivers/iio/magnetometer/st_magn_spi.c             |   12 +-
 drivers/iio/multiplexer/iio-mux.c                  |    1 +
 drivers/iio/orientation/hid-sensor-incl-3d.c       |   55 +-
 drivers/iio/orientation/hid-sensor-rotation.c      |   48 +-
 .../iio/position/hid-sensor-custom-intel-hinge.c   |   19 +-
 drivers/iio/potentiometer/max5481.c                |    8 +-
 drivers/iio/potentiometer/max5487.c                |    6 +-
 drivers/iio/potentiometer/mcp41010.c               |   12 +-
 drivers/iio/potentiometer/mcp4131.c                |  128 +-
 drivers/iio/potentiometer/x9250.c                  |    4 +-
 drivers/iio/potentiostat/lmp91000.c                |    1 +
 drivers/iio/pressure/abp2030pa.c                   |    1 -
 drivers/iio/pressure/abp2030pa_spi.c               |    2 +-
 drivers/iio/pressure/bmp280-core.c                 |   34 +-
 drivers/iio/pressure/bmp280-spi.c                  |   14 +-
 drivers/iio/pressure/dlhl60d.c                     |    4 +-
 drivers/iio/pressure/dps310.c                      |    3 +-
 drivers/iio/pressure/hid-sensor-press.c            |   57 +-
 drivers/iio/pressure/hsc030pa_spi.c                |    2 +-
 drivers/iio/pressure/mpl115.c                      |   11 +-
 drivers/iio/pressure/mpl115_spi.c                  |    2 +-
 drivers/iio/pressure/mprls0025pa_spi.c             |    2 +-
 drivers/iio/pressure/ms5611_spi.c                  |    4 +-
 drivers/iio/pressure/rohm-bm1390.c                 |   25 +-
 drivers/iio/pressure/st_pressure_spi.c             |   24 +-
 drivers/iio/pressure/zpa2326.c                     |    5 +-
 drivers/iio/pressure/zpa2326_spi.c                 |    2 +-
 drivers/iio/proximity/as3935.c                     |    6 +-
 drivers/iio/proximity/d3323aa.c                    |    2 +-
 drivers/iio/proximity/hx9023s.c                    |    2 +-
 drivers/iio/proximity/irsd200.c                    |    2 +-
 drivers/iio/proximity/mb1232.c                     |    4 +-
 drivers/iio/proximity/srf04.c                      |    5 +-
 drivers/iio/proximity/sx_common.c                  |    2 +-
 drivers/iio/proximity/vcnl3020.c                   |    6 +-
 drivers/iio/proximity/vl53l0x-i2c.c                |    4 +-
 drivers/iio/proximity/vl53l1x-i2c.c                |   43 +-
 drivers/iio/resolver/ad2s1200.c                    |   20 +-
 drivers/iio/resolver/ad2s1210.c                    |   32 +-
 drivers/iio/resolver/ad2s90.c                      |    2 +-
 drivers/iio/temperature/hid-sensor-temperature.c   |   37 +-
 drivers/iio/temperature/ltc2983.c                  |   12 +-
 drivers/iio/temperature/max31856.c                 |    2 +-
 drivers/iio/temperature/max31865.c                 |    2 +-
 drivers/iio/temperature/maxim_thermocouple.c       |   18 +-
 drivers/iio/temperature/tmp007.c                   |    4 +-
 drivers/iio/temperature/tmp117.c                   |   13 +
 drivers/iio/test/iio-test-format.c                 |   97 +-
 drivers/iio/test/iio-test-rescale.c                |    2 +-
 drivers/input/joystick/adc-joystick.c              |    1 +
 drivers/input/keyboard/adc-keys.c                  |    1 +
 drivers/input/touchscreen/colibri-vf50-ts.c        |    1 +
 drivers/input/touchscreen/resistive-adc-touch.c    |    1 +
 drivers/interconnect/core.c                        |    7 +-
 drivers/interconnect/debugfs-client.c              |    2 +
 drivers/interconnect/qcom/Kconfig                  |   12 +-
 drivers/interconnect/qcom/Makefile                 |    2 +
 drivers/interconnect/qcom/icc-rpm.c                |    7 +-
 drivers/interconnect/qcom/icc-rpm.h                |    8 +-
 drivers/interconnect/qcom/maili.c                  | 2091 +++++++++++
 drivers/interconnect/qcom/osm-l3.c                 |   16 +-
 drivers/interconnect/qcom/sc8280xp.c               |  356 ++
 drivers/interconnect/qcom/x1e80100.c               |  485 +++
 drivers/ipack/devices/ipoctal.c                    |   60 +-
 drivers/media/usb/as102/as102_usb_drv.c            |   75 +-
 drivers/misc/Kconfig                               |   67 +-
 drivers/misc/Makefile                              |    5 +-
 drivers/misc/ad525x_dpot-i2c.c                     |   53 +-
 drivers/misc/ad525x_dpot-spi.c                     |   59 +-
 drivers/misc/ad525x_dpot.c                         |  177 +-
 drivers/misc/ad525x_dpot.h                         |    3 +
 drivers/misc/amd-sbi/Kconfig                       |   13 +
 drivers/misc/amd-sbi/Makefile                      |    3 +
 drivers/misc/amd-sbi/rmi-core.c                    |    4 +
 drivers/misc/amd-sbi/rmi-i2c.c                     |    6 +-
 drivers/misc/amd-sbi/tsi-core.c                    |  207 ++
 drivers/misc/amd-sbi/tsi-core.h                    |   29 +
 drivers/misc/amd-sbi/tsi.c                         |  234 ++
 drivers/misc/apds9802als.c                         |    2 +-
 drivers/misc/bcm-vk/bcm_vk_dev.c                   |   17 +-
 drivers/misc/bcm-vk/bcm_vk_msg.c                   |   24 +-
 drivers/misc/bh1770glc.c                           |    6 +-
 drivers/misc/cardreader/alcor_pci.c                |    2 +-
 drivers/misc/cardreader/rtsx_pcr.c                 |    2 +
 drivers/misc/cb710/core.c                          |    5 +-
 drivers/misc/ds1682.c                              |    6 +-
 drivers/misc/eeprom/Kconfig                        |   93 -
 drivers/misc/eeprom/Makefile                       |    5 -
 drivers/misc/eeprom/idt_89hpesx.c                  |  202 +-
 drivers/misc/eeprom/max6875.c                      |    2 +-
 drivers/misc/enclosure.c                           |    4 +-
 drivers/misc/fastrpc.c                             |  260 +-
 drivers/misc/gehc-achc.c                           |    4 +-
 drivers/misc/genwqe/card_base.c                    |   88 +-
 drivers/misc/genwqe/card_utils.c                   |    2 +-
 drivers/misc/hi6421v600-irq.c                      |    7 +-
 drivers/misc/hisi_hikey_usb.c                      |  274 --
 drivers/misc/hmc6352.c                             |    2 +-
 drivers/misc/hpilo.c                               |   13 +-
 drivers/misc/ibmasm/Makefile                       |   16 -
 drivers/misc/ibmasm/command.c                      |  173 -
 drivers/misc/ibmasm/dot_command.c                  |  138 -
 drivers/misc/ibmasm/dot_command.h                  |   64 -
 drivers/misc/ibmasm/event.c                        |  163 -
 drivers/misc/ibmasm/heartbeat.c                    |   88 -
 drivers/misc/ibmasm/i2o.h                          |   63 -
 drivers/misc/ibmasm/ibmasm.h                       |  209 --
 drivers/misc/ibmasm/ibmasmfs.c                     |  604 ---
 drivers/misc/ibmasm/lowlevel.c                     |   75 -
 drivers/misc/ibmasm/lowlevel.h                     |  123 -
 drivers/misc/ibmasm/module.c                       |  224 --
 drivers/misc/ibmasm/r_heartbeat.c                  |   86 -
 drivers/misc/ibmasm/remote.c                       |  273 --
 drivers/misc/ibmasm/remote.h                       |  257 --
 drivers/misc/ibmasm/uart.c                         |   58 -
 drivers/misc/ibmvmc.c                              |   21 +-
 drivers/misc/ics932s401.c                          |    2 +-
 drivers/misc/isl29003.c                            |    4 +-
 drivers/misc/isl29020.c                            |    2 +-
 drivers/misc/issei/Kconfig                         |   29 +
 drivers/misc/issei/Makefile                        |   15 +
 drivers/misc/issei/cdev.c                          |  446 +++
 drivers/misc/issei/cdev.h                          |   16 +
 drivers/misc/issei/dma.c                           |  154 +
 drivers/misc/issei/dma.h                           |   69 +
 drivers/misc/issei/fw_client.c                     |  240 ++
 drivers/misc/issei/fw_client.h                     |   45 +
 drivers/misc/issei/ham.c                           |  169 +
 drivers/misc/issei/ham.h                           |   20 +
 drivers/misc/issei/host_client.c                   |  519 +++
 drivers/misc/issei/host_client.h                   |   75 +
 drivers/misc/issei/hw_heci.c                       |  550 +++
 drivers/misc/issei/hw_heci.h                       |   47 +
 drivers/misc/issei/hw_heci_regs.h                  |   35 +
 drivers/misc/issei/hw_msg.h                        |  163 +
 drivers/misc/issei/issei_dev.h                     |  163 +
 drivers/misc/issei/main.c                          |  296 ++
 drivers/misc/issei/pci_heci.c                      |  151 +
 drivers/misc/keba/cp500.c                          |   17 +-
 drivers/misc/keba/lan9252.c                        |    4 +-
 drivers/misc/lan966x_pci.c                         |    1 +
 drivers/misc/lattice-ecp3-config.c                 |    4 +-
 drivers/misc/lis3lv02d/lis3lv02d_i2c.c             |    8 +-
 drivers/misc/lis3lv02d/lis3lv02d_spi.c             |    2 +-
 drivers/misc/mchp_pci1xxxx/mchp_pci1xxxx_gp.c      |    2 +-
 drivers/misc/mchp_pci1xxxx/mchp_pci1xxxx_gpio.c    |    4 +-
 drivers/misc/mchp_pci1xxxx/mchp_pci1xxxx_otpe2p.c  |    4 +-
 drivers/misc/mei/gsc-me.c                          |    4 +-
 drivers/misc/mei/mei_lb.c                          |    4 +-
 drivers/misc/mei/pci-csc.c                         |    2 +-
 drivers/misc/mei/pci-me.c                          |  166 +-
 drivers/misc/mei/pci-txe.c                         |    6 +-
 drivers/misc/mei/platform-vsc.c                    |    2 +-
 drivers/misc/mei/vsc-tp.c                          |   10 +-
 drivers/misc/mrvl_cn10k_dpi.c                      |    6 +-
 drivers/misc/nsm.c                                 |    7 +-
 drivers/misc/ntsync.c                              |    3 +
 drivers/misc/ocxl/pci.c                            |    2 +-
 drivers/misc/open-dice.c                           |   53 +-
 drivers/misc/pch_phub.c                            |   59 +-
 drivers/misc/pci_endpoint_test.c                   |   16 +-
 drivers/misc/phantom.c                             |    6 +-
 drivers/misc/pvpanic/pvpanic-mmio.c                |    8 +-
 drivers/misc/pvpanic/pvpanic-pci.c                 |    4 +-
 drivers/misc/qcom-coincell.c                       |    4 +-
 drivers/misc/rp1/rp1_pci.c                         |   29 +-
 drivers/misc/sgi-gru/Makefile                      |    6 -
 drivers/misc/sgi-gru/gru.h                         |   76 -
 drivers/misc/sgi-gru/gru_instructions.h            |  726 ----
 drivers/misc/sgi-gru/grufault.c                    |  903 -----
 drivers/misc/sgi-gru/grufile.c                     |  540 ---
 drivers/misc/sgi-gru/gruhandles.c                  |  192 -
 drivers/misc/sgi-gru/gruhandles.h                  |  517 ---
 drivers/misc/sgi-gru/grukdump.c                    |  223 --
 drivers/misc/sgi-gru/grukservices.c                | 1157 ------
 drivers/misc/sgi-gru/grukservices.h                |  201 -
 drivers/misc/sgi-gru/grulib.h                      |  153 -
 drivers/misc/sgi-gru/grumain.c                     |  969 -----
 drivers/misc/sgi-gru/gruprocfs.c                   |  308 --
 drivers/misc/sgi-gru/grutables.h                   |  659 ----
 drivers/misc/sgi-gru/grutlbpurge.c                 |  316 --
 drivers/misc/sgi-xp/Makefile                       |   13 -
 drivers/misc/sgi-xp/xp.h                           |  341 --
 drivers/misc/sgi-xp/xp_main.c                      |  261 --
 drivers/misc/sgi-xp/xp_uv.c                        |  151 -
 drivers/misc/sgi-xp/xpc.h                          |  732 ----
 drivers/misc/sgi-xp/xpc_channel.c                  | 1011 -----
 drivers/misc/sgi-xp/xpc_main.c                     | 1309 -------
 drivers/misc/sgi-xp/xpc_partition.c                |  545 ---
 drivers/misc/sgi-xp/xpc_uv.c                       | 1727 ---------
 drivers/misc/sgi-xp/xpnet.c                        |  599 ---
 drivers/misc/sram.c                                |    2 +-
 drivers/misc/ti_fpc202.c                           |    2 +-
 drivers/misc/tps6594-esm.c                         |    2 +-
 drivers/misc/tps6594-pfsm.c                        |    2 +-
 drivers/misc/tsl2550.c                             |    2 +-
 drivers/misc/vcpu_stall_detector.c                 |    4 +-
 drivers/misc/vmw_vmci/vmci_event.c                 |    4 +-
 drivers/misc/vmw_vmci/vmci_guest.c                 |    4 +-
 drivers/misc/xilinx_sdfec.c                        |   78 +-
 drivers/net/thunderbolt/main.c                     |    4 +-
 drivers/net/usb/pegasus.c                          |   54 +-
 drivers/net/usb/pegasus.h                          |    3 -
 drivers/net/wireless/ath/ath9k/hif_usb.c           |   12 +-
 drivers/net/wireless/ath/ath9k/hif_usb.h           |    2 +-
 drivers/nvmem/Kconfig                              |  110 +-
 drivers/nvmem/Makefile                             |    7 +
 drivers/nvmem/airoha-smc-efuses.c                  |  125 +
 drivers/{misc/eeprom => nvmem}/at24.c              |    0
 drivers/{misc/eeprom => nvmem}/at25.c              |    0
 drivers/nvmem/brcm_nvram.c                         |   15 +-
 drivers/nvmem/core.c                               |  213 +-
 drivers/{misc/eeprom => nvmem}/ee1004.c            |    0
 drivers/{misc/eeprom => nvmem}/eeprom_93xx46.c     |    0
 drivers/nvmem/internals.h                          |   10 +-
 drivers/nvmem/lan9662-otpc.c                       |   12 +-
 drivers/nvmem/layouts/u-boot-env.c                 |    5 +-
 drivers/{misc/eeprom => nvmem}/m24lr.c             |    0
 drivers/nvmem/nintendo-otp.c                       |    9 +-
 drivers/nvmem/rockchip-otp.c                       |    9 +-
 drivers/parport/parport_pc.c                       |  204 +-
 drivers/parport/parport_serial.c                   |  280 +-
 drivers/pci/endpoint/functions/pci-epf-mhi.c       |   10 +
 drivers/phy/motorola/phy-cpcap-usb.c               |    1 +
 drivers/power/supply/ab8500_btemp.c                |    1 +
 drivers/power/supply/ab8500_charger.c              |    1 +
 drivers/power/supply/ab8500_fg.c                   |    1 +
 drivers/power/supply/axp20x_ac_power.c             |    1 +
 drivers/power/supply/axp20x_battery.c              |    1 +
 drivers/power/supply/axp20x_usb_power.c            |    1 +
 drivers/power/supply/axp288_fuel_gauge.c           |    1 +
 drivers/power/supply/cpcap-battery.c               |    1 +
 drivers/power/supply/cpcap-charger.c               |    1 +
 drivers/power/supply/da9150-charger.c              |    1 +
 drivers/power/supply/generic-adc-battery.c         |    1 +
 drivers/power/supply/ingenic-battery.c             |    1 +
 drivers/power/supply/intel_dc_ti_battery.c         |    1 +
 drivers/power/supply/lego_ev3_battery.c            |    1 +
 drivers/power/supply/lp8788-charger.c              |    1 +
 drivers/power/supply/max17040_battery.c            |    1 +
 drivers/power/supply/mp2629_charger.c              |    1 +
 drivers/power/supply/mt6370-charger.c              |    1 +
 drivers/power/supply/qcom_smbx.c                   |    1 +
 drivers/power/supply/rn5t618_power.c               |    1 +
 drivers/power/supply/rx51_battery.c                |    1 +
 drivers/power/supply/sc27xx_fuel_gauge.c           |    1 +
 drivers/power/supply/twl4030_charger.c             |    1 +
 drivers/power/supply/twl4030_madc_battery.c        |    1 +
 drivers/power/supply/twl6030_charger.c             |    1 +
 drivers/remoteproc/Kconfig                         |   13 +-
 drivers/remoteproc/Makefile                        |    1 +
 drivers/remoteproc/amd_mbv_bram_rproc.c            |  213 ++
 drivers/remoteproc/da8xx_remoteproc.c              |    2 +-
 drivers/remoteproc/imx_dsp_rproc.c                 |   41 +-
 drivers/remoteproc/imx_rproc.c                     |   40 +-
 drivers/remoteproc/ingenic_rproc.c                 |    4 +-
 drivers/remoteproc/keystone_remoteproc.c           |    6 +-
 drivers/remoteproc/mtk_scp.c                       |   13 +-
 drivers/remoteproc/omap_remoteproc.c               |    2 +-
 drivers/remoteproc/qcom_common.c                   |    4 +-
 drivers/remoteproc/qcom_common.h                   |    6 +
 drivers/remoteproc/qcom_q6v5.c                     |   79 +-
 drivers/remoteproc/qcom_q6v5.h                     |    4 +
 drivers/remoteproc/qcom_q6v5_adsp.c                |    7 +-
 drivers/remoteproc/qcom_q6v5_mss.c                 |   24 +-
 drivers/remoteproc/qcom_q6v5_pas.c                 |  373 +-
 drivers/remoteproc/qcom_sysmon.c                   |   21 +-
 drivers/remoteproc/qcom_wcnss.c                    |   45 +-
 drivers/remoteproc/rcar_rproc.c                    |   41 +-
 drivers/remoteproc/remoteproc_core.c               |  173 +-
 drivers/remoteproc/remoteproc_internal.h           |   54 +
 drivers/remoteproc/remoteproc_sysfs.c              |    1 -
 drivers/remoteproc/st_remoteproc.c                 |   31 +-
 drivers/remoteproc/stm32_rproc.c                   |   42 +-
 drivers/remoteproc/ti_k3_r5_remoteproc.c           |    8 +-
 drivers/remoteproc/xlnx_r5_remoteproc.c            |  204 +-
 drivers/rpmsg/qcom_glink_native.c                  |    5 +-
 drivers/rpmsg/qcom_glink_smem.c                    |    7 +
 drivers/rpmsg/qcom_smd.c                           |    2 +-
 drivers/rpmsg/rpmsg_char.c                         |   11 +-
 drivers/rpmsg/rpmsg_core.c                         |    6 +-
 drivers/s390/crypto/vfio_ap_ops.c                  |  203 +-
 drivers/soc/qcom/mdt_loader.c                      |   27 +-
 drivers/staging/axis-fifo/axis-fifo.c              |    9 +-
 drivers/staging/fbtft/fb_upd161704.c               |    2 +-
 drivers/staging/fbtft/fbtft-sysfs.c                |    2 +-
 drivers/staging/greybus/audio_codec.c              |    5 +-
 drivers/staging/greybus/audio_codec.h              |    4 +-
 drivers/staging/greybus/audio_gb.c                 |   32 +-
 drivers/staging/greybus/audio_manager_sysfs.c      |    2 +-
 drivers/staging/greybus/audio_module.c             |   27 +-
 drivers/staging/greybus/authentication.c           |    2 -
 drivers/staging/greybus/hid.c                      |    2 +-
 drivers/staging/greybus/loopback.c                 |   26 -
 drivers/staging/greybus/power_supply.c             |    4 +-
 drivers/staging/greybus/uart.c                     |    2 +-
 drivers/staging/greybus/vibrator.c                 |    2 +-
 drivers/staging/iio/adc/ad7816.c                   |    6 +-
 drivers/staging/iio/addac/adt7316-spi.c            |   13 +-
 drivers/staging/iio/addac/adt7316.c                |    5 +-
 drivers/staging/iio/frequency/ad9832.c             |   24 +-
 drivers/staging/iio/frequency/ad9834.c             |   30 +-
 drivers/staging/iio/frequency/dds.h                |   50 +-
 drivers/staging/most/dim2/dim2.c                   |   14 +-
 drivers/staging/most/video/video.c                 |   10 +-
 drivers/staging/nvec/nvec.c                        |    4 +-
 drivers/staging/nvec/nvec_power.c                  |    2 +-
 drivers/staging/octeon/ethernet-rx.c               |   20 +-
 drivers/staging/octeon/ethernet-rx.h               |    2 +-
 drivers/staging/octeon/ethernet-tx.c               |   19 +-
 drivers/staging/octeon/ethernet-tx.h               |    2 +-
 drivers/staging/octeon/ethernet.c                  |   66 +-
 drivers/staging/rtl8723bs/core/rtw_ap.c            |  182 +-
 drivers/staging/rtl8723bs/core/rtw_cmd.c           |  251 +-
 drivers/staging/rtl8723bs/core/rtw_efuse.c         |   11 +-
 drivers/staging/rtl8723bs/core/rtw_ieee80211.c     |   12 +-
 drivers/staging/rtl8723bs/core/rtw_io.c            |    7 -
 drivers/staging/rtl8723bs/core/rtw_ioctl_set.c     |   30 +-
 drivers/staging/rtl8723bs/core/rtw_mlme.c          |  269 +-
 drivers/staging/rtl8723bs/core/rtw_mlme_ext.c      |  513 +--
 drivers/staging/rtl8723bs/core/rtw_pwrctrl.c       |   32 +-
 drivers/staging/rtl8723bs/core/rtw_recv.c          |   47 +-
 drivers/staging/rtl8723bs/core/rtw_security.c      |   48 +-
 drivers/staging/rtl8723bs/core/rtw_sta_mgt.c       |    6 +-
 drivers/staging/rtl8723bs/core/rtw_wlan_util.c     |   85 +-
 drivers/staging/rtl8723bs/core/rtw_xmit.c          |  130 +-
 drivers/staging/rtl8723bs/hal/HalBtc8723b2Ant.c    |   26 +-
 drivers/staging/rtl8723bs/hal/HalPhyRf.c           |   12 +-
 drivers/staging/rtl8723bs/hal/HalPhyRf_8723B.c     |   58 +-
 drivers/staging/rtl8723bs/hal/HalPwrSeqCmd.c       |   38 +-
 drivers/staging/rtl8723bs/hal/hal_btcoex.c         |   10 +-
 drivers/staging/rtl8723bs/hal/hal_com.c            |   14 +-
 drivers/staging/rtl8723bs/hal/hal_com_phycfg.c     |   15 +-
 drivers/staging/rtl8723bs/hal/hal_intf.c           |   14 +-
 drivers/staging/rtl8723bs/hal/hal_sdio.c           |    6 +-
 drivers/staging/rtl8723bs/hal/odm.c                |    2 +-
 drivers/staging/rtl8723bs/hal/odm.h                |    7 -
 drivers/staging/rtl8723bs/hal/odm_DIG.c            |    2 +-
 drivers/staging/rtl8723bs/hal/odm_DIG.h            |    5 -
 drivers/staging/rtl8723bs/hal/odm_EdcaTurboCheck.c |    2 +-
 drivers/staging/rtl8723bs/hal/odm_HWConfig.c       |    3 +-
 drivers/staging/rtl8723bs/hal/rtl8723b_cmd.c       |  250 +-
 drivers/staging/rtl8723bs/hal/rtl8723b_dm.c        |    7 +-
 drivers/staging/rtl8723bs/hal/rtl8723b_hal_init.c  |  113 +-
 drivers/staging/rtl8723bs/hal/rtl8723b_phycfg.c    |    8 +-
 drivers/staging/rtl8723bs/hal/rtl8723b_rf6052.c    |   67 +-
 drivers/staging/rtl8723bs/hal/rtl8723bs_recv.c     |   10 +-
 drivers/staging/rtl8723bs/hal/rtl8723bs_xmit.c     |   11 +-
 drivers/staging/rtl8723bs/hal/sdio_halinit.c       |   83 +-
 drivers/staging/rtl8723bs/hal/sdio_ops.c           |    2 +-
 drivers/staging/rtl8723bs/include/drv_types.h      |    9 +-
 drivers/staging/rtl8723bs/include/hal_com_reg.h    |   10 +-
 drivers/staging/rtl8723bs/include/hal_data.h       |  122 -
 drivers/staging/rtl8723bs/include/hal_intf.h       |    8 +-
 drivers/staging/rtl8723bs/include/hal_pg.h         |    6 -
 drivers/staging/rtl8723bs/include/ieee80211.h      |   30 +-
 drivers/staging/rtl8723bs/include/ioctl_cfg80211.h |    4 +-
 .../rtl8723bs/include/osdep_service_linux.h        |    3 -
 drivers/staging/rtl8723bs/include/rtl8192c_recv.h  |    3 -
 drivers/staging/rtl8723bs/include/rtl8723b_hal.h   |   22 +-
 drivers/staging/rtl8723bs/include/rtw_ap.h         |    2 +-
 drivers/staging/rtl8723bs/include/rtw_cmd.h        |  144 +-
 drivers/staging/rtl8723bs/include/rtw_event.h      |    4 -
 drivers/staging/rtl8723bs/include/rtw_ioctl_set.h  |    2 +-
 drivers/staging/rtl8723bs/include/rtw_mlme.h       |   61 +-
 drivers/staging/rtl8723bs/include/rtw_mlme_ext.h   |   64 +-
 drivers/staging/rtl8723bs/include/rtw_pwrctrl.h    |    6 +-
 drivers/staging/rtl8723bs/include/rtw_qos.h        |    4 -
 drivers/staging/rtl8723bs/include/rtw_security.h   |   20 +-
 drivers/staging/rtl8723bs/include/rtw_xmit.h       |    4 +-
 drivers/staging/rtl8723bs/include/sta_info.h       |    2 +-
 drivers/staging/rtl8723bs/include/wifi.h           |   83 +-
 drivers/staging/rtl8723bs/include/wlan_bssdef.h    |   92 +-
 drivers/staging/rtl8723bs/include/xmit_osdep.h     |    2 +-
 drivers/staging/rtl8723bs/os_dep/ioctl_cfg80211.c  |  146 +-
 drivers/staging/rtl8723bs/os_dep/os_intfs.c        |   30 +-
 drivers/staging/rtl8723bs/os_dep/sdio_intf.c       |   24 +-
 drivers/staging/rtl8723bs/os_dep/wifi_regd.c       |    4 +-
 drivers/staging/rtl8723bs/os_dep/xmit_linux.c      |   12 +-
 drivers/staging/sm750fb/Kconfig                    |    1 +
 drivers/staging/sm750fb/ddk750_chip.c              |   27 -
 drivers/staging/sm750fb/ddk750_chip.h              |    7 -
 drivers/staging/sm750fb/ddk750_power.c             |   14 -
 drivers/staging/sm750fb/ddk750_power.h             |    5 -
 drivers/staging/sm750fb/sm750.c                    |   26 +-
 drivers/staging/sm750fb/sm750.h                    |   20 +-
 drivers/staging/sm750fb/sm750_accel.h              |   44 +-
 drivers/staging/sm750fb/sm750_hw.c                 |   28 +-
 drivers/target/target_core_fabric_configfs.c       |    8 +
 drivers/thermal/qcom/qcom-spmi-adc-tm5.c           |    1 +
 drivers/thermal/qcom/qcom-spmi-temp-alarm.c        |    1 +
 drivers/thermal/renesas/rzg3s_thermal.c            |    1 +
 drivers/thermal/thermal-generic-adc.c              |    1 +
 drivers/thunderbolt/debugfs.c                      |   28 +-
 drivers/thunderbolt/dma_test.c                     |    4 +-
 drivers/thunderbolt/domain.c                       |   30 +-
 drivers/thunderbolt/nhi.c                          |   55 +-
 drivers/thunderbolt/nhi.h                          |   21 +-
 drivers/thunderbolt/nhi_regs.h                     |    4 +
 drivers/thunderbolt/pci.c                          |   54 +-
 drivers/thunderbolt/stream.c                       |  268 +-
 drivers/thunderbolt/switch.c                       |   11 +-
 drivers/thunderbolt/tb.c                           |   21 +
 drivers/thunderbolt/tb.h                           |    1 +
 drivers/thunderbolt/tunnel.c                       |   13 +-
 drivers/thunderbolt/xdomain.c                      |    4 +
 drivers/tty/Kconfig                                |    9 -
 drivers/tty/Makefile                               |    2 -
 drivers/tty/amiserial.c                            |   14 +-
 drivers/tty/goldfish.c                             |   23 +-
 drivers/tty/hvc/Kconfig                            |    2 +-
 drivers/tty/ipwireless/Makefile                    |    9 -
 drivers/tty/ipwireless/hardware.c                  | 1770 ---------
 drivers/tty/ipwireless/hardware.h                  |   63 -
 drivers/tty/ipwireless/main.c                      |  356 --
 drivers/tty/ipwireless/main.h                      |   66 -
 drivers/tty/ipwireless/network.c                   |  517 ---
 drivers/tty/ipwireless/network.h                   |   54 -
 drivers/tty/ipwireless/setup_protocol.h            |  109 -
 drivers/tty/ipwireless/tty.c                       |  627 ----
 drivers/tty/ipwireless/tty.h                       |   46 -
 drivers/tty/serdev/core.c                          |    4 +-
 drivers/tty/serial/8250/8250.h                     |   11 +-
 drivers/tty/serial/8250/8250_bcm7271.c             |    4 +-
 drivers/tty/serial/8250/8250_core.c                |   71 +-
 drivers/tty/serial/8250/8250_dw.c                  |    2 +-
 drivers/tty/serial/8250/8250_early.c               |   19 +-
 drivers/tty/serial/8250/8250_exar.c                |   53 +-
 drivers/tty/serial/8250/8250_hub6.c                |    8 +
 drivers/tty/serial/8250/8250_mtk.c                 |    7 +-
 drivers/tty/serial/8250/8250_mxpcie.c              |  627 ++++
 drivers/tty/serial/8250/8250_of.c                  |   12 +
 drivers/tty/serial/8250/8250_pci.c                 |  245 +-
 drivers/tty/serial/8250/8250_platform.c            |    1 +
 drivers/tty/serial/8250/8250_pnp.c                 |  309 +-
 drivers/tty/serial/8250/8250_port.c                |  321 +-
 drivers/tty/serial/8250/8250_rsa.c                 |   40 +-
 drivers/tty/serial/8250/Kconfig                    |   10 +
 drivers/tty/serial/8250/Makefile                   |    1 +
 drivers/tty/serial/amba-pl011.c                    |   48 +-
 drivers/tty/serial/bcm63xx_uart.c                  |   11 +-
 drivers/tty/serial/cpm_uart.c                      |    9 +-
 drivers/tty/serial/earlycon.c                      |   17 +-
 drivers/tty/serial/imx.c                           |   39 +-
 drivers/tty/serial/kgdboc.c                        |    2 +-
 drivers/tty/serial/ma35d1_serial.c                 |   12 +-
 drivers/tty/serial/max3100.c                       |    1 +
 drivers/tty/serial/max310x.c                       |  101 +-
 drivers/tty/serial/men_z135_uart.c                 |    7 +-
 drivers/tty/serial/mpc52xx_uart.c                  |    8 +
 drivers/tty/serial/mvebu-uart.c                    |   12 +-
 drivers/tty/serial/pch_uart.c                      |   11 +-
 drivers/tty/serial/qcom_geni_serial.c              |  660 ++--
 drivers/tty/serial/rp2.c                           |    2 +-
 drivers/tty/serial/rsci.c                          |    3 -
 drivers/tty/serial/sc16is7xx.c                     |    9 +-
 drivers/tty/serial/serial_core.c                   |  167 +-
 drivers/tty/serial/serial_mctrl_gpio.c             |    3 -
 drivers/tty/serial/sh-sci.c                        |    2 -
 drivers/tty/serial/sprd_serial.c                   |    5 +-
 drivers/tty/tty_io.c                               |    6 +-
 drivers/tty/tty_jobctrl.c                          |   41 +-
 drivers/tty/vt/vc_screen.c                         |    6 +-
 drivers/tty/vt/vt_ioctl.c                          |    2 +
 drivers/uio/uio.c                                  |    7 +-
 drivers/uio/uio_fsl_elbc_gpcm.c                    |   60 +-
 drivers/uio/uio_sercos3.c                          |    1 +
 drivers/usb/atm/xusbatm.c                          |    6 +-
 drivers/usb/c67x00/c67x00-sched.c                  |    4 +-
 drivers/usb/cdns3/cdns3-plat.c                     |    4 +-
 drivers/usb/chipidea/ci_hdrc_imx.c                 |    2 +-
 drivers/usb/class/usbtmc.c                         |    2 -
 drivers/usb/core/config.c                          |    2 +-
 drivers/usb/core/devices.c                         |    7 +-
 drivers/usb/core/devio.c                           |   15 +-
 drivers/usb/core/driver.c                          |   12 +-
 drivers/usb/core/hub.c                             |   17 +-
 drivers/usb/dwc2/core_intr.c                       |    3 +-
 drivers/usb/dwc2/gadget.c                          |   11 +-
 drivers/usb/dwc3/core.c                            |   99 +-
 drivers/usb/dwc3/core.h                            |    7 +-
 drivers/usb/dwc3/dwc3-am62.c                       |   13 +-
 drivers/usb/dwc3/dwc3-qcom.c                       |    2 +-
 drivers/usb/dwc3/dwc3-xilinx.c                     |   18 +-
 drivers/usb/dwc3/gadget.c                          |   16 +-
 drivers/usb/dwc3/host.c                            |    5 +-
 drivers/usb/gadget/configfs.c                      |    8 +-
 drivers/usb/gadget/function/f_fs.c                 |  163 +-
 drivers/usb/gadget/function/f_mass_storage.c       |    3 -
 drivers/usb/gadget/function/f_midi2.c              |    2 +
 drivers/usb/gadget/function/f_tcm.c                |   25 +-
 drivers/usb/gadget/function/f_uac1.c               |   13 +-
 drivers/usb/gadget/function/f_uac1_legacy.c        |   56 -
 drivers/usb/gadget/function/f_uac2.c               |   13 +-
 drivers/usb/gadget/function/f_uvc.c                |    7 +-
 drivers/usb/gadget/function/u_audio.c              |   36 +-
 drivers/usb/gadget/function/u_fs.h                 |    8 +-
 drivers/usb/gadget/function/u_uac1_legacy.h        |    3 -
 drivers/usb/gadget/function/uvc_video.c            |    2 +-
 drivers/usb/gadget/legacy/inode.c                  |   17 +-
 drivers/usb/gadget/legacy/nokia.c                  |    2 +-
 drivers/usb/gadget/udc/Kconfig                     |    2 +-
 drivers/usb/gadget/udc/aspeed_udc.c                |   50 +-
 drivers/usb/gadget/udc/at91_udc.c                  |   20 +-
 drivers/usb/gadget/udc/fsl_qe_udc.c                |    8 +-
 drivers/usb/gadget/udc/pch_udc.c                   |    1 -
 drivers/usb/gadget/udc/r8a66597-udc.c              |    1 -
 drivers/usb/gadget/udc/snps_udc_plat.c             |    5 +-
 drivers/usb/host/fsl-mph-dr-of.c                   |    7 +-
 drivers/usb/host/ohci-dbg.c                        |    9 +-
 drivers/usb/host/xhci-caps.h                       |   41 +-
 drivers/usb/host/xhci-dbgtty.c                     |   25 +-
 drivers/usb/host/xhci-debugfs.c                    |    3 +-
 drivers/usb/host/xhci-histb.c                      |    2 +-
 drivers/usb/host/xhci-hub.c                        |    6 +-
 drivers/usb/host/xhci-mem.c                        |    7 +-
 drivers/usb/host/xhci-mtk.c                        |    4 +-
 drivers/usb/host/xhci-pci.c                        |    4 +-
 drivers/usb/host/xhci-plat.c                       |    2 +-
 drivers/usb/host/xhci-ring.c                       |  496 +--
 drivers/usb/host/xhci-tegra.c                      |    5 +-
 drivers/usb/host/xhci.c                            |   43 +-
 drivers/usb/host/xhci.h                            |   21 +-
 drivers/usb/misc/cypress_cy7c63.c                  |    8 +-
 drivers/usb/misc/usb-ljca.c                        |    3 +
 drivers/usb/misc/usbtest.c                         |    1 +
 drivers/usb/misc/uss720.c                          |    1 +
 drivers/usb/mtu3/mtu3_core.c                       |   11 +-
 drivers/usb/mtu3/mtu3_host.c                       |   26 +
 drivers/usb/mtu3/mtu3_plat.c                       |    3 +-
 drivers/usb/musb/Kconfig                           |    1 -
 drivers/usb/musb/musb_host.c                       |   14 +-
 drivers/usb/phy/phy-fsl-usb.c                      |   52 +-
 drivers/usb/phy/phy-fsl-usb.h                      |    6 +-
 drivers/usb/renesas_usbhs/common.c                 |    6 +-
 drivers/usb/serial/digi_acceleport.c               |  334 +-
 drivers/usb/serial/keyspan_pda.c                   |    1 -
 drivers/usb/serial/metro-usb.c                     |   31 +-
 drivers/usb/serial/option.c                        |   20 +-
 drivers/usb/serial/pl2303.c                        |  108 +-
 drivers/usb/serial/pl2303.h                        |    2 +-
 drivers/usb/serial/spcp8x5.c                       |   19 +-
 drivers/usb/typec/altmodes/Kconfig                 |    1 +
 drivers/usb/typec/altmodes/displayport.c           |   18 +-
 drivers/usb/typec/altmodes/thunderbolt.c           |    6 +
 drivers/usb/typec/class.c                          |   71 +
 drivers/usb/typec/hd3ss3220.c                      |    2 +-
 drivers/usb/typec/mux/tusb1046.c                   |    1 +
 drivers/usb/typec/tcpm/tcpci.c                     |   12 +-
 drivers/usb/typec/tcpm/tcpm.c                      |  636 +++-
 drivers/usb/typec/tipd/core.c                      |   85 +-
 drivers/usb/typec/tipd/tps6598x.h                  |   10 +-
 drivers/usb/typec/ucsi/debugfs.c                   |    5 +-
 drivers/usb/typec/ucsi/ucsi.c                      |   21 +-
 drivers/usb/typec/ucsi/ucsi.h                      |    1 +
 drivers/usb/typec/ucsi/ucsi_huawei_gaokun.c        |   15 +-
 drivers/w1/masters/ds2482.c                        |   12 +
 drivers/w1/slaves/w1_ds28e17.c                     |    8 +
 drivers/w1/w1.c                                    |    5 +
 fs/erofs/Kconfig                                   |    8 +-
 fs/erofs/data.c                                    |    2 +-
 fs/erofs/internal.h                                |    1 +
 fs/erofs/ishare.c                                  |   12 +-
 fs/erofs/zutil.c                                   |   20 +-
 fs/fuse/args.h                                     |    2 +
 fs/fuse/cuse.c                                     |    8 +-
 fs/fuse/dev.c                                      |  104 +-
 fs/fuse/dev.h                                      |    2 +-
 fs/fuse/dev_uring.c                                |  633 +++-
 fs/fuse/dev_uring_i.h                              |   56 +-
 fs/fuse/dir.c                                      |   37 +-
 fs/fuse/file.c                                     |   20 +-
 fs/fuse/fuse_dev_i.h                               |    5 +
 fs/fuse/fuse_i.h                                   |    2 +
 fs/fuse/inode.c                                    |   16 +-
 fs/fuse/readdir.c                                  |    2 +-
 fs/fuse/req_timeout.c                              |   12 +-
 fs/ntfs/Kconfig                                    |   11 +
 fs/ntfs/Makefile                                   |    3 +
 fs/ntfs/aops.c                                     |   19 +-
 fs/ntfs/attrib.c                                   |   46 +-
 fs/ntfs/bdev-io.c                                  |    4 +-
 fs/ntfs/compress.c                                 |  399 +-
 fs/ntfs/dir.c                                      |    5 +-
 fs/ntfs/ea.c                                       |  285 +-
 fs/ntfs/ea.h                                       |    3 +-
 fs/ntfs/file.c                                     |  128 +-
 fs/ntfs/index.c                                    |   98 +-
 fs/ntfs/inode.c                                    |  108 +-
 fs/ntfs/inode.h                                    |    5 +-
 fs/ntfs/iomap.c                                    |   66 +-
 fs/ntfs/lcnalloc.c                                 |    7 +-
 fs/ntfs/lib/decompress_common.c                    |  200 +
 fs/ntfs/lib/decompress_common.h                    |  444 +++
 fs/ntfs/lib/lib.h                                  |   29 +
 fs/ntfs/lib/lzx_decompress.c                       |  631 ++++
 fs/ntfs/lib/xpress_decompress.c                    |  154 +
 fs/ntfs/mft.c                                      |   15 +-
 fs/ntfs/namei.c                                    |   10 +-
 fs/ntfs/ntfs.h                                     |    4 +
 fs/ntfs/ntfs_codec.h                               |   54 +
 fs/ntfs/reparse.c                                  |  203 +-
 fs/ntfs/reparse.h                                  |    2 +-
 fs/ntfs/runlist.c                                  |   48 +
 fs/ntfs/super.c                                    |   15 +-
 fs/ntfs/wof.c                                      |  726 ++++
 fs/smb/client/cifs_debug.c                         |    2 +-
 fs/smb/client/cifsencrypt.c                        |   12 +-
 fs/smb/client/cifsfs.c                             |   21 +-
 fs/smb/client/cifsfs.h                             |    1 +
 fs/smb/client/cifssmb.c                            |    6 +
 fs/smb/client/connect.c                            |    5 +-
 fs/smb/client/dfs_cache.c                          |   33 +-
 fs/smb/client/dir.c                                |    8 +-
 fs/smb/client/file.c                               |    1 +
 fs/smb/client/inode.c                              |   90 +-
 fs/smb/client/ioctl.c                              |    3 +-
 fs/smb/client/reparse.h                            |   17 +-
 fs/smb/client/smb1encrypt.c                        |   19 +-
 fs/smb/client/smb1misc.c                           |    3 +-
 fs/smb/client/smb1ops.c                            |   10 +-
 fs/smb/client/smb1transport.c                      |   35 +-
 fs/smb/client/smb2file.c                           |    5 +-
 fs/smb/client/smb2inode.c                          |   22 +-
 fs/smb/client/smb2ops.c                            |   13 +-
 fs/smb/client/smb2pdu.c                            |   18 +-
 fs/smb/client/smb2transport.c                      |    4 +
 fs/smb/client/trace.h                              |    3 +-
 .../dt-bindings/iio/adc/mediatek,mt6323-auxadc.h   |   24 +
 include/dt-bindings/interconnect/qcom,maili-rpmh.h |  171 +
 include/kvm/arm_arch_timer.h                       |   34 +-
 include/kvm/arm_pmu.h                              |    4 +
 include/kvm/arm_psci.h                             |   27 +
 include/kvm/arm_vgic.h                             |    4 +-
 include/linux/bootconfig.h                         |   14 +
 include/linux/firmware/intel/stratix10-smc.h       |   63 +-
 .../linux/firmware/intel/stratix10-svc-client.h    |   12 +-
 include/linux/firmware/qcom/qcom_pas.h             |   12 +
 include/linux/firmware/xlnx-zynqmp.h               |   12 +
 include/linux/goldfish.h                           |   24 -
 include/linux/greybus/greybus_id.h                 |    4 +-
 include/linux/iio/common/inv_sensors_timestamp.h   |   40 +-
 include/linux/iio/types.h                          |   21 +
 include/linux/io_uring/cmd.h                       |   38 +-
 include/linux/io_uring_types.h                     |    5 +
 include/linux/kstrtox.h                            |    3 +
 include/linux/kvm_host.h                           |   38 +-
 include/linux/math64.h                             |   18 +
 include/linux/mhi.h                                |   17 +-
 include/linux/mhi_ep.h                             |    2 +
 include/linux/misc/tsi.h                           |   72 +
 include/linux/most.h                               |   37 +-
 include/linux/remoteproc.h                         |   55 +-
 include/linux/rsc_table.h                          |   46 +-
 include/linux/serial_8250.h                        |   17 +-
 include/linux/serial_core.h                        |    9 +
 include/linux/soc/qcom/mdt_loader.h                |   10 +-
 include/linux/thunderbolt.h                        |   10 +-
 include/linux/usb.h                                |    3 +-
 include/linux/usb/pd.h                             |   53 +-
 include/linux/usb/tcpci.h                          |    1 +
 include/linux/usb/typec.h                          |    1 +
 include/target/target_core_fabric.h                |    2 +
 include/trace/events/qcom_geni_serial.h            |    7 +-
 include/uapi/linux/fuse.h                          |   63 +-
 include/uapi/linux/iio/types.h                     |    1 +
 include/uapi/linux/issei.h                         |   69 +
 include/uapi/linux/kvm.h                           |    1 +
 include/uapi/linux/serial.h                        |    1 +
 include/uapi/linux/serial_core.h                   |    3 +
 include/uapi/linux/usb/functionfs.h                |   24 +
 include/uapi/misc/amd-apml.h                       |   23 +
 include/uapi/misc/fastrpc.h                        |   29 +
 init/Kconfig                                       |   36 +
 init/main.c                                        |   52 +-
 io_uring/io_uring.c                                |    2 +-
 io_uring/rsrc.c                                    |  131 +-
 io_uring/rsrc.h                                    |    5 -
 lib/Makefile                                       |   16 +
 lib/bootconfig.c                                   |  139 +-
 lib/embedded-cmdline.S                             |   16 +
 lib/kstrtox.c                                      |  115 +-
 lib/kstrtox.h                                      |   17 +-
 lib/math/div64.c                                   |   15 +
 lib/math/test_mul_u64_u64_div_u64.c                |    1 +
 lib/test-kstrtox.c                                 |  182 +
 lib/vsprintf.c                                     |    2 +-
 rust/bindings/bindings_helper.h                    |    3 +
 rust/helpers/helpers.c                             |    1 +
 rust/helpers/net/genetlink.c                       |   46 +
 rust/kernel/miscdevice.rs                          |    2 +-
 rust/kernel/{net.rs => net/mod.rs}                 |    2 +
 rust/kernel/net/netlink.rs                         |  337 ++
 rust/kernel/sync/poll.rs                           |   73 +-
 rust/kernel/task.rs                                |    7 +
 rust/kernel/usb.rs                                 |   35 +-
 rust/uapi/uapi_helper.h                            |    1 +
 .../cmd_graph/savedcmd_parser/savedcmd_parser.py   |    2 +-
 .../sbom/tests/cmd_graph/test_savedcmd_parser.py   |   25 +
 sound/soc/codecs/audio-iio-aux.c                   |    1 +
 sound/soc/samsung/aries_wm8994.c                   |    1 +
 sound/soc/samsung/midas_wm1811.c                   |    1 +
 sound/soc/stm/stm32_adfsdm.c                       |    1 +
 tools/bootconfig/Makefile                          |    4 +-
 tools/iio/iio_event_monitor.c                      |    2 +
 tools/testing/selftests/drivers/ntsync/ntsync.c    |  133 +-
 .../testing/selftests/filesystems/fuse/.gitignore  |    1 +
 tools/testing/selftests/filesystems/fuse/Makefile  |    3 +
 .../filesystems/fuse/write_extend_eof_test.c       |  368 ++
 tools/testing/selftests/kvm/Makefile.kvm           |   19 +-
 tools/testing/selftests/kvm/arch_timer.c           |   20 +-
 .../selftests/kvm/arm64/arch_timer_edge_cases.c    |    2 +-
 .../testing/selftests/kvm/arm64/debug-exceptions.c |   41 +
 tools/testing/selftests/kvm/arm64/get-reg-list.c   |    3 +
 .../selftests/kvm/arm64/stage2_block_transitions.c |  226 ++
 tools/testing/selftests/kvm/arm64/vgic_irq.c       |   14 +-
 .../testing/selftests/kvm/arm64/vgic_lpi_stress.c  |    8 +-
 tools/testing/selftests/kvm/demand_paging_test.c   |    2 +-
 tools/testing/selftests/kvm/dirty_log_perf_test.c  |    4 +-
 tools/testing/selftests/kvm/dirty_log_test.c       |   15 +-
 .../testing/selftests/kvm/hardware_disable_test.c  |  109 +-
 tools/testing/selftests/kvm/include/kvm_syscalls.h |   55 +
 tools/testing/selftests/kvm/include/kvm_util.h     |   21 +
 .../selftests/kvm/include/loongarch/processor.h    |   18 +
 tools/testing/selftests/kvm/include/proc_util.h    |   11 +
 tools/testing/selftests/kvm/include/test_util.h    |   26 +-
 tools/testing/selftests/kvm/include/x86/evmcs.h    |   46 +-
 .../selftests/kvm/include/x86/kvm_util_arch.h      |    4 +-
 tools/testing/selftests/kvm/include/x86/pmu.h      |    6 +
 .../testing/selftests/kvm/include/x86/processor.h  |   64 +-
 tools/testing/selftests/kvm/include/x86/svm_util.h |    5 +-
 tools/testing/selftests/kvm/include/x86/vmx.h      |   73 +-
 tools/testing/selftests/kvm/irq_test.c             |  362 ++
 tools/testing/selftests/kvm/irqfd_test.c           |    4 +-
 tools/testing/selftests/kvm/kvm_page_table_test.c  |    6 +-
 tools/testing/selftests/kvm/lib/assert.c           |   10 +-
 tools/testing/selftests/kvm/lib/kvm_util.c         |   52 +-
 .../selftests/kvm/lib/loongarch/processor.c        |   11 +-
 tools/testing/selftests/kvm/lib/memstress.c        |   12 +-
 tools/testing/selftests/kvm/lib/proc_util.c        |   54 +
 tools/testing/selftests/kvm/lib/test_util.c        |   41 +-
 tools/testing/selftests/kvm/lib/userfaultfd_util.c |    7 +-
 tools/testing/selftests/kvm/lib/x86/memstress.c    |   19 +-
 tools/testing/selftests/kvm/lib/x86/processor.c    |   59 +-
 tools/testing/selftests/kvm/lib/x86/svm.c          |   68 +-
 tools/testing/selftests/kvm/lib/x86/ucall.c        |   32 +-
 tools/testing/selftests/kvm/lib/x86/vmx.c          |    8 +-
 tools/testing/selftests/kvm/loongarch/fpu_test.c   |  137 +
 tools/testing/selftests/kvm/memslot_perf_test.c    |    4 +-
 tools/testing/selftests/kvm/mmu_stress_test.c      |   19 +-
 .../testing/selftests/kvm/pre_fault_memory_test.c  |    4 +-
 tools/testing/selftests/kvm/riscv/get-reg-list.c   |   90 +
 tools/testing/selftests/kvm/riscv/sbi_pmu_test.c   |    4 +-
 tools/testing/selftests/kvm/rseq_test.c            |   16 +-
 tools/testing/selftests/kvm/s390/memop.c           |    4 +-
 .../testing/selftests/kvm/set_memory_region_test.c |    6 +-
 tools/testing/selftests/kvm/steal_time.c           |   39 +-
 tools/testing/selftests/kvm/vm_types_test.c        |   48 +
 tools/testing/selftests/kvm/x86/aperfmperf_test.c  |    9 +-
 .../selftests/kvm/x86/evmcs_smm_controls_test.c    |   10 +-
 .../testing/selftests/kvm/x86/fix_hypercall_test.c |    1 -
 tools/testing/selftests/kvm/x86/hyperv_clock.c     |    4 +-
 tools/testing/selftests/kvm/x86/hyperv_evmcs.c     |    8 +-
 tools/testing/selftests/kvm/x86/hyperv_ipi.c       |   32 +-
 tools/testing/selftests/kvm/x86/hyperv_svm_test.c  |    6 +-
 tools/testing/selftests/kvm/x86/hyperv_tlb_flush.c |   30 +-
 tools/testing/selftests/kvm/x86/kvm_buslock_test.c |    9 +-
 .../selftests/kvm/x86/nested_close_kvm_test.c      |   12 +-
 .../selftests/kvm/x86/nested_dirty_log_test.c      |    8 +-
 .../selftests/kvm/x86/nested_emulation_test.c      |    4 +-
 .../selftests/kvm/x86/nested_exceptions_test.c     |    9 +-
 .../selftests/kvm/x86/nested_invalid_cr3_test.c    |   10 +-
 .../selftests/kvm/x86/nested_tdp_fault_test.c      |    9 +-
 .../selftests/kvm/x86/nested_tsc_adjust_test.c     |   10 +-
 .../selftests/kvm/x86/nested_tsc_scaling_test.c    |   10 +-
 .../selftests/kvm/x86/nested_vmsave_vmload_test.c  |    6 +-
 .../testing/selftests/kvm/x86/pmu_counters_test.c  |  231 +-
 .../selftests/kvm/x86/pmu_event_filter_test.c      |    4 +-
 .../kvm/x86/private_mem_conversions_test.c         |    4 +-
 .../selftests/kvm/x86/private_mem_kvm_exits_test.c |    7 +-
 .../selftests/kvm/x86/recalc_apic_map_test.c       |    5 +-
 .../kvm/x86/save_restore_pf_stress_test.c          |  288 ++
 tools/testing/selftests/kvm/x86/set_sregs_test.c   |   81 +-
 tools/testing/selftests/kvm/x86/sev_dbg_test.c     |    2 +-
 tools/testing/selftests/kvm/x86/sev_init2_tests.c  |    4 -
 .../testing/selftests/kvm/x86/sev_migrate_tests.c  |    4 +-
 tools/testing/selftests/kvm/x86/smm_test.c         |   13 +-
 tools/testing/selftests/kvm/x86/state_test.c       |   11 +-
 tools/testing/selftests/kvm/x86/svm_int_ctl_test.c |    5 +-
 .../selftests/kvm/x86/svm_lbr_nested_state.c       |    6 +-
 .../selftests/kvm/x86/svm_nested_clear_efer_svme.c |    7 +-
 .../selftests/kvm/x86/svm_nested_pat_test.c        |    8 +-
 .../selftests/kvm/x86/svm_nested_shutdown_test.c   |    5 +-
 .../kvm/x86/svm_nested_soft_inject_test.c          |    6 +-
 .../selftests/kvm/x86/svm_nested_vmcb12_gpa.c      |   13 +-
 .../selftests/kvm/x86/svm_pmu_host_guest_test.c    |  215 ++
 tools/testing/selftests/kvm/x86/svm_vmcall_test.c  |    5 +-
 tools/testing/selftests/kvm/x86/sync_regs_test.c   |    5 +-
 .../selftests/kvm/x86/triple_fault_event_test.c    |    9 +-
 tools/testing/selftests/kvm/x86/tsc_scaling_sync.c |    4 +-
 .../selftests/kvm/x86/vmx_apic_access_test.c       |    5 +-
 .../selftests/kvm/x86/vmx_apicv_updates_test.c     |    4 +-
 .../kvm/x86/vmx_invalid_nested_guest_state.c       |  130 +-
 .../selftests/kvm/x86/vmx_nested_la57_state_test.c |    5 +-
 .../selftests/kvm/x86/vmx_preemption_timer_test.c  |    5 +-
 tools/testing/selftests/kvm/x86/xapic_ipi_test.c   |   33 +-
 tools/testing/selftests/kvm/x86/xen_shinfo_test.c  |   10 +-
 virt/kvm/Kconfig                                   |    6 +-
 virt/kvm/guest_memfd.c                             |   73 +-
 virt/kvm/guest_memfd.h                             |   34 +
 virt/kvm/kvm_main.c                                |   22 +-
 virt/kvm/kvm_mm.h                                  |   27 -
 1530 files changed, 55204 insertions(+), 40158 deletions(-)
 create mode 100644 Documentation/ABI/testing/sysfs-bus-iio-flow
 create mode 100644 Documentation/ABI/testing/sysfs-bus-iio-frequency
 create mode 100644 Documentation/ABI/testing/sysfs-class-issei
 create mode 100644 Documentation/devicetree/bindings/iio/adc/adi,ltc2378.yaml
 create mode 100644 Documentation/devicetree/bindings/iio/adc/ti,ads112c14.yaml
 create mode 100644 Documentation/devicetree/bindings/iio/adc/xlnx,versal-sysmon.yaml
 create mode 100644 Documentation/devicetree/bindings/iio/dac/microchip,mcp47a1.yaml
 create mode 100644 Documentation/devicetree/bindings/iio/flow/sensirion,slf3s.yaml
 create mode 100644 Documentation/devicetree/bindings/iio/frequency/adi,adf41513.yaml
 create mode 100644 Documentation/devicetree/bindings/iio/magnetometer/qstcorp,qmc5883l.yaml
 create mode 100644 Documentation/devicetree/bindings/iio/magnetometer/qstcorp,qmc6308.yaml
 create mode 100644 Documentation/devicetree/bindings/interconnect/qcom,maili-rpmh.yaml
 create mode 100644 Documentation/devicetree/bindings/nvmem/airoha,smc-efuses.yaml
 create mode 100644 Documentation/devicetree/bindings/remoteproc/amd,bram-rproc.yaml
 create mode 100644 Documentation/devicetree/bindings/remoteproc/qcom,kaanapali-soccp-pas.yaml
 create mode 100644 Documentation/devicetree/bindings/remoteproc/qcom,nord-pas.yaml
 create mode 100644 Documentation/devicetree/bindings/remoteproc/ti,am3352-wkup-m3.yaml
 delete mode 100644 Documentation/devicetree/bindings/remoteproc/wkup_m3_rproc.txt
 create mode 100644 Documentation/devicetree/bindings/usb/aspeed,dwc3.yaml
 delete mode 100644 Documentation/devicetree/bindings/w1/omap-hdq.txt
 create mode 100644 Documentation/devicetree/bindings/w1/ti,hdq.yaml
 create mode 100644 Documentation/driver-api/issei/index.rst
 create mode 100644 Documentation/driver-api/issei/issei.rst
 create mode 100644 Documentation/filesystems/fuse/uapi/fuse-uapi-io-uring.rst
 create mode 100644 Documentation/hwmon/socfpga-hwmon.rst
 create mode 100644 Documentation/iio/adf41513.rst
 create mode 100644 arch/s390/include/asm/kvm_host_s390.h
 create mode 100644 arch/s390/include/asm/kvm_host_s390_types.h
 create mode 100644 arch/s390/kvm/gmap/Makefile
 rename arch/s390/kvm/{ => gmap}/dat.c (99%)
 rename arch/s390/kvm/{ => gmap}/dat.h (98%)
 rename arch/s390/kvm/{ => gmap}/faultin.c (98%)
 rename arch/s390/kvm/{ => gmap}/faultin.h (96%)
 rename arch/s390/kvm/{ => gmap}/gmap.c (99%)
 rename arch/s390/kvm/{ => gmap}/gmap.h (96%)
 create mode 100644 arch/s390/kvm/gmap/kvm_mmu.c
 create mode 100644 arch/s390/kvm/gmap/kvm_mmu.h
 create mode 100644 arch/s390/kvm/gmap/trace_gmap.h
 create mode 100644 arch/s390/kvm/s390/Makefile
 rename arch/s390/kvm/{ => s390}/diag.c (96%)
 rename arch/s390/kvm/{ => s390}/gaccess.c (99%)
 rename arch/s390/kvm/{ => s390}/gaccess.h (99%)
 rename arch/s390/kvm/{ => s390}/guestdbg.c (98%)
 rename arch/s390/kvm/{ => s390}/intercept.c (99%)
 rename arch/s390/kvm/{ => s390}/interrupt.c (98%)
 rename arch/s390/kvm/{ => s390}/pci.c (99%)
 rename arch/s390/kvm/{ => s390}/pci.h (100%)
 rename arch/s390/kvm/{ => s390}/priv.c (99%)
 rename arch/s390/kvm/{ => s390}/pv.c (99%)
 rename arch/s390/kvm/{kvm-s390.c => s390/s390.c} (97%)
 rename arch/s390/kvm/{kvm-s390.h => s390/s390.h} (98%)
 rename arch/s390/kvm/{ => s390}/sigp.c (99%)
 rename arch/s390/kvm/{ => s390}/trace-s390.h (100%)
 rename arch/s390/kvm/{ => s390}/trace.h (95%)
 rename arch/s390/kvm/{ => s390}/vsie.c (98%)
 create mode 100644 arch/x86/include/asm/kvm-x86-nested-ops.h
 create mode 100644 arch/x86/kvm/msrs.c
 create mode 100644 arch/x86/kvm/msrs.h
 create mode 100644 arch/x86/kvm/regs.c
 create mode 100644 drivers/android/binder/debug.rs
 create mode 100644 drivers/android/binder/netlink.rs
 create mode 100644 drivers/hwmon/socfpga-hwmon.c
 create mode 100644 drivers/iio/adc/ltc2378.c
 create mode 100644 drivers/iio/adc/mt6323-auxadc.c
 create mode 100644 drivers/iio/adc/ti-ads112c14.c
 create mode 100644 drivers/iio/adc/versal-sysmon-core.c
 create mode 100644 drivers/iio/adc/versal-sysmon-i2c.c
 create mode 100644 drivers/iio/adc/versal-sysmon.c
 create mode 100644 drivers/iio/adc/versal-sysmon.h
 create mode 100644 drivers/iio/dac/mcf54415_dac.c
 create mode 100644 drivers/iio/dac/mcp47a1.c
 create mode 100644 drivers/iio/flow/Kconfig
 create mode 100644 drivers/iio/flow/Makefile
 create mode 100644 drivers/iio/flow/slf3s.c
 create mode 100644 drivers/iio/frequency/adf41513.c
 create mode 100644 drivers/iio/imu/inv_icm42607/Kconfig
 create mode 100644 drivers/iio/imu/inv_icm42607/Makefile
 create mode 100644 drivers/iio/imu/inv_icm42607/inv_icm42607.h
 create mode 100644 drivers/iio/imu/inv_icm42607/inv_icm42607_accel.c
 create mode 100644 drivers/iio/imu/inv_icm42607/inv_icm42607_core.c
 create mode 100644 drivers/iio/imu/inv_icm42607/inv_icm42607_gyro.c
 create mode 100644 drivers/iio/imu/inv_icm42607/inv_icm42607_i2c.c
 create mode 100644 drivers/iio/imu/inv_icm42607/inv_icm42607_spi.c
 create mode 100644 drivers/iio/imu/inv_icm42607/inv_icm42607_temp.c
 create mode 100644 drivers/iio/imu/inv_icm42607/inv_icm42607_temp.h
 create mode 100644 drivers/iio/magnetometer/qmc5883l.c
 create mode 100644 drivers/iio/magnetometer/qmc6308.c
 create mode 100644 drivers/interconnect/qcom/maili.c
 create mode 100644 drivers/misc/amd-sbi/tsi-core.c
 create mode 100644 drivers/misc/amd-sbi/tsi-core.h
 create mode 100644 drivers/misc/amd-sbi/tsi.c
 delete mode 100644 drivers/misc/hisi_hikey_usb.c
 delete mode 100644 drivers/misc/ibmasm/Makefile
 delete mode 100644 drivers/misc/ibmasm/command.c
 delete mode 100644 drivers/misc/ibmasm/dot_command.c
 delete mode 100644 drivers/misc/ibmasm/dot_command.h
 delete mode 100644 drivers/misc/ibmasm/event.c
 delete mode 100644 drivers/misc/ibmasm/heartbeat.c
 delete mode 100644 drivers/misc/ibmasm/i2o.h
 delete mode 100644 drivers/misc/ibmasm/ibmasm.h
 delete mode 100644 drivers/misc/ibmasm/ibmasmfs.c
 delete mode 100644 drivers/misc/ibmasm/lowlevel.c
 delete mode 100644 drivers/misc/ibmasm/lowlevel.h
 delete mode 100644 drivers/misc/ibmasm/module.c
 delete mode 100644 drivers/misc/ibmasm/r_heartbeat.c
 delete mode 100644 drivers/misc/ibmasm/remote.c
 delete mode 100644 drivers/misc/ibmasm/remote.h
 delete mode 100644 drivers/misc/ibmasm/uart.c
 create mode 100644 drivers/misc/issei/Kconfig
 create mode 100644 drivers/misc/issei/Makefile
 create mode 100644 drivers/misc/issei/cdev.c
 create mode 100644 drivers/misc/issei/cdev.h
 create mode 100644 drivers/misc/issei/dma.c
 create mode 100644 drivers/misc/issei/dma.h
 create mode 100644 drivers/misc/issei/fw_client.c
 create mode 100644 drivers/misc/issei/fw_client.h
 create mode 100644 drivers/misc/issei/ham.c
 create mode 100644 drivers/misc/issei/ham.h
 create mode 100644 drivers/misc/issei/host_client.c
 create mode 100644 drivers/misc/issei/host_client.h
 create mode 100644 drivers/misc/issei/hw_heci.c
 create mode 100644 drivers/misc/issei/hw_heci.h
 create mode 100644 drivers/misc/issei/hw_heci_regs.h
 create mode 100644 drivers/misc/issei/hw_msg.h
 create mode 100644 drivers/misc/issei/issei_dev.h
 create mode 100644 drivers/misc/issei/main.c
 create mode 100644 drivers/misc/issei/pci_heci.c
 delete mode 100644 drivers/misc/sgi-gru/Makefile
 delete mode 100644 drivers/misc/sgi-gru/gru.h
 delete mode 100644 drivers/misc/sgi-gru/gru_instructions.h
 delete mode 100644 drivers/misc/sgi-gru/grufault.c
 delete mode 100644 drivers/misc/sgi-gru/grufile.c
 delete mode 100644 drivers/misc/sgi-gru/gruhandles.c
 delete mode 100644 drivers/misc/sgi-gru/gruhandles.h
 delete mode 100644 drivers/misc/sgi-gru/grukdump.c
 delete mode 100644 drivers/misc/sgi-gru/grukservices.c
 delete mode 100644 drivers/misc/sgi-gru/grukservices.h
 delete mode 100644 drivers/misc/sgi-gru/grulib.h
 delete mode 100644 drivers/misc/sgi-gru/grumain.c
 delete mode 100644 drivers/misc/sgi-gru/gruprocfs.c
 delete mode 100644 drivers/misc/sgi-gru/grutables.h
 delete mode 100644 drivers/misc/sgi-gru/grutlbpurge.c
 delete mode 100644 drivers/misc/sgi-xp/Makefile
 delete mode 100644 drivers/misc/sgi-xp/xp.h
 delete mode 100644 drivers/misc/sgi-xp/xp_main.c
 delete mode 100644 drivers/misc/sgi-xp/xp_uv.c
 delete mode 100644 drivers/misc/sgi-xp/xpc.h
 delete mode 100644 drivers/misc/sgi-xp/xpc_channel.c
 delete mode 100644 drivers/misc/sgi-xp/xpc_main.c
 delete mode 100644 drivers/misc/sgi-xp/xpc_partition.c
 delete mode 100644 drivers/misc/sgi-xp/xpc_uv.c
 delete mode 100644 drivers/misc/sgi-xp/xpnet.c
 create mode 100644 drivers/nvmem/airoha-smc-efuses.c
 rename drivers/{misc/eeprom => nvmem}/at24.c (100%)
 rename drivers/{misc/eeprom => nvmem}/at25.c (100%)
 rename drivers/{misc/eeprom => nvmem}/ee1004.c (100%)
 rename drivers/{misc/eeprom => nvmem}/eeprom_93xx46.c (100%)
 rename drivers/{misc/eeprom => nvmem}/m24lr.c (100%)
 create mode 100644 drivers/remoteproc/amd_mbv_bram_rproc.c
 delete mode 100644 drivers/tty/ipwireless/Makefile
 delete mode 100644 drivers/tty/ipwireless/hardware.c
 delete mode 100644 drivers/tty/ipwireless/hardware.h
 delete mode 100644 drivers/tty/ipwireless/main.c
 delete mode 100644 drivers/tty/ipwireless/main.h
 delete mode 100644 drivers/tty/ipwireless/network.c
 delete mode 100644 drivers/tty/ipwireless/network.h
 delete mode 100644 drivers/tty/ipwireless/setup_protocol.h
 delete mode 100644 drivers/tty/ipwireless/tty.c
 delete mode 100644 drivers/tty/ipwireless/tty.h
 create mode 100644 drivers/tty/serial/8250/8250_mxpcie.c
 create mode 100644 fs/ntfs/lib/decompress_common.c
 create mode 100644 fs/ntfs/lib/decompress_common.h
 create mode 100644 fs/ntfs/lib/lib.h
 create mode 100644 fs/ntfs/lib/lzx_decompress.c
 create mode 100644 fs/ntfs/lib/xpress_decompress.c
 create mode 100644 fs/ntfs/ntfs_codec.h
 create mode 100644 fs/ntfs/wof.c
 create mode 100644 include/dt-bindings/iio/adc/mediatek,mt6323-auxadc.h
 create mode 100644 include/dt-bindings/interconnect/qcom,maili-rpmh.h
 create mode 100644 include/linux/misc/tsi.h
 create mode 100644 include/uapi/linux/issei.h
 create mode 100644 lib/embedded-cmdline.S
 create mode 100644 rust/helpers/net/genetlink.c
 rename rust/kernel/{net.rs => net/mod.rs} (85%)
 create mode 100644 rust/kernel/net/netlink.rs
 create mode 100644 tools/testing/selftests/filesystems/fuse/write_extend_eof_test.c
 create mode 100644 tools/testing/selftests/kvm/arm64/stage2_block_transitions.c
 create mode 100644 tools/testing/selftests/kvm/include/proc_util.h
 create mode 100644 tools/testing/selftests/kvm/irq_test.c
 create mode 100644 tools/testing/selftests/kvm/lib/proc_util.c
 create mode 100644 tools/testing/selftests/kvm/loongarch/fpu_test.c
 create mode 100644 tools/testing/selftests/kvm/vm_types_test.c
 create mode 100644 tools/testing/selftests/kvm/x86/save_restore_pf_stress_test.c
 create mode 100644 tools/testing/selftests/kvm/x86/svm_pmu_host_guest_test.c
 create mode 100644 virt/kvm/guest_memfd.h
Merging ext4-fixes/fixes (981fcc5674e67 jbd2: fix deadlock in jbd2_journal_cancel_revoke())
$ git merge -m Merge branch 'fixes' of https://git.kernel.org/pub/scm/linux/kernel/git/tytso/ext4.git ext4-fixes/fixes
Already up to date.
Merging vfs-brauner-fixes/vfs.fixes (b64a9f67e082e pid: reject allocations through dead ancestor pid namespaces)
$ git merge -m Merge branch 'vfs.fixes' of https://git.kernel.org/pub/scm/linux/kernel/git/vfs/vfs.git vfs-brauner-fixes/vfs.fixes
Already up to date.
Merging fscrypt-current/for-current (cf6c993c0feca fscrypt: use the mount idmap for the owner check in fscrypt_ioctl_set_policy())
$ git merge -m Merge branch 'for-current' of https://git.kernel.org/pub/scm/fs/fscrypt/linux.git fscrypt-current/for-current
Already up to date.
Merging fsverity-current/for-current (d2f96bcb89d36 fs,fsverity: remove check for fsverity being enabled in setattr_prepare())
$ git merge -m Merge branch 'for-current' of https://git.kernel.org/pub/scm/fs/fsverity/linux.git fsverity-current/for-current
Already up to date.
Merging btrfs-fixes/next-fixes (af5534fe2fbc0 Merge branch 'misc-7.2' into next-fixes)
$ git merge -m Merge branch 'next-fixes' of https://git.kernel.org/pub/scm/linux/kernel/git/kdave/linux.git btrfs-fixes/next-fixes
Merge made by the 'ort' strategy.
Merging vfs-fixes/fixes (49c5d168a3a8f udf: fix nls leak on udf_fill_super() failure)
$ git merge -m Merge branch 'fixes' of https://git.kernel.org/pub/scm/linux/kernel/git/viro/vfs.git vfs-fixes/fixes
Auto-merging fs/udf/super.c
Merge made by the 'ort' strategy.
Merging erofs-fixes/fixes (075b74841bd00 Linux 7.2-rc6)
$ git merge -m Merge branch 'fixes' of https://git.kernel.org/pub/scm/linux/kernel/git/xiang/erofs.git erofs-fixes/fixes
Already up to date.
Merging nfsd-fixes/nfsd-fixes (46db3c8a1be96 nfsd: export NFSv4 callback op stats via netlink)
$ git merge -m Merge branch 'nfsd-fixes' of https://git.kernel.org/pub/scm/linux/kernel/git/cel/linux nfsd-fixes/nfsd-fixes
Already up to date.
Merging v9fs-fixes/fixes/next (028ef9c96e961 Linux 7.0)
$ git merge -m Merge branch 'fixes/next' of https://git.kernel.org/pub/scm/linux/kernel/git/ericvh/v9fs.git v9fs-fixes/fixes/next
Already up to date.
Merging overlayfs-fixes/ovl-fixes (4549871118cf6 Linux 7.1-rc7)
$ git merge -m Merge branch 'ovl-fixes' of https://git.kernel.org/pub/scm/linux/kernel/git/overlayfs/vfs.git overlayfs-fixes/ovl-fixes
Already up to date.
Merging fscrypt/for-next (7dd38d9dd7a05 blk-crypto: Update docs for blk-crypto-fallback motivation)
$ git merge -m Merge branch 'for-next' of https://git.kernel.org/pub/scm/fs/fscrypt/linux.git fscrypt/for-next
Already up to date.
Merging btrfs/for-next (f037522c036c0 Merge branch 'for-next-next-v7.2-20260808' into for-next-20260808)
$ git merge -m Merge branch 'for-next' of https://git.kernel.org/pub/scm/linux/kernel/git/kdave/linux.git btrfs/for-next
Merge made by the 'ort' strategy.
 fs/btrfs/Kconfig       |  1 +
 fs/btrfs/transaction.c | 18 ++++++++++--------
 2 files changed, 11 insertions(+), 8 deletions(-)
Merging ceph/master (91880e4a7fac4 ceph: use the mount idmap for the owner checks in the SET_LAYOUT ioctls)
$ git merge -m Merge branch 'master' of https://github.com/ceph/ceph-client.git ceph/master
Already up to date.
Merging cifs/cifs-next (ffd294d346d18 Linux 6.13)
$ git merge -m Merge branch 'cifs-next' of https://git.manguebit.org/linux.git cifs/cifs-next
Already up to date.
Merging configfs/configfs-next (41a9c2b48e258 MAINTAINERS: configfs: split configfs entry in C and Rust parts)
$ git merge -m Merge branch 'configfs-next' of https://git.kernel.org/pub/scm/linux/kernel/git/a.hindborg/linux.git configfs/configfs-next
Already up to date.
Merging ecryptfs/next (f81cb44f9a4b8 ecryptfs: ecryptfs_kernel.h: clean up kernel-doc comments)
$ git merge -m Merge branch 'next' of https://git.kernel.org/pub/scm/linux/kernel/git/tyhicks/ecryptfs.git ecryptfs/next
Already up to date.
Merging dlm/next (e61113cfcaf71 dlm: init per node debugfs before add to node hash)
$ git merge -m Merge branch 'next' of https://git.kernel.org/pub/scm/linux/kernel/git/teigland/linux-dlm.git dlm/next
Already up to date.
Merging erofs/dev (a7d28aa0e9b2c erofs: simplify z_erofs_gbuf_growsize())
$ git merge -m Merge branch 'dev' of https://git.kernel.org/pub/scm/linux/kernel/git/xiang/erofs.git erofs/dev
Already up to date.
Merging exfat/dev (0a0d1d55dad57 Merge tag 'scftorture.2026.08.18a' of git://git.kernel.org/pub/scm/linux/kernel/git/rcu/linux)
$ git merge -m Merge branch 'dev' of https://git.kernel.org/pub/scm/linux/kernel/git/linkinjeon/exfat.git exfat/dev
Already up to date.
Merging ext3/for_next (3d7e6f0b557da Merge fsnotify bitmask race fix.)
$ git merge -m Merge branch 'for_next' of https://git.kernel.org/pub/scm/linux/kernel/git/jack/linux-fs.git ext3/for_next
Merge made by the 'ort' strategy.
Merging ext4/dev (9091c97be3408 ext4: fix estimate extent index blocks in ext4_ext_index_trans_blocks())
$ git merge -m Merge branch 'dev' of https://git.kernel.org/pub/scm/linux/kernel/git/tytso/ext4.git ext4/dev
Already up to date.
Merging f2fs/dev (24c1a47f1ed28 f2fs: don't leave the hashed inode while it's unlinked)
$ git merge -m Merge branch 'dev' of https://git.kernel.org/pub/scm/linux/kernel/git/jaegeuk/f2fs.git f2fs/dev
Auto-merging Documentation/filesystems/f2fs.rst
Auto-merging fs/f2fs/data.c
Auto-merging fs/f2fs/f2fs.h
Auto-merging fs/f2fs/file.c
Auto-merging fs/f2fs/namei.c
Auto-merging fs/f2fs/segment.c
Auto-merging fs/f2fs/super.c
Merge made by the 'ort' strategy.
 Documentation/ABI/testing/sysfs-fs-f2fs |  11 +
 Documentation/filesystems/f2fs.rst      |  35 +++
 fs/f2fs/checkpoint.c                    | 123 ++++++++-
 fs/f2fs/data.c                          |  50 +++-
 fs/f2fs/debug.c                         |   4 -
 fs/f2fs/dir.c                           |   7 +-
 fs/f2fs/extent_cache.c                  |   9 +
 fs/f2fs/f2fs.h                          |  88 +++++-
 fs/f2fs/file.c                          | 460 ++++++++++++++++++++++++++++----
 fs/f2fs/gc.c                            | 129 +++++----
 fs/f2fs/gc.h                            |  27 +-
 fs/f2fs/inline.c                        |   2 +-
 fs/f2fs/inode.c                         | 230 ++++++++++++----
 fs/f2fs/iostat.c                        |   6 +
 fs/f2fs/namei.c                         | 168 +++++++-----
 fs/f2fs/node.c                          |  81 +++---
 fs/f2fs/recovery.c                      |  55 ++--
 fs/f2fs/segment.c                       | 252 ++++++++++++-----
 fs/f2fs/segment.h                       |  36 ++-
 fs/f2fs/shrinker.c                      |   3 +-
 fs/f2fs/super.c                         |  63 ++++-
 fs/f2fs/sysfs.c                         |  32 ++-
 fs/f2fs/xattr.c                         |   2 +-
 include/trace/events/f2fs.h             |  23 +-
 include/uapi/linux/f2fs.h               |   7 +
 25 files changed, 1462 insertions(+), 441 deletions(-)
Merging fsverity/for-next (dc59e4fea9d83 Linux 7.2-rc1)
$ git merge -m Merge branch 'for-next' of https://git.kernel.org/pub/scm/fs/fsverity/linux.git fsverity/for-next
Already up to date.
Merging fuse/for-next (34b5c4a6e4fb9 fuse: zero the partial EOF page when extending a file)
$ git merge -m Merge branch 'for-next' of https://git.kernel.org/pub/scm/linux/kernel/git/mszeredi/fuse.git fuse/for-next
Already up to date.
Merging gfs2/for-next (4bb187d6f379c Merge tag 'gfs2-for-7.3' of git://git.kernel.org/pub/scm/linux/kernel/git/gfs2/linux-gfs2)
$ git merge -m Merge branch 'for-next' of https://git.kernel.org/pub/scm/linux/kernel/git/gfs2/linux-gfs2.git gfs2/for-next
Already up to date.
Merging jfs/jfs-next (dad98c5b2a05e jfs: avoid -Wtautological-constant-out-of-range-compare warning again)
$ git merge -m Merge branch 'jfs-next' of https://github.com/kleikamp/linux-shaggy.git jfs/jfs-next
Already up to date.
Merging ksmbd/ksmbd-for-next (c3b374d3a50e9 ksmbd: initialize FileSystemControlFlags in FS_CONTROL_INFORMATION)
$ git merge -m Merge branch 'ksmbd-for-next' of https://git.kernel.org/pub/scm/linux/kernel/git/linkinjeon/smb.git ksmbd/ksmbd-for-next
Merge made by the 'ort' strategy.
 Documentation/filesystems/smb/ksmbd.rst |   6 +-
 fs/smb/server/Kconfig                   |   2 +
 fs/smb/server/Makefile                  |   1 +
 fs/smb/server/smb2pdu.c                 |   2 +
 fs/smb/server/smbacl.c                  |   2 +
 fs/smb/server/tests/Kconfig             |  15 ++
 fs/smb/server/tests/Makefile            |   4 +
 fs/smb/server/tests/smbacl_kunit.c      | 301 ++++++++++++++++++++++++++++++++
 fs/smb/server/vfs.c                     |   2 +
 9 files changed, 332 insertions(+), 3 deletions(-)
 create mode 100644 fs/smb/server/tests/Kconfig
 create mode 100644 fs/smb/server/tests/Makefile
 create mode 100644 fs/smb/server/tests/smbacl_kunit.c
$ git am -3 ../patches/0001-ntfs3-Fix-up-merge-with-Linus.patch
Applying: ntfs3: Fix up merge with Linus
Using index info to reconstruct a base tree...
M	fs/ntfs3/file.c
Falling back to patching base and 3-way merge...
Auto-merging fs/ntfs3/file.c
No changes -- Patch already applied.
Merging nfs/linux-next (ee5a386cfe60f NFSv4.1: fix layout segment leak on the pnfs_layout_process() forget path)
$ git merge -m Merge branch 'linux-next' of git://git.linux-nfs.org/projects/trondmy/nfs-2.6.git nfs/linux-next
Auto-merging fs/nfs/blocklayout/dev.c
Auto-merging fs/nfs/callback_xdr.c
Auto-merging fs/nfs/dir.c
Auto-merging fs/nfs/internal.h
Auto-merging include/linux/nfs4.h
Auto-merging kernel/workqueue.c
Merge made by the 'ort' strategy.
 fs/lockd/clntproc.c                       |  3 ++
 fs/nfs/blocklayout/dev.c                  | 21 +++++++---
 fs/nfs/callback_proc.c                    |  5 ++-
 fs/nfs/callback_xdr.c                     |  2 +-
 fs/nfs/client.c                           | 14 ++++++-
 fs/nfs/delegation.c                       | 20 ++++++---
 fs/nfs/dir.c                              | 17 ++++++++
 fs/nfs/filelayout/filelayoutdev.c         |  5 ++-
 fs/nfs/flexfilelayout/flexfilelayout.c    | 26 +++++++++++-
 fs/nfs/flexfilelayout/flexfilelayoutdev.c |  6 ++-
 fs/nfs/inode.c                            | 28 ++++++++++---
 fs/nfs/internal.h                         |  8 ++--
 fs/nfs/localio.c                          | 56 +++++++++++++++++++------
 fs/nfs/nfs4client.c                       | 23 +++++++----
 fs/nfs/nfs4file.c                         |  2 +
 fs/nfs/nfs4proc.c                         | 69 ++++++++++++++++++++++++++++---
 fs/nfs/nfs4session.c                      | 21 ++++++----
 fs/nfs/nfs4session.h                      |  3 +-
 fs/nfs/nfs4state.c                        | 40 ++++++++++++++----
 fs/nfs/nfs4trace.h                        | 58 +++++++++++++++++++++++++-
 fs/nfs/nfs4xdr.c                          | 35 +++++++++++++++-
 fs/nfs/nfstrace.h                         |  3 +-
 fs/nfs/pnfs.c                             | 60 +++++++++++----------------
 fs/nfs/pnfs.h                             |  8 ++--
 fs/nfs/pnfs_nfs.c                         | 28 ++++++++-----
 fs/nfs/write.c                            | 13 +++---
 include/linux/nfs4.h                      |  9 ++++
 include/linux/nfs_fs.h                    |  4 ++
 include/linux/nfs_xdr.h                   | 10 ++++-
 include/linux/workqueue.h                 |  1 +
 kernel/workqueue.c                        | 24 +++++++++++
 net/sunrpc/clnt.c                         | 22 +++++++---
 net/sunrpc/rpcb_clnt.c                    |  4 ++
 net/sunrpc/xprtsock.c                     | 32 +++++++++-----
 34 files changed, 534 insertions(+), 146 deletions(-)
Merging nfs-anna/linux-next (e053b624f5d36 NFSv4.2: fix nfs4_listxattr size accounting)
$ git merge -m Merge branch 'linux-next' of git://git.linux-nfs.org/projects/anna/linux-nfs.git nfs-anna/linux-next
Already up to date.
Merging nfsd/nfsd-next (8d3ae59288f1e Linux 7.2)
$ git merge -m Merge branch 'nfsd-next' of https://git.kernel.org/pub/scm/linux/kernel/git/cel/linux nfsd/nfsd-next
Already up to date.
$ git am -3 ../patches/0001-Revert-smb-client-implement-fileattr_get-to-support-.patch
Applying: Revert "smb: client: implement fileattr_get to support FS_IOC_GETFLAGS"
Using index info to reconstruct a base tree...
M	fs/smb/client/cifsfs.c
M	fs/smb/client/cifsfs.h
M	fs/smb/client/inode.c
Falling back to patching base and 3-way merge...
Auto-merging fs/smb/client/inode.c
Auto-merging fs/smb/client/cifsfs.h
Auto-merging fs/smb/client/cifsfs.c
No changes -- Patch already applied.
Merging ntfs/ntfs-next (a7b842f182d12 ntfs: support resident WOF decompression)
$ git merge -m Merge branch 'ntfs-next' of https://git.kernel.org/pub/scm/linux/kernel/git/linkinjeon/ntfs.git ntfs/ntfs-next
Already up to date.
Merging ntfs3/master (c22f91d82cb9a fs/ntfs3: validate ef->size covers the record's name and value)
$ git merge -m Merge branch 'master' of https://github.com/Paragon-Software-Group/linux-ntfs3.git ntfs3/master
Already up to date.
Merging orangefs/for-next (d410cd5303ec5 orangefs: skip leading spaces before parsing client debug masks)
$ git merge -m Merge branch 'for-next' of https://git.kernel.org/pub/scm/linux/kernel/git/hubcap/linux.git orangefs/for-next
Already up to date.
Merging overlayfs/overlayfs-next (1f6ee9be92f8d ovl: make fsync after metadata copy-up opt-in mount option)
$ git merge -m Merge branch 'overlayfs-next' of https://git.kernel.org/pub/scm/linux/kernel/git/overlayfs/vfs.git overlayfs/overlayfs-next
Already up to date.
Merging ubifs/next (a5e0055eac837 UBI: support per-device wear-leveling threshold)
$ git merge -m Merge branch 'next' of https://git.kernel.org/pub/scm/linux/kernel/git/rw/ubifs.git ubifs/next
Merge made by the 'ort' strategy.
 drivers/mtd/ubi/attach.c     |  4 ++--
 drivers/mtd/ubi/build.c      | 48 +++++++++++++++++++++++++++++++--------
 drivers/mtd/ubi/cdev.c       |  2 +-
 drivers/mtd/ubi/fastmap-wl.c |  8 +++----
 drivers/mtd/ubi/fastmap.c    |  6 +++--
 drivers/mtd/ubi/io.c         | 11 +++++----
 drivers/mtd/ubi/ubi.h        | 25 +++++++++++++++++---
 drivers/mtd/ubi/wl.c         | 54 +++++++++++++++-----------------------------
 fs/ubifs/auth.c              |  2 +-
 fs/ubifs/debug.h             |  4 ++--
 fs/ubifs/key.h               |  2 +-
 fs/ubifs/ubifs.h             | 20 +++++++++-------
 include/uapi/mtd/ubi-user.h  | 10 +++++++-
 13 files changed, 122 insertions(+), 74 deletions(-)
Merging v9fs/9p-next (aa88278693cbf 9p: Add missing read barrier in virtio zero-copy path)
$ git merge -m Merge branch '9p-next' of https://github.com/martinetd/linux v9fs/9p-next
Already up to date.
Merging v9fs-ericvh/ericvh/for-next (028ef9c96e961 Linux 7.0)
$ git merge -m Merge branch 'ericvh/for-next' of https://git.kernel.org/pub/scm/linux/kernel/git/ericvh/v9fs.git v9fs-ericvh/ericvh/for-next
Already up to date.
Merging xfs/for-next (412f89fb3988a capability: unexport has_capability_noaudit)
$ git merge -m Merge branch 'for-next' of https://git.kernel.org/pub/scm/fs/xfs/xfs-linux.git xfs/for-next
Merge made by the 'ort' strategy.
 fs/quota/dquot.c            |   2 +-
 fs/xfs/Makefile             |   1 +
 fs/xfs/libxfs/xfs_rtgroup.h |   6 +-
 fs/xfs/libxfs/xfs_sb.c      |  37 ++++-----
 fs/xfs/xfs_aops.c           | 188 +-------------------------------------------
 fs/xfs/xfs_aops.h           |   1 -
 fs/xfs/xfs_file.c           |   2 +-
 fs/xfs/xfs_fsmap.c          |   3 +-
 fs/xfs/xfs_icache.c         |  16 ++--
 fs/xfs/xfs_ioctl.c          |   2 +-
 fs/xfs/xfs_ioend.c          | 184 +++++++++++++++++++++++++++++++++++++++++++
 fs/xfs/xfs_ioend.h          |  16 ++++
 fs/xfs/xfs_iomap.c          |   7 +-
 fs/xfs/xfs_iomap.h          |  14 ++++
 fs/xfs/xfs_iops.c           |   2 +-
 fs/xfs/xfs_platform.h       |  11 ---
 fs/xfs/xfs_super.c          |   2 +-
 fs/xfs/xfs_trans_buf.c      |   3 +-
 fs/xfs/xfs_zone_alloc.c     |  72 +++++++++++++----
 fs/xfs/xfs_zone_gc.c        |   5 ++
 include/linux/capability.h  |   5 ++
 kernel/capability.c         |  19 ++++-
 22 files changed, 339 insertions(+), 259 deletions(-)
 create mode 100644 fs/xfs/xfs_ioend.c
 create mode 100644 fs/xfs/xfs_ioend.h
Merging zonefs/for-next (3a8389d42bdf4 zonefs: handle integer overflow in zonefs_fname_to_fno)
$ git merge -m Merge branch 'for-next' of https://git.kernel.org/pub/scm/linux/kernel/git/dlemoal/zonefs.git zonefs/for-next
Already up to date.
Merging vfs-brauner/vfs.all (c4463c3bf63d0 Merge branch 'vfs-7.3.sync' into vfs.all)
$ git merge -m Merge branch 'vfs.all' of https://git.kernel.org/pub/scm/linux/kernel/git/vfs/vfs.git vfs-brauner/vfs.all
Auto-merging fs/nilfs2/inode.c
Auto-merging tools/testing/selftests/Makefile
Merge made by the 'ort' strategy.
 fs/nilfs2/Kconfig  |  2 +-
 fs/nilfs2/Makefile |  2 +-
 fs/nilfs2/file.c   | 40 +++++++++++++++++++++++++++---
 fs/nilfs2/inode.c  | 13 ----------
 fs/nilfs2/iomap.c  | 71 ++++++++++++++++++++++++++++++++++++++++++++++++++++++
 fs/nilfs2/iomap.h  | 13 ++++++++++
 6 files changed, 123 insertions(+), 18 deletions(-)
 create mode 100644 fs/nilfs2/iomap.c
 create mode 100644 fs/nilfs2/iomap.h
$ git am -3 ../patches/0001-ksmbd-Fix-removal-of-type-parameter-from-vfs_path_pa.patch
Applying: ksmbd: Fix removal of type parameter from vfs_path_parent_lookup()
Using index info to reconstruct a base tree...
M	fs/smb/server/vfs.c
Falling back to patching base and 3-way merge...
Auto-merging fs/smb/server/vfs.c
No changes -- Patch already applied.
Merging vfs/for-next (4dda01b67c866 Merge branches 'work.dcache', 'work.dcache-d_add' and 'work.configfs' into for-next)
$ git merge -m Merge branch 'for-next' of https://git.kernel.org/pub/scm/linux/kernel/git/viro/vfs.git vfs/for-next
Merge made by the 'ort' strategy.
Merging mm-fixes/for-next-fixes (53c7310601a54 Merge https://git.kernel.org/pub/scm/linux/kernel/git/akpm/mm.git mm-hotfixes-unstable into for-next-fixes)
$ git merge -m Merge branch 'for-next-fixes' of https://git.kernel.org/pub/scm/linux/kernel/git/mm/linux.git mm-fixes/for-next-fixes
Auto-merging MAINTAINERS
Auto-merging kernel/module/main.c
Auto-merging mm/huge_memory.c
Auto-merging mm/hugetlb.c
Auto-merging mm/hugetlb_cma.c
Auto-merging mm/khugepaged.c
Auto-merging mm/madvise.c
Auto-merging mm/memcontrol-v1.c
Auto-merging mm/mempolicy.c
Auto-merging mm/migrate_device.c
Auto-merging mm/userfaultfd.c
Merge made by the 'ort' strategy.
 Documentation/admin-guide/cgroup-v1/memory.rst | 49 ++++----------------------
 MAINTAINERS                                    |  2 +-
 kernel/module/main.c                           |  3 +-
 mm/huge_memory.c                               |  2 ++
 mm/hugetlb.c                                   | 20 ++++++-----
 mm/hugetlb_cgroup.c                            |  7 ++--
 mm/hugetlb_cma.c                               | 21 +++++++++--
 mm/khugepaged.c                                |  6 ----
 mm/madvise.c                                   |  8 +++++
 mm/memcontrol-v1.c                             | 43 +++++++++++++---------
 mm/mempolicy.c                                 |  2 +-
 mm/migrate_device.c                            | 18 ++++++++++
 mm/userfaultfd.c                               |  4 ++-
 13 files changed, 101 insertions(+), 84 deletions(-)
Merging fs-current (dde3ed8054cdc Merge branch 'fixes' of https://git.kernel.org/pub/scm/linux/kernel/git/viro/vfs.git)
$ git merge -m Merge branch 'fs-current' of linux-next fs-current
Merge made by the 'ort' strategy.
Merging kbuild-current/kbuild-fixes-for-next (e5a259d98823a kbuild: rpm-pkg: Preserve BTF sections in kernel modules during debuginfo stripping)
$ git merge -m Merge branch 'kbuild-fixes-for-next' of https://git.kernel.org/pub/scm/linux/kernel/git/kbuild/linux.git kbuild-current/kbuild-fixes-for-next
Already up to date.
Merging clang-fixes/clang-fixes-for-next (175db11786bde Disable -Wattribute-alias for clang-23 and newer)
$ git merge -m Merge branch 'clang-fixes-for-next' of https://git.kernel.org/pub/scm/linux/kernel/git/nathan/linux.git clang-fixes/clang-fixes-for-next
Already up to date.
Merging arc-current/for-curr (1590cf0329716 Linux 7.2-rc4)
$ git merge -m Merge branch 'for-curr' of https://git.kernel.org/pub/scm/linux/kernel/git/vgupta/arc.git arc-current/for-curr
Already up to date.
Merging arm-current/fixes (1039bffd6ae9c ARM: 9485/1: mm: acquire mmap write lock around show_pte() for user faults)
$ git merge -m Merge branch 'fixes' of https://git.kernel.org/pub/scm/linux/kernel/git/rmk/linux.git arm-current/fixes
Auto-merging arch/arm/Kconfig
Merge made by the 'ort' strategy.
 arch/arm/Kconfig                |  3 ++-
 arch/arm/kernel/hw_breakpoint.c | 11 ++++++-----
 arch/arm/mm/fault.c             | 22 ++++++++++++++++++++--
 3 files changed, 28 insertions(+), 8 deletions(-)
Merging arm64-fixes/for-next/fixes (f73a8edc2ccc6 arm64: make huge_ptep_get handled unaligned addresses)
$ git merge -m Merge branch 'for-next/fixes' of https://git.kernel.org/pub/scm/linux/kernel/git/arm64/linux arm64-fixes/for-next/fixes
Already up to date.
Merging arm-soc-fixes/arm/fixes (e36c0670d5ebe Merge tag 'tegra-for-7.2-arm64-dt-fixes-v2' of git://git.kernel.org/pub/scm/linux/kernel/git/tegra/linux into arm/fixes)
$ git merge -m Merge branch 'arm/fixes' of https://git.kernel.org/pub/scm/linux/kernel/git/soc/soc.git arm-soc-fixes/arm/fixes
Already up to date.
Merging davinci-current/davinci/for-current (dc59e4fea9d83 Linux 7.2-rc1)
$ git merge -m Merge branch 'davinci/for-current' of https://git.kernel.org/pub/scm/linux/kernel/git/brgl/linux.git davinci-current/davinci/for-current
Already up to date.
Merging realtek-fixes/fixes (dc59e4fea9d83 Linux 7.2-rc1)
$ git merge -m Merge branch 'fixes' of https://git.kernel.org/pub/scm/linux/kernel/git/yu_chun/linux.git realtek-fixes/fixes
Already up to date.
Merging drivers-memory-fixes/fixes (dc59e4fea9d83 Linux 7.2-rc1)
$ git merge -m Merge branch 'fixes' of https://git.kernel.org/pub/scm/linux/kernel/git/krzk/linux-mem-ctrl.git drivers-memory-fixes/fixes
Already up to date.
Merging sophgo-fixes/fixes (19272b37aa4f8 Linux 6.16-rc1)
$ git merge -m Merge branch 'fixes' of https://github.com/sophgo/linux.git sophgo-fixes/fixes
Already up to date.
Merging sophgo-soc-fixes/soc-fixes (0af2f6be1b428 Linux 6.15-rc1)
$ git merge -m Merge branch 'soc-fixes' of https://github.com/sophgo/linux.git sophgo-soc-fixes/soc-fixes
Already up to date.
Merging m68k-current/for-linus (2f8e3cad53b5c m68k: nfcon: Do not call console_is_registered() in nfcon_device())
$ git merge -m Merge branch 'for-linus' of https://git.kernel.org/pub/scm/linux/kernel/git/geert/linux-m68k.git m68k-current/for-linus
Already up to date.
Merging powerpc-fixes/fixes (fb442a6673ff1 powerpc/pseries: lparcfg - fix kbuf[] underflow)
$ git merge -m Merge branch 'fixes' of https://git.kernel.org/pub/scm/linux/kernel/git/powerpc/linux.git powerpc-fixes/fixes
Already up to date.
Merging s390-fixes/fixes (eb36325447249 s390/zcrypt: Pad trailing CCA or EP11 message with zeros)
$ git merge -m Merge branch 'fixes' of https://git.kernel.org/pub/scm/linux/kernel/git/s390/linux.git s390-fixes/fixes
Already up to date.
Merging net/main (f967455fb2a5a seg6: reset IP6CB after IPv6 decapsulation)
$ git merge -m Merge branch 'main' of https://git.kernel.org/pub/scm/linux/kernel/git/netdev/net.git net/main
Auto-merging drivers/infiniband/hw/mlx5/main.c
Auto-merging drivers/net/ethernet/pensando/ionic/ionic_if.h
Auto-merging drivers/net/thunderbolt/main.c
Auto-merging include/linux/skbuff.h
Merge made by the 'ort' strategy.
 Documentation/networking/oa-tc6-framework.rst      |   2 +-
 drivers/bluetooth/btmtk.c                          |  11 +-
 drivers/bluetooth/btmtksdio.c                      |  37 +-
 drivers/bluetooth/btnxpuart.c                      |  39 +-
 drivers/bluetooth/btrtl.c                          |  13 -
 drivers/bluetooth/btusb.c                          |   8 +
 drivers/bluetooth/hci_bcm.c                        |   1 +
 drivers/bluetooth/hci_bcm4377.c                    |   1 +
 drivers/bluetooth/hci_h5.c                         |   4 +-
 drivers/bluetooth/hci_intel.c                      |   1 +
 drivers/bluetooth/hci_ldisc.c                      |   2 +-
 drivers/bluetooth/hci_serdev.c                     |   2 +-
 drivers/infiniband/hw/mlx5/main.c                  |   5 +-
 drivers/net/ethernet/broadcom/bnx2x/bnx2x_main.c   |   3 +
 drivers/net/ethernet/broadcom/bnxt/bnxt.c          |  18 +-
 drivers/net/ethernet/broadcom/bnxt/bnxt_gso.c      |   4 +-
 drivers/net/ethernet/broadcom/bnxt/bnxt_hwmon.c    |   2 +-
 drivers/net/ethernet/cadence/macb_main.c           |   4 +-
 drivers/net/ethernet/freescale/enetc/enetc.c       |  72 +++-
 drivers/net/ethernet/freescale/enetc/enetc.h       |   9 +
 drivers/net/ethernet/freescale/enetc/enetc4_pf.c   |  16 +-
 drivers/net/ethernet/freescale/enetc/enetc_pf.c    |  14 +-
 drivers/net/ethernet/hisilicon/hibmcge/hbg_txrx.c  |   2 +-
 drivers/net/ethernet/intel/igc/igc_main.c          |   3 +-
 .../net/ethernet/marvell/octeontx2/af/cn20k/api.h  |   1 +
 .../marvell/octeontx2/af/cn20k/mbox_init.c         |  21 +-
 drivers/net/ethernet/marvell/octeontx2/af/rvu.c    |  43 +-
 .../ethernet/marvell/octeontx2/af/rvu_debugfs.c    |   6 +
 .../net/ethernet/marvell/octeontx2/af/rvu_nix.c    |  11 +-
 .../ethernet/marvell/octeontx2/nic/otx2_common.c   |   6 +-
 .../ethernet/marvell/octeontx2/nic/otx2_ethtool.c  |   3 +-
 .../net/ethernet/marvell/octeontx2/nic/otx2_vf.c   |  20 +-
 .../net/ethernet/marvell/octeontx2/nic/otx2_xsk.c  |   3 +-
 drivers/net/ethernet/mediatek/mtk_wed.c            |   5 +
 drivers/net/ethernet/mediatek/mtk_wed_regs.h       |   1 +
 .../net/ethernet/mellanox/mlx5/core/en/xsk/tx.c    |   2 +-
 drivers/net/ethernet/mellanox/mlx5/core/en_rep.c   |  20 +-
 .../ethernet/mellanox/mlx5/core/esw/adj_vport.c    |  22 +
 .../ethernet/mellanox/mlx5/core/eswitch_offloads.c |   4 +
 drivers/net/ethernet/mellanox/mlx5/core/lag/lag.c  |   2 +
 drivers/net/ethernet/mellanox/mlx5/core/vport.c    |  44 +-
 .../net/ethernet/microchip/sparx5/sparx5_netdev.c  |  11 +-
 .../ethernet/microchip/sparx5/sparx5_vcap_impl.c   |   5 +-
 .../net/ethernet/microchip/vcap/vcap_api_debugfs.c |  21 +
 .../net/ethernet/microchip/vcap/vcap_api_debugfs.h |  14 +
 drivers/net/ethernet/microsoft/mana/gdma_main.c    |  19 +
 drivers/net/ethernet/nvidia/forcedeth.c            |   6 +-
 drivers/net/ethernet/pensando/ionic/ionic_if.h     |   6 +-
 drivers/net/ethernet/qlogic/qede/qede.h            |   8 +-
 drivers/net/ethernet/qlogic/qede/qede_fp.c         |   1 +
 drivers/net/ethernet/qlogic/qlcnic/qlcnic_init.c   | 467 ++++++++++++---------
 .../net/ethernet/qualcomm/rmnet/rmnet_map_data.c   |   1 +
 drivers/net/ethernet/renesas/rswitch_main.c        |  18 +-
 drivers/net/ethernet/stmicro/stmmac/stmmac_main.c  |   3 +-
 .../net/ethernet/stmicro/stmmac/stmmac_platform.c  |   6 +-
 drivers/net/ethernet/wangxun/libwx/wx_ptp.c        |  18 +-
 drivers/net/ethernet/wangxun/txgbe/txgbe_irq.c     |   5 +-
 drivers/net/gtp.c                                  |  23 +-
 drivers/net/ipa/ipa_main.c                         |   6 +-
 drivers/net/ipa/ipa_modem.c                        |  18 +-
 drivers/net/netdevsim/netdev.c                     |   2 +
 drivers/net/ntb_netdev.c                           |  38 +-
 drivers/net/phy/phylink.c                          |   2 +-
 drivers/net/thunderbolt/main.c                     |   6 +-
 drivers/net/usb/cdc_ncm.c                          |   6 +
 drivers/net/vxlan/vxlan_core.c                     |  20 +-
 drivers/ntb/ntb_transport.c                        |  38 +-
 drivers/ptp/ptp_netc.c                             |  10 +-
 include/linux/ethtool_netlink.h                    |   3 -
 include/linux/mlx5/vport.h                         |   3 +-
 include/linux/skbuff.h                             |  24 ++
 include/net/bluetooth/hci_core.h                   |   2 +-
 include/net/bluetooth/l2cap.h                      |   5 +
 include/net/inetpeer.h                             |   4 +
 include/net/ip.h                                   |  25 ++
 include/net/ip6_route.h                            |  37 ++
 include/net/libeth/xsk.h                           |   2 +-
 include/net/netfilter/nf_tables.h                  |   1 +
 include/net/sctp/structs.h                         |   2 +-
 include/net/tcp.h                                  |   5 +
 include/net/xdp_sock_drv.h                         |  22 +-
 include/net/xsk_buff_pool.h                        |   3 +-
 include/uapi/linux/if_xdp.h                        |   1 +
 net/8021q/vlan_dev.c                               |  39 +-
 net/batman-adv/bridge_loop_avoidance.c             |  80 ++--
 net/batman-adv/distributed-arp-table.c             |  66 ++-
 net/batman-adv/main.c                              |   4 +
 net/batman-adv/mesh-interface.c                    |   7 +-
 net/batman-adv/multicast_forw.c                    |   7 +-
 net/batman-adv/tvlv.c                              |   5 +-
 net/batman-adv/types.h                             |   2 +-
 net/bluetooth/eir.c                                |   3 +-
 net/bluetooth/hci_conn.c                           |   3 +-
 net/bluetooth/hci_core.c                           |   2 +-
 net/bluetooth/hci_event.c                          |   7 +-
 net/bluetooth/hci_sync.c                           |  16 +-
 net/bluetooth/iso.c                                |   8 +
 net/bluetooth/l2cap_sock.c                         | 100 +++--
 net/bluetooth/mgmt.c                               |  18 +-
 net/bluetooth/rfcomm/core.c                        |  14 +-
 net/bridge/br_arp_nd_proxy.c                       |  24 +-
 net/bridge/br_netlink_tunnel.c                     |   3 +-
 net/core/net_namespace.c                           |  25 +-
 net/core/page_pool.c                               |   7 +
 net/core/skbuff.c                                  |  25 +-
 net/core/xdp.c                                     |   4 +-
 net/ife/ife.c                                      |  14 +-
 net/ipv4/inetpeer.c                                |  38 +-
 net/ipv4/ipip.c                                    |   2 +-
 net/ipv4/route.c                                   |   4 +-
 net/ipv4/tcp.c                                     |   3 +-
 net/ipv4/tcp_ao.c                                  |   9 +
 net/ipv4/tcp_ipv4.c                                |   2 +-
 net/ipv4/tcp_minisocks.c                           |   2 +-
 net/ipv4/tcp_output.c                              |   6 +-
 net/ipv6/ah6.c                                     |  29 +-
 net/ipv6/exthdrs.c                                 |  26 +-
 net/ipv6/ip6mr.c                                   |   3 +-
 net/ipv6/route.c                                   |   6 +-
 net/ipv6/seg6_local.c                              |  16 +
 net/ipv6/tcp_ipv6.c                                |   2 +-
 net/ipv6/xfrm6_input.c                             |   2 +-
 net/iucv/af_iucv.c                                 |   2 +
 net/l2tp/l2tp_netlink.c                            |  16 +-
 net/mctp/route.c                                   |  19 +-
 net/mptcp/syncookies.c                             |   1 +
 net/netfilter/ipset/ip_set_hash_gen.h              | 174 +++++---
 net/netfilter/ipset/ip_set_hash_netiface.c         |   1 -
 net/netfilter/ipset/ip_set_hash_netportnet.c       |   1 -
 net/netfilter/ipvs/ip_vs_ftp.c                     |  10 +-
 net/netfilter/nf_conntrack_expect.c                |  11 +-
 net/netfilter/nf_conntrack_netlink.c               |   2 +-
 net/netfilter/nf_tables_api.c                      | 143 ++++---
 net/netfilter/nfnetlink_queue.c                    |  72 +++-
 net/netfilter/nft_payload.c                        |  13 +
 net/openvswitch/conntrack.c                        | 120 ++++--
 net/openvswitch/conntrack.h                        |   6 +-
 net/openvswitch/datapath.c                         |  16 +-
 net/openvswitch/datapath.h                         |   8 +-
 net/packet/af_packet.c                             |  96 ++++-
 net/rds/cong.c                                     |   4 +-
 net/sched/act_api.c                                |   5 +-
 net/sched/act_bpf.c                                |  26 ++
 net/sched/act_ct.c                                 |  46 ++
 net/sched/act_ctinfo.c                             |  11 +
 net/sched/act_ife.c                                |  55 ++-
 net/sched/act_pedit.c                              |  24 ++
 net/sched/act_police.c                             |  12 +
 net/sched/act_sample.c                             |   9 +
 net/sched/act_skbmod.c                             |  12 +-
 net/sched/act_tunnel_key.c                         |  80 ++++
 net/sched/cls_api.c                                |   3 +-
 net/sched/cls_basic.c                              |   6 +-
 net/sched/cls_bpf.c                                |   6 +-
 net/sched/cls_cgroup.c                             |   2 +-
 net/sched/cls_flow.c                               |   2 +-
 net/sched/cls_flower.c                             |   4 +-
 net/sched/cls_fw.c                                 |   4 +-
 net/sched/cls_matchall.c                           |   4 +-
 net/sched/cls_route.c                              |   4 +-
 net/sched/cls_u32.c                                |  11 +-
 net/sched/sch_cake.c                               |   1 +
 net/sched/sch_codel.c                              |   2 +-
 net/sched/sch_fifo.c                               |   2 +-
 net/sched/sch_fq.c                                 |  14 +-
 net/sched/sch_fq_codel.c                           |   6 +-
 net/sched/sch_fq_pie.c                             |   3 +-
 net/sched/sch_gred.c                               |   4 +-
 net/sched/sch_hhf.c                                |   4 +
 net/sched/sch_plug.c                               |   2 +-
 net/sched/sch_sfq.c                                |   3 +-
 net/sched/sch_teql.c                               |   1 +
 net/sctp/inqueue.c                                 |   7 +-
 net/sctp/stream.c                                  |  48 ++-
 net/smc/smc.h                                      |   6 +-
 net/smc/smc_core.c                                 |  14 +-
 net/smc/smc_llc.c                                  | 125 ++++--
 net/smc/smc_rx.c                                   |  11 +-
 net/smc/smc_wr.c                                   |   6 +-
 net/tls/tls_device.c                               |   3 +-
 net/vmw_vsock/virtio_transport.c                   |   2 +-
 net/xdp/xsk.c                                      |  30 +-
 net/xdp/xsk_buff_pool.c                            |   7 +-
 net/xfrm/espintcp.c                                |   9 +-
 net/xfrm/xfrm_nat_keepalive.c                      |  53 ++-
 net/xfrm/xfrm_output.c                             |   4 +-
 net/xfrm/xfrm_user.c                               |   2 +-
 tools/include/uapi/linux/if_xdp.h                  |   1 +
 tools/net/ynl/lib/ynl.c                            |   3 +
 tools/testing/selftests/net/fin_ack_lat.c          |   5 +-
 tools/testing/selftests/net/fin_ack_lat.sh         |   2 +-
 .../net/packetdrill/tcp_advmss_pmtu_ipv4.pkt       |  67 +++
 .../net/packetdrill/tcp_advmss_pmtu_ipv6.pkt       |  67 +++
 193 files changed, 2589 insertions(+), 1003 deletions(-)
 create mode 100644 tools/testing/selftests/net/packetdrill/tcp_advmss_pmtu_ipv4.pkt
 create mode 100644 tools/testing/selftests/net/packetdrill/tcp_advmss_pmtu_ipv6.pkt
Merging bpf/master (75b0a6db4300e bpf: Fix percpu map update indexing with sparse CPU IDs)
$ git merge -m Merge branch 'master' of https://git.kernel.org/pub/scm/linux/kernel/git/bpf/bpf.git/ bpf/master
Merge made by the 'ort' strategy.
 arch/x86/net/bpf_jit_comp.c                        |  8 +++--
 include/linux/bpf.h                                |  2 +-
 include/linux/filter.h                             |  1 -
 kernel/bpf/arraymap.c                              |  5 +--
 kernel/bpf/core.c                                  |  5 ---
 kernel/bpf/disasm.c                                |  3 +-
 kernel/bpf/hashtab.c                               |  5 +--
 kernel/bpf/local_storage.c                         |  5 +--
 kernel/bpf/percpu_freelist.c                       | 35 +++++++++++++-----
 kernel/bpf/percpu_freelist.h                       |  1 +
 kernel/bpf/verifier.c                              | 11 ++++--
 .../testing/selftests/bpf/progs/verifier_bounds.c  | 41 ++++++++++++++++++++++
 tools/testing/selftests/bpf/progs/verifier_cfg.c   | 14 ++++++++
 13 files changed, 108 insertions(+), 28 deletions(-)
Merging ipsec/master (d2f5082f9e846 xfrm: add missing rcu_read_lock(), skb_dst_force() and dev_hold() for xfrm_trans_reinject())
$ git merge -m Merge branch 'master' of https://git.kernel.org/pub/scm/linux/kernel/git/klassert/ipsec.git ipsec/master
Merge made by the 'ort' strategy.
 net/ipv6/xfrm6_output.c | 10 ++++++++--
 net/xfrm/xfrm_input.c   | 11 +++++++++++
 net/xfrm/xfrm_iptfs.c   | 12 ++++++++++--
 net/xfrm/xfrm_state.c   |  5 +++++
 net/xfrm/xfrm_user.c    | 18 +++++-------------
 5 files changed, 39 insertions(+), 17 deletions(-)
Merging netfilter/main (7cbfb180945ce net/sched: sch_cake: fix autorate reconfiguration throttling)
$ git merge -m Merge branch 'main' of https://git.kernel.org/pub/scm/linux/kernel/git/netfilter/nf.git netfilter/main
Already up to date.
Merging ipvs/main (2c7c88a412aa6 Merge tag 'net-7.2-rc3' of git://git.kernel.org/pub/scm/linux/kernel/git/netdev/net)
$ git merge -m Merge branch 'main' of https://git.kernel.org/pub/scm/linux/kernel/git/horms/ipvs.git ipvs/main
Already up to date.
Merging wireless/for-next (2812e64e1575e Merge tag 'net-7.2-rc6' of git://git.kernel.org/pub/scm/linux/kernel/git/netdev/net)
$ git merge -m Merge branch 'for-next' of https://git.kernel.org/pub/scm/linux/kernel/git/wireless/wireless.git wireless/for-next
Already up to date.
Merging ath/for-current (2812e64e1575e Merge tag 'net-7.2-rc6' of git://git.kernel.org/pub/scm/linux/kernel/git/netdev/net)
$ git merge -m Merge branch 'for-current' of https://git.kernel.org/pub/scm/linux/kernel/git/ath/ath.git ath/for-current
Already up to date.
Merging iwlwifi/fixes (d13d5d299c11b wifi: iwlwifi: validate SEC_RT TLV minimum size)
$ git merge -m Merge branch 'fixes' of https://git.kernel.org/pub/scm/linux/kernel/git/iwlwifi/iwlwifi-next.git iwlwifi/fixes
Already up to date.
Merging wpan/master (8ce4f287524c7 net: libwx: fix firmware mailbox abnormal return)
$ git merge -m Merge branch 'master' of https://git.kernel.org/pub/scm/linux/kernel/git/wpan/wpan.git wpan/master
Already up to date.
Merging rdma-fixes/for-rc (8049741ac93ac RDMA/ucma: Allow path records to exactly fit the output buffer)
$ git merge -m Merge branch 'for-rc' of https://git.kernel.org/pub/scm/linux/kernel/git/rdma/rdma.git rdma-fixes/for-rc
Already up to date.
Merging sound-current/for-linus (58c1c30074a8d ALSA: rawmidi: Another workaround for false-positive mutex lockdep warning)
$ git merge -m Merge branch 'for-linus' of https://git.kernel.org/pub/scm/linux/kernel/git/tiwai/sound.git sound-current/for-linus
Merge made by the 'ort' strategy.
 Documentation/sound/alsa-configuration.rst | 25 ++++----
 include/sound/rawmidi.h                    |  8 ++-
 sound/aoa/soundbus/i2sbus/core.c           |  2 +
 sound/core/rawmidi.c                       | 11 ++--
 sound/core/ump.c                           |  3 +-
 sound/drivers/mtpav.c                      |  4 +-
 sound/hda/codecs/conexant.c                |  8 +--
 sound/hda/codecs/realtek/alc269.c          | 93 +++++++++++++++++++++++++++++-
 sound/pci/ice1712/ice1712.c                |  7 ++-
 sound/pci/pcxhr/pcxhr.c                    | 14 ++---
 sound/usb/card.c                           | 14 +++--
 sound/usb/midi.c                           |  2 +
 sound/usb/mixer.c                          | 82 +++++++++-----------------
 sound/usb/mixer_maps.c                     | 21 ++++---
 sound/usb/quirks-table.h                   | 22 +++++++
 sound/usb/quirks.c                         | 26 ++++-----
 sound/usb/usbaudio.h                       | 24 +++-----
 17 files changed, 235 insertions(+), 131 deletions(-)
Merging sound-asoc-fixes/for-linus (a1a84efff65dd Merge remote-tracking branch 'asoc/for-7.2' into asoc-linus)
$ git merge -m Merge branch 'for-linus' of https://git.kernel.org/pub/scm/linux/kernel/git/broonie/sound.git sound-asoc-fixes/for-linus
Merge made by the 'ort' strategy.
 include/dt-bindings/sound/qcom,q6dsp-lpass-ports.h |  56 +++---
 sound/soc/amd/yc/acp6x-mach.c                      |   7 +
 sound/soc/codecs/max98926.c                        |   2 +-
 sound/soc/codecs/rt712-sdca.c                      |   1 +
 sound/soc/codecs/rt712-sdca.h                      |   1 +
 sound/soc/codecs/rt766-sdca-sdw.c                  |   2 +
 sound/soc/codecs/tac5xx2-sdw.c                     | 118 ++++++------
 sound/soc/codecs/tac5xx2.h                         |   5 +-
 sound/soc/codecs/tas2783-sdw.c                     |  20 ++
 sound/soc/fsl/Kconfig                              |   4 +-
 sound/soc/fsl/efika-audio-fabric.c                 |   2 -
 sound/soc/fsl/pcm030-audio-fabric.c                |   2 -
 sound/soc/loongson/loongson_card.c                 |  14 +-
 sound/soc/qcom/common.c                            |   6 +-
 sound/soc/qcom/qdsp6/q6apm-dai.c                   |   4 +-
 sound/soc/qcom/qdsp6/q6prm-clocks.c                |  56 +++---
 sound/soc/qcom/qdsp6/q6prm.h                       |  56 +++---
 sound/soc/qcom/sc8280xp.c                          |  21 ++-
 sound/soc/sdw_utils/soc_sdw_rt_amp.c               |   2 +
 sound/soc/sdw_utils/soc_sdw_utils.c                |  28 ++-
 sound/soc/tegra/tegra210_admaif.c                  | 210 ++++++++++++++-------
 sound/soc/tegra/tegra210_i2s.c                     |  20 +-
 sound/soc/tegra/tegra210_i2s.h                     |   1 +
 sound/soc/tegra/tegra210_mbdrc.c                   |  42 ++---
 sound/soc/tegra/tegra210_mixer.c                   |  10 +-
 25 files changed, 422 insertions(+), 268 deletions(-)
Merging regmap-fixes/for-linus (00268f9452d2a regmap: sdw-mbq: don't call an unset readable_reg callback)
$ git merge -m Merge branch 'for-linus' of https://git.kernel.org/pub/scm/linux/kernel/git/broonie/regmap.git regmap-fixes/for-linus
Already up to date.
Merging regulator-fixes/for-linus (bd2a0c2d8c49f Merge remote-tracking branch 'regulator/for-7.2' into regulator-linus)
$ git merge -m Merge branch 'for-linus' of https://git.kernel.org/pub/scm/linux/kernel/git/broonie/regulator.git regulator-fixes/for-linus
Merge made by the 'ort' strategy.
 drivers/regulator/tps65185.c | 6 ++++++
 1 file changed, 6 insertions(+)
Merging spi-fixes/for-linus (67140664a029c Merge remote-tracking branch 'spi/for-7.2' into spi-linus)
$ git merge -m Merge branch 'for-linus' of https://git.kernel.org/pub/scm/linux/kernel/git/broonie/spi.git spi-fixes/for-linus
Merge made by the 'ort' strategy.
 drivers/spi/spi-amlogic-spisg.c | 2 +-
 drivers/spi/spi-loongson-core.c | 6 ++----
 2 files changed, 3 insertions(+), 5 deletions(-)
Merging pci-current/for-linus (570f7e331f5fe Merge tag 'pci-v7.3-changes' of git://git.kernel.org/pub/scm/linux/kernel/git/pci/pci)
$ git merge -m Merge branch 'for-linus' of https://git.kernel.org/pub/scm/linux/kernel/git/pci/pci.git pci-current/for-linus
Already up to date.
Merging driver-core.current/driver-core-linus (45c13f3f9e3bb Merge tag 'hwlock-v7.3' of git://git.kernel.org/pub/scm/linux/kernel/git/remoteproc/linux)
$ git merge -m Merge branch 'driver-core-linus' of https://git.kernel.org/pub/scm/linux/kernel/git/driver-core/driver-core.git driver-core.current/driver-core-linus
Already up to date.
Merging tty.current/tty-linus (45c13f3f9e3bb Merge tag 'hwlock-v7.3' of git://git.kernel.org/pub/scm/linux/kernel/git/remoteproc/linux)
$ git merge -m Merge branch 'tty-linus' of https://git.kernel.org/pub/scm/linux/kernel/git/gregkh/tty.git tty.current/tty-linus
Already up to date.
Merging usb.current/usb-linus (45c13f3f9e3bb Merge tag 'hwlock-v7.3' of git://git.kernel.org/pub/scm/linux/kernel/git/remoteproc/linux)
$ git merge -m Merge branch 'usb-linus' of https://git.kernel.org/pub/scm/linux/kernel/git/gregkh/usb.git usb.current/usb-linus
Already up to date.
Merging usb-serial-fixes/usb-linus (d37186bd95a07 USB: serial: spcp8x5: drop broken carrier detect support)
$ git merge -m Merge branch 'usb-linus' of https://git.kernel.org/pub/scm/linux/kernel/git/johan/usb-serial.git usb-serial-fixes/usb-linus
Already up to date.
Merging phy/fixes (075b74841bd00 Linux 7.2-rc6)
$ git merge -m Merge branch 'fixes' of https://git.kernel.org/pub/scm/linux/kernel/git/phy/linux-phy.git phy/fixes
Already up to date.
Merging staging.current/staging-linus (45c13f3f9e3bb Merge tag 'hwlock-v7.3' of git://git.kernel.org/pub/scm/linux/kernel/git/remoteproc/linux)
$ git merge -m Merge branch 'staging-linus' of https://git.kernel.org/pub/scm/linux/kernel/git/gregkh/staging.git staging.current/staging-linus
Already up to date.
Merging iio-fixes/fixes-togreg (6b9f23b546081 iio: frequency: admv1013: fix wrong channel field used in admv1013_read_raw())
$ git merge -m Merge branch 'fixes-togreg' of https://git.kernel.org/pub/scm/linux/kernel/git/jic23/iio.git iio-fixes/fixes-togreg
Auto-merging drivers/iio/accel/kionix-kx022a.c
Auto-merging drivers/iio/accel/sca3000.c
Auto-merging drivers/iio/adc/ade9000.c
Auto-merging drivers/iio/adc/adi-axi-adc.c
Auto-merging drivers/iio/adc/max1363.c
Auto-merging drivers/iio/adc/rohm-bd79124.c
Auto-merging drivers/iio/adc/xilinx-xadc-core.c
Auto-merging drivers/iio/dac/rohm-bd79703.c
Auto-merging drivers/iio/frequency/adf4377.c
Auto-merging drivers/iio/frequency/admv1013.c
Auto-merging drivers/iio/gyro/adis16136.c
Auto-merging drivers/iio/health/max30102.c
Auto-merging drivers/iio/imu/adis16400.c
Auto-merging drivers/iio/imu/adis16480.c
Auto-merging drivers/iio/light/gp2ap020a00f.c
Auto-merging drivers/iio/pressure/bmp280-core.c
Auto-merging drivers/iio/pressure/rohm-bm1390.c
Auto-merging drivers/iio/proximity/sx9324.c
Merge made by the 'ort' strategy.
 drivers/iio/accel/kionix-kx022a.c  |  2 +-
 drivers/iio/accel/sca3000.c        |  2 +-
 drivers/iio/adc/ade9000.c          | 31 ++++++++++++++++---------------
 drivers/iio/adc/adi-axi-adc.c      |  4 ++++
 drivers/iio/adc/max1363.c          |  8 ++++++++
 drivers/iio/adc/rohm-bd79124.c     | 20 ++++++++++++++------
 drivers/iio/adc/xilinx-xadc-core.c |  9 +++++----
 drivers/iio/dac/rohm-bd79703.c     |  3 +++
 drivers/iio/frequency/adf4377.c    |  4 ++--
 drivers/iio/frequency/admv1013.c   |  9 ++++++---
 drivers/iio/gyro/adis16136.c       |  2 +-
 drivers/iio/health/max30102.c      | 12 +++++++++---
 drivers/iio/imu/adis16400.c        |  2 +-
 drivers/iio/imu/adis16480.c        |  4 ++--
 drivers/iio/industrialio-buffer.c  |  3 ++-
 drivers/iio/light/gp2ap020a00f.c   |  2 ++
 drivers/iio/light/rohm-bu27034.c   |  2 +-
 drivers/iio/pressure/bmp280-core.c |  2 +-
 drivers/iio/pressure/rohm-bm1390.c |  2 +-
 drivers/iio/proximity/aw96103.c    | 30 ++++++++++++++++++++++++------
 drivers/iio/proximity/sx9324.c     |  2 +-
 21 files changed, 105 insertions(+), 50 deletions(-)
Merging watchdog-fixes/watchdog (db2ddb8714351 Linux 7.2-rc7)
$ git merge -m Merge branch 'watchdog' of https://git.kernel.org/pub/scm/linux/kernel/git/groeck/linux-staging.git watchdog-fixes/watchdog
Already up to date.
Merging counter-current/counter-current (f1a3a9946aab6 counter: microchip-tcb-capture: Fix DT channel validation)
$ git merge -m Merge branch 'counter-current' of https://git.kernel.org/pub/scm/linux/kernel/git/wbg/counter.git counter-current/counter-current
Already up to date.
Merging char-misc.current/char-misc-linus (45c13f3f9e3bb Merge tag 'hwlock-v7.3' of git://git.kernel.org/pub/scm/linux/kernel/git/remoteproc/linux)
$ git merge -m Merge branch 'char-misc-linus' of https://git.kernel.org/pub/scm/linux/kernel/git/gregkh/char-misc.git char-misc.current/char-misc-linus
Already up to date.
Merging soundwire-fixes/fixes (dc59e4fea9d83 Linux 7.2-rc1)
$ git merge -m Merge branch 'fixes' of https://git.kernel.org/pub/scm/linux/kernel/git/vkoul/soundwire.git soundwire-fixes/fixes
Already up to date.
Merging thunderbolt-fixes/fixes (8d3ae59288f1e Linux 7.2)
$ git merge -m Merge branch 'fixes' of https://git.kernel.org/pub/scm/linux/kernel/git/westeri/thunderbolt.git thunderbolt-fixes/fixes
Already up to date.
Merging input-current/for-linus (b4d85f863e5a6 Merge branch 'next' into for-linus)
$ git merge -m Merge branch 'for-linus' of https://git.kernel.org/pub/scm/linux/kernel/git/dtor/input.git input-current/for-linus
Already up to date.
Merging crypto-current/master (ee440d4fc0d2f crypto: acomp - allocate async request context when cloning)
$ git merge -m Merge branch 'master' of https://git.kernel.org/pub/scm/linux/kernel/git/herbert/crypto-2.6.git crypto-current/master
Merge made by the 'ort' strategy.
 crypto/acompress.c | 16 +++++++++++++---
 1 file changed, 13 insertions(+), 3 deletions(-)
Merging libcrypto-fixes/libcrypto-fixes (1590cf0329716 Linux 7.2-rc4)
$ git merge -m Merge branch 'libcrypto-fixes' of https://git.kernel.org/pub/scm/linux/kernel/git/ebiggers/linux.git libcrypto-fixes/libcrypto-fixes
Already up to date.
Merging vfio-fixes/for-linus (e242e974e812e vfio: selftests: Add luuid to libvfio.mk's list of libraries, not to the Makefile)
$ git merge -m Merge branch 'for-linus' of https://github.com/awilliam/linux-vfio.git vfio-fixes/for-linus
Already up to date.
Merging kselftest-fixes/fixes (c5c413534d40e selftests/tracing: Have trigger-hist-poll.tc use sched_process_exit)
$ git merge -m Merge branch 'fixes' of https://git.kernel.org/pub/scm/linux/kernel/git/shuah/linux-kselftest.git kselftest-fixes/fixes
Already up to date.
Merging dmaengine-fixes/fixes (075b74841bd00 Linux 7.2-rc6)
$ git merge -m Merge branch 'fixes' of https://git.kernel.org/pub/scm/linux/kernel/git/vkoul/dmaengine.git dmaengine-fixes/fixes
Already up to date.
Merging backlight-fixes/for-backlight-fixes (dc59e4fea9d83 Linux 7.2-rc1)
$ git merge -m Merge branch 'for-backlight-fixes' of https://git.kernel.org/pub/scm/linux/kernel/git/lee/backlight.git backlight-fixes/for-backlight-fixes
Already up to date.
Merging mtd-fixes/mtd/fixes (2b533e775aec5 Revert "mtd: maps: remove uclinux map driver")
$ git merge -m Merge branch 'mtd/fixes' of https://git.kernel.org/pub/scm/linux/kernel/git/mtd/linux.git mtd-fixes/mtd/fixes
Already up to date.
Merging mfd-fixes/for-mfd-fixes (d5d2d7a8d8be1 MAINTAINERS: Add a mailing list entry to MFD)
$ git merge -m Merge branch 'for-mfd-fixes' of https://git.kernel.org/pub/scm/linux/kernel/git/lee/mfd.git mfd-fixes/for-mfd-fixes
Already up to date.
Merging v4l-dvb-fixes/fixes (dc59e4fea9d83 Linux 7.2-rc1)
$ git merge -m Merge branch 'fixes' of git://linuxtv.org/media-ci/media-pending.git v4l-dvb-fixes/fixes
Already up to date.
Merging reset-fixes/reset/fixes (71827776667f4 reset: imx7: Correct polarity of MIPI CSI resets on i.MX8MQ)
$ git merge -m Merge branch 'reset/fixes' of https://git.kernel.org/pub/scm/linux/kernel/git/pza/linux reset-fixes/reset/fixes
Already up to date.
Merging mips-fixes/mips-fixes (a13c140cc289c Linux 7.2-rc3)
$ git merge -m Merge branch 'mips-fixes' of https://git.kernel.org/pub/scm/linux/kernel/git/mips/linux.git mips-fixes/mips-fixes
Already up to date.
Merging at91-fixes/at91-fixes (dc59e4fea9d83 Linux 7.2-rc1)
$ git merge -m Merge branch 'at91-fixes' of https://git.kernel.org/pub/scm/linux/kernel/git/at91/linux.git at91-fixes/at91-fixes
Already up to date.
Merging omap-fixes/fixes (dc59e4fea9d83 Linux 7.2-rc1)
$ git merge -m Merge branch 'fixes' of https://git.kernel.org/pub/scm/linux/kernel/git/khilman/linux-omap.git omap-fixes/fixes
Already up to date.
Merging kvm-fixes/master (8d3ae59288f1e Linux 7.2)
$ git merge -m Merge branch 'master' of git://git.kernel.org/pub/scm/virt/kvm/kvm.git kvm-fixes/master
Already up to date.
Merging kvms390-fixes/master (30300ec2780ef KVM: s390: Fix potential tiny kernel stack leak)
$ git merge -m Merge branch 'master' of https://git.kernel.org/pub/scm/linux/kernel/git/kvms390/linux.git kvms390-fixes/master
Already up to date.
Merging kvm-arm-fixes/fixes (751a956c75a54 KVM: arm64: GICv2: Don't WARN on out-of-range INTID writes to GICV_DIR)
$ git merge -m Merge branch 'fixes' of https://git.kernel.org/pub/scm/linux/kernel/git/kvmarm/kvmarm.git kvm-arm-fixes/fixes
Merge made by the 'ort' strategy.
Merging hwmon-fixes/hwmon (83a16909eb643 hwmon: (sht4x) Fix return value from heater_enable_store())
$ git merge -m Merge branch 'hwmon' of https://git.kernel.org/pub/scm/linux/kernel/git/groeck/linux-staging.git hwmon-fixes/hwmon
Merge made by the 'ort' strategy.
 Documentation/hwmon/gpd-fan.rst          |   2 +-
 Documentation/hwmon/hwmon-kernel-api.rst |  15 +++
 drivers/hwmon/gpio-fan.c                 |   8 +-
 drivers/hwmon/hwmon.c                    |  31 +++---
 drivers/hwmon/ina2xx.c                   | 163 ++++++++++++++++++++++++++-----
 drivers/hwmon/ltc4282.c                  |   2 +-
 drivers/hwmon/mcp9982.c                  |   2 +
 drivers/hwmon/sht4x.c                    |   8 +-
 drivers/hwmon/yogafan.c                  |   2 +-
 9 files changed, 189 insertions(+), 44 deletions(-)
Merging nvdimm-fixes/libnvdimm-fixes (a8aec14230322 nvdimm/bus: Fix potential use after free in asynchronous initialization)
$ git merge -m Merge branch 'libnvdimm-fixes' of https://git.kernel.org/pub/scm/linux/kernel/git/nvdimm/nvdimm.git nvdimm-fixes/libnvdimm-fixes
Already up to date.
Merging cxl-fixes/fixes (d90f236f8b9e3 cxl/test: Update mock dev array before calling platform_device_add())
$ git merge -m Merge branch 'fixes' of https://git.kernel.org/pub/scm/linux/kernel/git/cxl/cxl.git cxl-fixes/fixes
Already up to date.
Merging dma-mapping-fixes/dma-mapping-fixes (dc59e4fea9d83 Linux 7.2-rc1)
$ git merge -m Merge branch 'dma-mapping-fixes' of https://git.kernel.org/pub/scm/linux/kernel/git/mszyprowski/linux.git dma-mapping-fixes/dma-mapping-fixes
Already up to date.
Merging drivers-x86-fixes/fixes (5b05bb3f6c571 Merge tag 'platform-drivers-x86-v7.3-1' of git://git.kernel.org/pub/scm/linux/kernel/git/pdx86/platform-drivers-x86)
$ git merge -m Merge branch 'fixes' of https://git.kernel.org/pub/scm/linux/kernel/git/pdx86/platform-drivers-x86.git drivers-x86-fixes/fixes
Already up to date.
Merging samsung-krzk-fixes/fixes (dc59e4fea9d83 Linux 7.2-rc1)
$ git merge -m Merge branch 'fixes' of https://git.kernel.org/pub/scm/linux/kernel/git/krzk/linux.git samsung-krzk-fixes/fixes
Already up to date.
Merging pinctrl-samsung-fixes/fixes (dc59e4fea9d83 Linux 7.2-rc1)
$ git merge -m Merge branch 'fixes' of https://git.kernel.org/pub/scm/linux/kernel/git/pinctrl/samsung.git pinctrl-samsung-fixes/fixes
Already up to date.
Merging pinctrl-qcom-fixes/pinctrl-qcom/for-current (1e7b04c12c077 pinctrl: qcom: shikra: Fix intr_target_width for summary interrupt routing)
$ git merge -m Merge branch 'pinctrl-qcom/for-current' of https://git.kernel.org/pub/scm/linux/kernel/git/brgl/linux.git pinctrl-qcom-fixes/pinctrl-qcom/for-current
Already up to date.
Merging devicetree-fixes/dt/linus (bba13ad17b1a1 of/address: Fix NULL bus dereference in of_pci_range_parser_one())
$ git merge -m Merge branch 'dt/linus' of https://git.kernel.org/pub/scm/linux/kernel/git/robh/linux.git devicetree-fixes/dt/linus
Already up to date.
Merging dt-krzk-fixes/fixes (dc59e4fea9d83 Linux 7.2-rc1)
$ git merge -m Merge branch 'fixes' of https://git.kernel.org/pub/scm/linux/kernel/git/krzk/linux-dt.git dt-krzk-fixes/fixes
Already up to date.
Merging scsi-fixes/fixes (c4f6916a99cf1 scsi: scsi_debug: Negate wrapped memcmp() result)
$ git merge -m Merge branch 'fixes' of https://git.kernel.org/pub/scm/linux/kernel/git/mkp/scsi.git scsi-fixes/fixes
Already up to date.
Merging drm-fixes/drm-fixes (8d3ae59288f1e Linux 7.2)
$ git merge -m Merge branch 'drm-fixes' of https://gitlab.freedesktop.org/drm/kernel.git drm-fixes/drm-fixes
Already up to date.
Merging drm-intel-fixes/for-linux-next-fixes (266ebacffc580 drm/i915/lt_phy: program DDI_CLK_VALFREQ with DDI clock frequency)
$ git merge -m Merge branch 'for-linux-next-fixes' of https://gitlab.freedesktop.org/drm/i915/kernel.git drm-intel-fixes/for-linux-next-fixes
Auto-merging drivers/gpu/drm/i915/display/intel_cx0_phy.c
Auto-merging drivers/gpu/drm/i915/display/intel_ddi.c
Auto-merging drivers/gpu/drm/i915/display/intel_dp_mst.c
Auto-merging drivers/gpu/drm/i915/display/intel_lt_phy.c
Merge made by the 'ort' strategy.
 drivers/gpu/drm/i915/display/intel_cx0_phy.c |  5 +++--
 drivers/gpu/drm/i915/display/intel_ddi.c     | 11 +++++++++++
 drivers/gpu/drm/i915/display/intel_ddi.h     |  1 +
 drivers/gpu/drm/i915/display/intel_dp_mst.c  |  4 ----
 drivers/gpu/drm/i915/display/intel_lt_phy.c  |  6 ++++--
 5 files changed, 19 insertions(+), 8 deletions(-)
Merging mmc-fixes/fixes (00179ed9fbe07 mmc: loongson2: Fix sg iteration in data reorder functions)
$ git merge -m Merge branch 'fixes' of https://git.kernel.org/pub/scm/linux/kernel/git/ulfh/mmc.git mmc-fixes/fixes
Already up to date.
Merging rtc-fixes/rtc-fixes (254f49634ee16 Linux 7.1-rc1)
$ git merge -m Merge branch 'rtc-fixes' of https://git.kernel.org/pub/scm/linux/kernel/git/abelloni/linux.git rtc-fixes/rtc-fixes
Already up to date.
Merging gnss-fixes/gnss-linus (a13c140cc289c Linux 7.2-rc3)
$ git merge -m Merge branch 'gnss-linus' of https://git.kernel.org/pub/scm/linux/kernel/git/johan/gnss.git gnss-fixes/gnss-linus
Already up to date.
Merging hyperv-fixes/hyperv-fixes (0fd49f7bfb8f1 mshv_vtl: bounds-check cpu index in vtl mmap fault handler)
$ git merge -m Merge branch 'hyperv-fixes' of https://git.kernel.org/pub/scm/linux/kernel/git/hyperv/linux.git hyperv-fixes/hyperv-fixes
Merge made by the 'ort' strategy.
Merging risc-v-fixes/fixes (2c1efc460f9ca riscv: bug: Make RV32 use GENERIC_BUG_RELATIVE_POINTERS)
$ git merge -m Merge branch 'fixes' of https://git.kernel.org/pub/scm/linux/kernel/git/riscv/linux.git risc-v-fixes/fixes
Auto-merging arch/riscv/Kconfig
Merge made by the 'ort' strategy.
 arch/riscv/Kconfig              | 2 +-
 arch/riscv/include/asm/bug.h    | 5 -----
 arch/riscv/kernel/patch.c       | 2 ++
 arch/riscv/kernel/process.c     | 4 +---
 arch/riscv/kernel/sys_hwprobe.c | 5 ++---
 arch/riscv/kernel/usercfi.c     | 5 ++---
 arch/riscv/mm/init.c            | 4 +++-
 7 files changed, 11 insertions(+), 16 deletions(-)
Merging riscv-dt-fixes/riscv-dt-fixes (42c57c049054d riscv: dts: starfive: jh7110-common: fix jh7110 SoC boot from SD-card.)
$ git merge -m Merge branch 'riscv-dt-fixes' of https://git.kernel.org/pub/scm/linux/kernel/git/conor/linux.git riscv-dt-fixes/riscv-dt-fixes
Merge made by the 'ort' strategy.
 arch/riscv/boot/dts/starfive/jh7110-common.dtsi | 1 +
 1 file changed, 1 insertion(+)
Merging riscv-soc-fixes/riscv-soc-fixes (dc59e4fea9d83 Linux 7.2-rc1)
$ git merge -m Merge branch 'riscv-soc-fixes' of https://git.kernel.org/pub/scm/linux/kernel/git/conor/linux.git riscv-soc-fixes/riscv-soc-fixes
Already up to date.
Merging fpga-fixes/fixes (19272b37aa4f8 Linux 6.16-rc1)
$ git merge -m Merge branch 'fixes' of https://git.kernel.org/pub/scm/linux/kernel/git/fpga/linux-fpga.git fpga-fixes/fixes
Already up to date.
Merging spdx/spdx-linus (dc59e4fea9d83 Linux 7.2-rc1)
$ git merge -m Merge branch 'spdx-linus' of https://git.kernel.org/pub/scm/linux/kernel/git/gregkh/spdx.git spdx/spdx-linus
Already up to date.
Merging gpio-brgl-fixes/gpio/for-current (44f3468a0aef1 gpio: sloppy-logic-analyzer: fix use-after-free via debugfs trigger on unbind)
$ git merge -m Merge branch 'gpio/for-current' of https://git.kernel.org/pub/scm/linux/kernel/git/brgl/linux.git gpio-brgl-fixes/gpio/for-current
Already up to date.
Merging gpio-intel-fixes/fixes (dc59e4fea9d83 Linux 7.2-rc1)
$ git merge -m Merge branch 'fixes' of https://git.kernel.org/pub/scm/linux/kernel/git/andy/linux-gpio-intel.git gpio-intel-fixes/fixes
Already up to date.
Merging pinctrl-intel-fixes/fixes (dc59e4fea9d83 Linux 7.2-rc1)
$ git merge -m Merge branch 'fixes' of https://git.kernel.org/pub/scm/linux/kernel/git/pinctrl/intel.git pinctrl-intel-fixes/fixes
Already up to date.
Merging auxdisplay-fixes/fixes (dc59e4fea9d83 Linux 7.2-rc1)
$ git merge -m Merge branch 'fixes' of https://git.kernel.org/pub/scm/linux/kernel/git/andy/linux-auxdisplay.git auxdisplay-fixes/fixes
Already up to date.
Merging kunit-fixes/kunit-fixes (5142c56651578 bug: fix warning suppressions with kunit built as module)
$ git merge -m Merge branch 'kunit-fixes' of https://git.kernel.org/pub/scm/linux/kernel/git/shuah/linux-kselftest.git kunit-fixes/kunit-fixes
Already up to date.
Merging renesas-fixes/fixes (6fa6ee724d8da arm64: dts: renesas: ironhide: Describe inline ECC carveouts)
$ git merge -m Merge branch 'fixes' of https://git.kernel.org/pub/scm/linux/kernel/git/geert/renesas-devel.git renesas-fixes/fixes
Already up to date.
Merging perf-current/perf-tools (9453bc6a69ef4 perf vendor events arm64: Fix Tegra410 Olympus event 0x0197)
$ git merge -m Merge branch 'perf-tools' of https://git.kernel.org/pub/scm/linux/kernel/git/perf/perf-tools.git perf-current/perf-tools
Already up to date.
Merging efi-fixes/urgent (d8809f6931065 efi: sysfb_efi: Extend quirk to cover IdeaPad Duet 3 10IGL5-LTE)
$ git merge -m Merge branch 'urgent' of https://git.kernel.org/pub/scm/linux/kernel/git/efi/efi.git efi-fixes/urgent
Already up to date.
Merging battery-fixes/fixes (160a783aa65b7 power: supply: bq25890: fix the -10 C NTC lookup entry)
$ git merge -m Merge branch 'fixes' of https://git.kernel.org/pub/scm/linux/kernel/git/sre/linux-power-supply.git battery-fixes/fixes
Already up to date.
Merging iommufd-fixes/for-rc (075b74841bd00 Linux 7.2-rc6)
$ git merge -m Merge branch 'for-rc' of https://git.kernel.org/pub/scm/linux/kernel/git/jgg/iommufd.git iommufd-fixes/for-rc
Already up to date.
Merging rust-fixes/rust-fixes (1b0bab4a873f1 rust: kbuild: disambiguate `zerocopy_derive` for `rusttest`)
$ git merge -m Merge branch 'rust-fixes' of https://github.com/Rust-for-Linux/linux.git rust-fixes/rust-fixes
Auto-merging Makefile
Auto-merging rust/Makefile
Auto-merging tools/objtool/check.c
Merge made by the 'ort' strategy.
 Makefile                   | 13 ++++++++++++-
 rust/Makefile              |  6 ++++--
 rust/kernel/jump_label.rs  | 12 ++++++++++++
 rust/kernel/list.rs        |  2 +-
 rust/kernel/num/bounded.rs | 30 +++++++++++++++++++++---------
 scripts/Makefile.build     |  3 ++-
 tools/objtool/check.c      |  1 +
 7 files changed, 53 insertions(+), 14 deletions(-)
Merging w1-fixes/fixes (dc59e4fea9d83 Linux 7.2-rc1)
$ git merge -m Merge branch 'fixes' of https://git.kernel.org/pub/scm/linux/kernel/git/krzk/linux-w1.git w1-fixes/fixes
Already up to date.
Merging pmdomain-fixes/fixes (d4c177153bdfc Revert "pmdomain: qcom: rpmhpd: Add missing MXC and MMCX power domains for Eliza")
$ git merge -m Merge branch 'fixes' of https://git.kernel.org/pub/scm/linux/kernel/git/ulfh/linux-pm.git pmdomain-fixes/fixes
Merge made by the 'ort' strategy.
 drivers/pmdomain/qcom/rpmhpd.c | 4 ----
 1 file changed, 4 deletions(-)
Merging i2c-andi-fixes/i2c/i2c-fixes (47096fc3d064a Merge tag 'i2c-7.3-part2' of git://git.kernel.org/pub/scm/linux/kernel/git/andi.shyti/linux)
$ git merge -m Merge branch 'i2c/i2c-fixes' of https://git.kernel.org/pub/scm/linux/kernel/git/andi.shyti/linux.git i2c-andi-fixes/i2c/i2c-fixes
Already up to date.
Merging i2c-rust-fixes/rust-i2c-fixes (4eb422482ca5d rust: i2c: fix I2cAdapter refcounts double increment)
$ git merge -m Merge branch 'rust-i2c-fixes' of https://github.com/ikrtn/rust-for-linux i2c-rust-fixes/rust-i2c-fixes
Already up to date.
Merging sparc-fixes/for-linus (254f49634ee16 Linux 7.1-rc1)
$ git merge -m Merge branch 'for-linus' of https://git.kernel.org/pub/scm/linux/kernel/git/alarsson/linux-sparc.git sparc-fixes/for-linus
Already up to date.
Merging clk-fixes/clk-fixes (7ae8acad2d5c4 Merge tag 'qcom-clk-fixes-for-7.2' of https://git.kernel.org/pub/scm/linux/kernel/git/qcom/linux into clk-fixes)
$ git merge -m Merge branch 'clk-fixes' of https://git.kernel.org/pub/scm/linux/kernel/git/clk/linux.git clk-fixes/clk-fixes
Already up to date.
Merging thead-clk-fixes/thead-clk-fixes (dc59e4fea9d83 Linux 7.2-rc1)
$ git merge -m Merge branch 'thead-clk-fixes' of https://git.kernel.org/pub/scm/linux/kernel/git/fustini/linux.git thead-clk-fixes/thead-clk-fixes
Already up to date.
Merging tenstorrent-clk-fixes/tenstorrent-clk-fixes (6de23f81a5e08 Linux 7.0-rc1)
$ git merge -m Merge branch 'tenstorrent-clk-fixes' of https://git.kernel.org/pub/scm/linux/kernel/git/tenstorrent/linux.git tenstorrent-clk-fixes/tenstorrent-clk-fixes
Already up to date.
Merging fustini-config-fixes/riscv-config-fixes (254f49634ee16 Linux 7.1-rc1)
$ git merge -m Merge branch 'riscv-config-fixes' of https://git.kernel.org/pub/scm/linux/kernel/git/fustini/linux.git fustini-config-fixes/riscv-config-fixes
Already up to date.
Merging pwrseq-fixes/pwrseq/for-current (dc59e4fea9d83 Linux 7.2-rc1)
$ git merge -m Merge branch 'pwrseq/for-current' of https://git.kernel.org/pub/scm/linux/kernel/git/brgl/linux.git pwrseq-fixes/pwrseq/for-current
Already up to date.
Merging thead-dt-fixes/thead-dt-fixes (dc59e4fea9d83 Linux 7.2-rc1)
$ git merge -m Merge branch 'thead-dt-fixes' of https://git.kernel.org/pub/scm/linux/kernel/git/fustini/linux.git thead-dt-fixes/thead-dt-fixes
Already up to date.
Merging ftrace-fixes/ftrace/fixes (1650a1b6cb1ae fgraph: Check ftrace_pids_enabled on registration for early filtering)
$ git merge -m Merge branch 'ftrace/fixes' of https://git.kernel.org/pub/scm/linux/kernel/git/trace/linux-trace.git ftrace-fixes/ftrace/fixes
Already up to date.
Merging ring-buffer-fixes/ring-buffer/fixes (057caace5214d tracing: Create output file from cmd_check_undefined)
$ git merge -m Merge branch 'ring-buffer/fixes' of https://git.kernel.org/pub/scm/linux/kernel/git/trace/linux-trace.git ring-buffer-fixes/ring-buffer/fixes
Already up to date.
Merging trace-fixes/trace/fixes (c3730b8373bb5 tracing: Fix race between update_event_fields and, event_define_fields)
$ git merge -m Merge branch 'trace/fixes' of https://git.kernel.org/pub/scm/linux/kernel/git/trace/linux-trace.git trace-fixes/trace/fixes
Already up to date.
Merging tracefs-fixes/tracefs/fixes (07004a8c4b572 eventfs: Hold eventfs_mutex and SRCU when remount walks events)
$ git merge -m Merge branch 'tracefs/fixes' of https://git.kernel.org/pub/scm/linux/kernel/git/trace/linux-trace.git tracefs-fixes/tracefs/fixes
Already up to date.
Merging spacemit-fixes/fixes (eb525edd48907 clk: spacemit: k3: set hdma clock as critical)
$ git merge -m Merge branch 'fixes' of https://git.kernel.org/pub/scm/linux/kernel/git/spacemit/linux spacemit-fixes/fixes
Already up to date.
Merging tip-fixes/tip/urgent (ec8477a492cb2 Merge branch into tip/master: 'timers/urgent')
$ git merge -m Merge branch 'tip/urgent' of https://git.kernel.org/pub/scm/linux/kernel/git/tip/tip.git tip-fixes/tip/urgent
Merge made by the 'ort' strategy.
 arch/um/include/asm/timex.h | 13 +++++++++++++
 include/linux/spinlock.h    | 26 ++++++++++++++------------
 kernel/sched/fair.c         | 12 ++++++------
 3 files changed, 33 insertions(+), 18 deletions(-)
 create mode 100644 arch/um/include/asm/timex.h
Merging kexec-fixes/kexec-fixes (ada2e5a44e991 crash_dump: release keyring reference at the correct time)
$ git merge -m Merge branch 'kexec-fixes' of https://git.kernel.org/pub/scm/linux/kernel/git/liveupdate/linux.git kexec-fixes/kexec-fixes
Already up to date.
Merging liveupdate-fixes/fixes (3a0b8fa2eb36a kho: fix size calculation in kho_preserved_memory_reserve())
$ git merge -m Merge branch 'fixes' of https://git.kernel.org/pub/scm/linux/kernel/git/liveupdate/linux.git liveupdate-fixes/fixes
Already up to date.
Merging drm-msm-fixes/msm-fixes (e2332abed2a4d drm/msm: Only fini scheduler after successful init)
$ git merge -m Merge branch 'msm-fixes' of https://gitlab.freedesktop.org/drm/msm.git drm-msm-fixes/msm-fixes
Auto-merging drivers/gpu/drm/msm/adreno/a5xx_gpu.c
Auto-merging drivers/gpu/drm/msm/dsi/dsi_host.c
Auto-merging drivers/gpu/drm/msm/msm_ringbuffer.c
Merge made by the 'ort' strategy.
 drivers/gpu/drm/msm/adreno/a3xx_gpu.c         | 36 ++++++++++++++++++++++++++-
 drivers/gpu/drm/msm/adreno/a5xx_gpu.c         |  5 ++++
 drivers/gpu/drm/msm/adreno/a6xx_gmu.c         |  5 +++-
 drivers/gpu/drm/msm/adreno/a6xx_gpu.c         |  8 ++++--
 drivers/gpu/drm/msm/adreno/a6xx_gpu_state.c   |  5 +++-
 drivers/gpu/drm/msm/adreno/a6xx_gpu_state.h   | 12 +++++++++
 drivers/gpu/drm/msm/adreno/a8xx_gpu.c         |  5 +++-
 drivers/gpu/drm/msm/disp/dpu1/dpu_core_perf.c |  2 +-
 drivers/gpu/drm/msm/dp/dp_panel.c             |  4 ++-
 drivers/gpu/drm/msm/dsi/dsi_host.c            | 12 +++++++++
 drivers/gpu/drm/msm/dsi/phy/dsi_phy.h         |  1 +
 drivers/gpu/drm/msm/dsi/phy/dsi_phy_7nm.c     | 18 ++++++++++++--
 drivers/gpu/drm/msm/msm_gpu.c                 |  8 ++++--
 drivers/gpu/drm/msm/msm_ringbuffer.c          |  7 +++---
 drivers/gpu/drm/msm/msm_ringbuffer.h          |  1 +
 drivers/gpu/drm/msm/registers/adreno/a3xx.xml |  2 ++
 16 files changed, 116 insertions(+), 15 deletions(-)
Merging uml-fixes/fixes (af421e9aed392 um: vector: fix use-after-free in vector_mmsg_rx())
$ git merge -m Merge branch 'fixes' of https://git.kernel.org/pub/scm/linux/kernel/git/uml/linux.git uml-fixes/fixes
Already up to date.
Merging fwctl-fixes/for-rc (075b74841bd00 Linux 7.2-rc6)
$ git merge -m Merge branch 'for-rc' of https://git.kernel.org/pub/scm/linux/kernel/git/fwctl/fwctl.git fwctl-fixes/for-rc
Already up to date.
Merging devsec-tsm-fixes/fixes (c3fd16c3b98ed virt: tdx-guest: Fix handling of host controlled 'quote' buffer length)
$ git merge -m Merge branch 'fixes' of https://git.kernel.org/pub/scm/linux/kernel/git/devsec/tsm.git devsec-tsm-fixes/fixes
Already up to date.
Merging drm-rust-fixes/for-linux-next-fixes (8cdeaa50eae8d Linux 7.2-rc2)
$ git merge -m Merge branch 'for-linux-next-fixes' of https://gitlab.freedesktop.org/drm/rust/kernel.git drm-rust-fixes/for-linux-next-fixes
Already up to date.
Merging tenstorrent-dt-fixes/tenstorrent-dt-fixes (6de23f81a5e08 Linux 7.0-rc1)
$ git merge -m Merge branch 'tenstorrent-dt-fixes' of https://git.kernel.org/pub/scm/linux/kernel/git/tenstorrent/linux.git tenstorrent-dt-fixes/tenstorrent-dt-fixes
Already up to date.
Merging nfc-fixes/for-linus (be47ff78de05e selftests: nci: Correct pthread_create return value check)
$ git merge -m Merge branch 'for-linus' of https://codeberg.org/linux-nfc/linux.git nfc-fixes/for-linus
Auto-merging drivers/nfc/fdp/i2c.c
Auto-merging drivers/nfc/pn533/pn533.c
Auto-merging drivers/nfc/port100.c
Auto-merging drivers/nfc/st21nfca/i2c.c
Auto-merging net/nfc/llcp_core.c
Merge made by the 'ort' strategy.
 drivers/nfc/nfcmrvl/fw_dnld.c         | 11 ++++++++---
 drivers/nfc/port100.c                 |  7 +++++++
 drivers/nfc/st21nfca/i2c.c            | 29 +++++++++++++++++++----------
 net/nfc/llcp_core.c                   | 25 +++++++++++++++++++++++++
 tools/testing/selftests/nci/nci_dev.c | 12 +++++++-----
 5 files changed, 66 insertions(+), 18 deletions(-)
Merging drm-misc-fixes/for-linux-next-fixes (4d4be202165e8 drm: Fix drm_crtc_commit leak if signaled when PAGE_FLIP_EVENT is used)
$ git merge -m Merge branch 'for-linux-next-fixes' of https://gitlab.freedesktop.org/drm/misc/kernel.git drm-misc-fixes/for-linux-next-fixes
Auto-merging drivers/accel/amdxdna/amdxdna_gem.c
Auto-merging drivers/accel/ethosu/ethosu_drv.c
CONFLICT (content): Merge conflict in drivers/accel/ethosu/ethosu_drv.c
Auto-merging drivers/dma-buf/dma-heap.c
Auto-merging drivers/gpu/drm/drm_atomic_uapi.c
Auto-merging drivers/gpu/drm/nouveau/nvkm/engine/disp/head.h
CONFLICT (content): Merge conflict in drivers/gpu/drm/nouveau/nvkm/engine/disp/head.h
Auto-merging drivers/gpu/drm/nouveau/nvkm/subdev/gsp/rm/r535/disp.c
CONFLICT (content): Merge conflict in drivers/gpu/drm/nouveau/nvkm/subdev/gsp/rm/r535/disp.c
Auto-merging drivers/gpu/drm/virtio/virtgpu_drv.h
Auto-merging drivers/gpu/drm/virtio/virtgpu_kms.c
Auto-merging drivers/gpu/drm/virtio/virtgpu_object.c
Auto-merging drivers/gpu/drm/virtio/virtgpu_vq.c
Auto-merging drivers/misc/fastrpc.c
Resolved 'drivers/accel/ethosu/ethosu_drv.c' using previous resolution.
Recorded preimage for 'drivers/gpu/drm/nouveau/nvkm/engine/disp/head.h'
Recorded preimage for 'drivers/gpu/drm/nouveau/nvkm/subdev/gsp/rm/r535/disp.c'
Automatic merge failed; fix conflicts and then commit the result.
$ git commit --no-edit -v -a
Recorded resolution for 'drivers/gpu/drm/nouveau/nvkm/engine/disp/head.h'.
Recorded resolution for 'drivers/gpu/drm/nouveau/nvkm/subdev/gsp/rm/r535/disp.c'.
[master b7ede15443be6] Merge branch 'for-linux-next-fixes' of https://gitlab.freedesktop.org/drm/misc/kernel.git
$ git diff -M --stat --summary HEAD^..
 drivers/accel/amdxdna/aie2_message.c               |   2 +-
 drivers/accel/amdxdna/amdxdna_ctx.c                |   4 +-
 drivers/accel/amdxdna/amdxdna_ctx.h                |   2 +-
 drivers/accel/amdxdna/amdxdna_gem.c                |   3 +
 drivers/accel/ethosu/ethosu_drv.c                  |   2 +
 drivers/accel/ethosu/ethosu_gem.c                  |   2 +-
 drivers/accel/qaic/qaic_control.c                  |  46 ++---
 drivers/dma-buf/dma-buf.c                          |  20 +++
 drivers/dma-buf/dma-heap.c                         |  80 ++++-----
 drivers/gpu/drm/drm_atomic_uapi.c                  |   5 +-
 drivers/gpu/drm/drm_prime.c                        |   2 +-
 drivers/gpu/drm/gud/gud_connector.c                |  12 +-
 drivers/gpu/drm/gud/gud_drv.c                      |   2 +
 drivers/gpu/drm/nouveau/include/nvkm/engine/disp.h |   1 +
 drivers/gpu/drm/nouveau/nouveau_chan.c             |   9 +-
 drivers/gpu/drm/nouveau/nvkm/engine/device/base.c  |  10 +-
 drivers/gpu/drm/nouveau/nvkm/engine/disp/Kbuild    |   1 +
 drivers/gpu/drm/nouveau/nvkm/engine/disp/ga102.c   |  13 +-
 drivers/gpu/drm/nouveau/nvkm/engine/disp/gb202.c   | 191 +++++++++++++++++++++
 drivers/gpu/drm/nouveau/nvkm/engine/disp/head.h    |   2 +
 drivers/gpu/drm/nouveau/nvkm/engine/disp/ior.h     |   1 +
 drivers/gpu/drm/nouveau/nvkm/engine/disp/priv.h    |  17 ++
 drivers/gpu/drm/nouveau/nvkm/engine/disp/tu102.c   |  86 +++++++++-
 .../gpu/drm/nouveau/nvkm/subdev/gsp/rm/r535/disp.c | 125 ++++++--------
 .../gpu/drm/nouveau/nvkm/subdev/gsp/rm/r570/disp.c |  64 +++++++
 .../gpu/drm/nouveau/nvkm/subdev/gsp/rm/r570/gsp.c  |   9 +
 .../nouveau/nvkm/subdev/gsp/rm/r570/nvrm/disp.h    |   2 +
 drivers/gpu/drm/nouveau/nvkm/subdev/gsp/rm/rm.h    |   5 +
 drivers/gpu/drm/sysfb/ofdrm.c                      |   8 +-
 drivers/gpu/drm/tiny/cirrus-qemu.c                 |   3 +
 drivers/gpu/drm/virtio/virtgpu_display.c           |   9 +-
 drivers/gpu/drm/virtio/virtgpu_drv.h               |  21 +++
 drivers/gpu/drm/virtio/virtgpu_kms.c               |   1 +
 drivers/gpu/drm/virtio/virtgpu_object.c            |   2 +-
 drivers/gpu/drm/virtio/virtgpu_vq.c                |  21 ++-
 drivers/misc/fastrpc.c                             |  16 +-
 include/linux/dma-buf.h                            |   1 +
 tools/testing/selftests/dmabuf-heaps/dmabuf-heap.c | 113 +++++++++++-
 38 files changed, 740 insertions(+), 173 deletions(-)
 create mode 100644 drivers/gpu/drm/nouveau/nvkm/engine/disp/gb202.c
Merging rust/rust-next (45c13f3f9e3bb Merge tag 'hwlock-v7.3' of git://git.kernel.org/pub/scm/linux/kernel/git/remoteproc/linux)
$ git merge -m Merge branch 'rust-next' of https://github.com/Rust-for-Linux/linux.git rust/rust-next
Already up to date.
Merging rust-interop/interop-next (05f7e89ab9731 Linux 6.19)
$ git merge -m Merge branch 'interop-next' of https://github.com/Rust-for-Linux/linux.git rust-interop/interop-next
Already up to date.
Merging rust-alloc/alloc-next (dc59e4fea9d83 Linux 7.2-rc1)
$ git merge -m Merge branch 'alloc-next' of https://github.com/Rust-for-Linux/linux.git rust-alloc/alloc-next
Already up to date.
Merging rust-io/io-next (86731a2a651e5 Linux 6.16-rc3)
$ git merge -m Merge branch 'io-next' of https://github.com/Rust-for-Linux/linux.git rust-io/io-next
Already up to date.
Merging rust-pin-init/pin-init-next (1e26aea0355ad rust: pin-init: add `#[inline]` to small functions)
$ git merge -m Merge branch 'pin-init-next' of https://github.com/Rust-for-Linux/linux.git rust-pin-init/pin-init-next
Already up to date.
Merging rust-timekeeping/timekeeping-next (ddb1444d33351 hrtimer: add usage examples to documentation)
$ git merge -m Merge branch 'timekeeping-next' of https://github.com/Rust-for-Linux/linux.git rust-timekeeping/timekeeping-next
Already up to date.
Merging rust-xarray/xarray-next (c455f19bbe610 rust: xarray: add __rust_helper to helpers)
$ git merge -m Merge branch 'xarray-next' of https://github.com/Rust-for-Linux/linux.git rust-xarray/xarray-next
Already up to date.
Merging rust-analyzer/rust-analyzer-next (5f45afb8ab04d scripts: generate_rust_analyzer.py: pass cfg to macros crate)
$ git merge -m Merge branch 'rust-analyzer-next' of https://github.com/Rust-for-Linux/linux.git rust-analyzer/rust-analyzer-next
Auto-merging scripts/generate_rust_analyzer.py
Merge made by the 'ort' strategy.
 scripts/generate_rust_analyzer.py | 1 +
 1 file changed, 1 insertion(+)
Merging mm/for-next (d969d86add48c Merge https://git.kernel.org/pub/scm/linux/kernel/git/akpm/mm.git mm-unstable into for-next)
$ git merge -m Merge branch 'for-next' of https://git.kernel.org/pub/scm/linux/kernel/git/mm/linux.git mm/for-next
Auto-merging Documentation/admin-guide/kernel-parameters.txt
Auto-merging Documentation/filesystems/fscrypt.rst
Auto-merging Documentation/filesystems/locking.rst
Auto-merging Documentation/filesystems/vfs.rst
Auto-merging MAINTAINERS
Auto-merging arch/s390/mm/gmap_helpers.c
Auto-merging drivers/base/Kconfig
Auto-merging drivers/gpu/drm/drm_gem_shmem_helper.c
Auto-merging drivers/gpu/drm/panthor/panthor_gem.c
Auto-merging drivers/gpu/drm/xe/xe_device.c
Auto-merging fs/smb/client/file.c
Auto-merging include/linux/fs.h
Auto-merging include/linux/sched.h
Auto-merging include/rv/da_monitor.h
Auto-merging kernel/events/uprobes.c
Auto-merging kernel/locking/lockdep.c
Auto-merging lib/Kconfig.debug
Auto-merging lib/test_hmm.c
Auto-merging mm/hugetlb.c
Auto-merging mm/madvise.c
Auto-merging mm/mm_init.c
Auto-merging mm/page-writeback.c
Auto-merging mm/shmem.c
Auto-merging mm/swap_state.c
Auto-merging mm/vmscan.c
Auto-merging tools/testing/selftests/Makefile
Auto-merging tools/testing/selftests/cgroup/lib/include/cgroup_util.h
Merge made by the 'ort' strategy.
 Documentation/admin-guide/blockdev/zram.rst        |  40 +-
 Documentation/admin-guide/kernel-parameters.txt    |  16 +-
 Documentation/admin-guide/mm/transhuge.rst         |   6 +-
 Documentation/core-api/maple_tree.rst              |  24 +-
 Documentation/dev-tools/kmemleak.rst               |  10 +
 Documentation/filesystems/fscrypt.rst              |   4 +
 Documentation/filesystems/locking.rst              |   8 +-
 Documentation/filesystems/vfs.rst                  |   8 +-
 Documentation/mm/allocation-profiling.rst          |  16 +
 Documentation/mm/ksm.rst                           |   4 +-
 Documentation/mm/page_migration.rst                |   6 +-
 Documentation/translations/zh_CN/mm/ksm.rst        |   4 +-
 Documentation/userspace-api/ioctl/ioctl-number.rst |   2 +
 MAINTAINERS                                        |   6 +
 arch/s390/mm/gmap_helpers.c                        |   2 +-
 drivers/base/Kconfig                               |   7 -
 drivers/base/Makefile                              |   1 -
 drivers/block/zram/backend_842.c                   |  10 +
 drivers/block/zram/backend_deflate.c               |  25 +-
 drivers/block/zram/backend_lz4.c                   |  10 +-
 drivers/block/zram/backend_lz4hc.c                 |  16 +-
 drivers/block/zram/backend_lzo.c                   |  10 +
 drivers/block/zram/backend_lzorle.c                |  10 +
 drivers/block/zram/backend_zstd.c                  |  11 +-
 drivers/block/zram/zram_drv.c                      | 188 ++++---
 drivers/block/zram/zram_drv.h                      |  14 +
 drivers/gpu/drm/amd/amdgpu/amdgpu_gem.c            |   4 +-
 drivers/gpu/drm/drm_gem_shmem_helper.c             |   2 +-
 drivers/gpu/drm/i915/gem/i915_gem_shmem.c          |   2 +-
 drivers/gpu/drm/panthor/panthor_gem.c              |   2 +-
 drivers/gpu/drm/ttm/ttm_backup.c                   |   2 +-
 drivers/gpu/drm/ttm/ttm_bo_vm.c                    |   2 +-
 drivers/gpu/drm/xe/xe_device.c                     |   2 +-
 fs/nfs/direct.c                                    |  20 -
 fs/nfs/file.c                                      |  44 +-
 fs/proc/task_mmu.c                                 |   2 +-
 fs/ramfs/file-nommu.c                              |   3 +
 fs/smb/client/file.c                               |  65 ++-
 include/linux/codetag.h                            |   2 +
 include/linux/execmem.h                            |   2 +-
 include/linux/fs.h                                 |   1 -
 include/linux/lockdep.h                            |   3 +
 include/linux/lockdep_types.h                      |   3 +-
 include/linux/maple_tree.h                         |  16 +-
 include/linux/memcontrol.h                         |  21 +-
 include/linux/mm.h                                 | 136 ++++-
 include/linux/mm_types.h                           |  40 +-
 include/linux/mmzone.h                             |  16 +-
 include/linux/nfs_fs.h                             |   1 -
 include/linux/page_ext.h                           |   5 -
 include/linux/pagemap.h                            |  40 +-
 include/linux/percpu-defs.h                        |   7 +-
 include/linux/rmap.h                               |  11 +-
 include/linux/sched.h                              |   1 +
 include/linux/shmem_fs.h                           |   5 +-
 include/linux/swap.h                               |  30 +-
 include/linux/swap_ops.h                           |  44 ++
 include/linux/swapops.h                            |   7 +-
 include/linux/vm_event_item.h                      |   4 +
 include/linux/vmalloc.h                            |   2 +-
 include/linux/vmstat.h                             |  17 +-
 include/rv/da_monitor.h                            |   2 +-
 include/uapi/linux/alloc_tag.h                     |  99 ++++
 kernel/events/uprobes.c                            |   2 +-
 kernel/locking/lockdep.c                           |  58 +-
 lib/Kconfig.debug                                  |  15 -
 lib/codetag.c                                      |  18 +
 lib/maple_tree.c                                   | 401 +++++++++-----
 lib/test_hmm.c                                     |   5 +-
 lib/xarray.c                                       |   3 +
 mm/Kconfig                                         |  22 +-
 mm/Kconfig.debug                                   |   1 -
 mm/Makefile                                        |   1 +
 mm/alloc_tag.c                                     | 351 ++++++++++++-
 {drivers/base => mm}/arch_numa.c                   |  12 +
 mm/cma.c                                           |   2 +-
 mm/cma.h                                           |   1 +
 mm/debug_page_alloc.c                              |   8 +-
 mm/folio-compat.c                                  |   1 +
 mm/folio.c                                         | 124 ++---
 mm/gup.c                                           |  23 +-
 mm/gup_test.c                                      |  94 ++--
 mm/hmm.c                                           |   5 +-
 mm/huge_memory.c                                   |  46 +-
 mm/hugetlb.c                                       |  10 +-
 mm/hugetlb_cma.c                                   | 142 ++++-
 mm/hugetlb_cma.h                                   |   2 +
 mm/internal.h                                      |  77 ++-
 mm/interval_tree.c                                 |   4 +-
 mm/kasan/quarantine.c                              |  12 +-
 mm/khugepaged.c                                    | 130 ++---
 mm/kmemleak.c                                      | 105 +++-
 mm/ksm.c                                           |  16 +-
 mm/madvise.c                                       |  17 +-
 mm/memcontrol-v1.c                                 |   4 +-
 mm/memcontrol-v1.h                                 |   1 +
 mm/memcontrol.c                                    |  69 ++-
 mm/memory-failure.c                                |   4 +-
 mm/memory.c                                        | 140 +++--
 mm/mempolicy.c                                     |  23 +-
 mm/migrate.c                                       |  21 +-
 mm/migrate_device.c                                |  15 +-
 mm/mm_init.c                                       |   1 -
 mm/mmzone.c                                        |   1 +
 mm/mremap.c                                        |   8 +-
 mm/nommu.c                                         |   4 +
 mm/page-writeback.c                                |   5 +
 mm/page_alloc.c                                    |  28 +-
 mm/page_ext.c                                      |   9 -
 mm/page_io.c                                       | 583 ++++++++++-----------
 mm/page_reporting.c                                |  28 +-
 mm/page_vma_mapped.c                               |   6 +-
 mm/pgalloc-track.h                                 |   3 +
 mm/rmap.c                                          |  43 +-
 mm/shmem.c                                         |  29 +-
 mm/show_mem.c                                      |  12 +-
 mm/shuffle.h                                       |   2 +
 mm/sparse.c                                        |  18 +-
 mm/sparse.h                                        |   6 +
 mm/swap.h                                          |  67 ++-
 mm/swap_state.c                                    |  54 +-
 mm/swapfile.c                                      |  24 +-
 mm/userfaultfd.c                                   |   4 +-
 mm/vma.c                                           | 113 ++--
 mm/vma.h                                           |  93 ++--
 mm/vma_exec.c                                      |   2 +-
 mm/vma_init.c                                      |   1 +
 mm/vmalloc.c                                       |  71 ++-
 mm/vmalloc.h                                       |   2 +
 mm/vmscan.c                                        | 234 ++++++---
 mm/vmstat.c                                        |  19 +-
 mm/workingset.c                                    |   5 -
 mm/zsmalloc.c                                      |  11 +-
 mm/zswap.c                                         |  46 +-
 tools/testing/radix-tree/maple.c                   |   4 +-
 tools/testing/selftests/Makefile                   |   1 +
 tools/testing/selftests/alloc_tag/Makefile         |   8 +
 .../selftests/alloc_tag/allocinfo_ioctl_test.c     | 548 +++++++++++++++++++
 .../selftests/cgroup/lib/include/cgroup_util.h     |   1 +
 tools/testing/selftests/cgroup/test_zswap.c        |  13 +-
 tools/testing/selftests/mm/.gitignore              |  76 +--
 tools/testing/selftests/mm/Makefile                |   7 +-
 tools/testing/selftests/mm/check_config.sh         |   2 +-
 tools/testing/selftests/mm/compaction_test.c       |  38 +-
 tools/testing/selftests/mm/cow.c                   |  11 +-
 tools/testing/selftests/mm/folio_split_race_test.c |   2 +-
 tools/testing/selftests/mm/guard-regions.c         |  10 +-
 tools/testing/selftests/mm/gup_longterm.c          |   2 +-
 tools/testing/selftests/mm/khugepaged.c            | 204 +++++--
 .../testing/selftests/mm/ksft_kmemleak_confirm.sh  | 130 +++++
 tools/testing/selftests/mm/memory-failure.c        |  14 +-
 tools/testing/selftests/mm/merge.c                 |  57 ++
 tools/testing/selftests/mm/migration.c             |  37 +-
 tools/testing/selftests/mm/mseal_test.c            |   3 +-
 tools/testing/selftests/mm/pagemap_ioctl.c         |   8 +-
 tools/testing/selftests/mm/prctl_thp_disable.c     |   2 +-
 tools/testing/selftests/mm/run_vmtests.sh          |   2 +
 tools/testing/selftests/mm/soft-dirty.c            |   5 +-
 tools/testing/selftests/mm/split_huge_page_test.c  | 139 +----
 tools/testing/selftests/mm/uffd-common.c           |   4 +-
 tools/testing/selftests/mm/vm_util.c               | 207 +++++++-
 tools/testing/selftests/mm/vm_util.h               |   8 +-
 tools/testing/selftests/proc/proc-maps-race.c      |   3 +-
 tools/testing/vma/include/dup.h                    |  64 ++-
 tools/testing/vma/shared.c                         |   3 +-
 tools/testing/vma/tests/merge.c                    |  49 +-
 tools/testing/vma/tests/vma.c                      |  50 +-
 tools/testing/vma/vma_internal.h                   |   1 +
 168 files changed, 4572 insertions(+), 1781 deletions(-)
 create mode 100644 include/linux/swap_ops.h
 create mode 100644 include/uapi/linux/alloc_tag.h
 rename {drivers/base => mm}/arch_numa.c (95%)
 create mode 100644 tools/testing/selftests/alloc_tag/Makefile
 create mode 100644 tools/testing/selftests/alloc_tag/allocinfo_ioctl_test.c
 create mode 100755 tools/testing/selftests/mm/ksft_kmemleak_confirm.sh
Merging mm-nonmm-stable/mm-nonmm-stable (eef628bce8e18 mailmap: fix bouncing address for Taniya Das)
$ git merge -m Merge branch 'mm-nonmm-stable' of https://git.kernel.org/pub/scm/linux/kernel/git/akpm/mm mm-nonmm-stable/mm-nonmm-stable
Already up to date.
Merging mm-nonmm-unstable/mm-nonmm-unstable (05320304663c2 fault-inject: fix dentry leak)
$ git merge -m Merge branch 'mm-nonmm-unstable' of https://git.kernel.org/pub/scm/linux/kernel/git/akpm/mm mm-nonmm-unstable/mm-nonmm-unstable
Auto-merging drivers/usb/gadget/legacy/inode.c
Auto-merging scripts/checkpatch.pl
Merge made by the 'ort' strategy.
 drivers/infiniband/hw/hfi1/fault.c |  1 -
 drivers/media/v4l2-core/v4l2-vp9.c | 30 +++++++++++++++---------------
 drivers/usb/gadget/legacy/inode.c  |  4 ++--
 include/linux/fault-inject.h       | 10 ++++++++--
 kernel/resource.c                  |  2 +-
 kernel/taskstats.c                 |  4 ++++
 lib/fault-inject.c                 |  7 +++++--
 scripts/checkpatch.pl              |  2 ++
 8 files changed, 37 insertions(+), 23 deletions(-)
Merging kbuild/kbuild-for-next (d900723d78ade modpost: use mod_warn() and mod_error(), clean up logging)
$ git merge -m Merge branch 'kbuild-for-next' of https://git.kernel.org/pub/scm/linux/kernel/git/kbuild/linux.git kbuild/kbuild-for-next
Already up to date.
Merging clang-format/clang-format (8f0b4cce4481f Linux 6.19-rc1)
$ git merge -m Merge branch 'clang-format' of https://github.com/ojeda/linux.git clang-format/clang-format
Already up to date.
Merging perf/perf-tools-next (9453bc6a69ef4 perf vendor events arm64: Fix Tegra410 Olympus event 0x0197)
$ git merge -m Merge branch 'perf-tools-next' of https://git.kernel.org/pub/scm/linux/kernel/git/perf/perf-tools-next.git perf/perf-tools-next
Already up to date.
Merging compiler-attributes/compiler-attributes (8f0b4cce4481f Linux 6.19-rc1)
$ git merge -m Merge branch 'compiler-attributes' of https://github.com/ojeda/linux.git compiler-attributes/compiler-attributes
Already up to date.
Merging dma-mapping/dma-mapping-for-next (23e790697fd8e Merge branch 'dma-mapping-coco' into dma-mapping-for-next)
$ git merge -m Merge branch 'dma-mapping-for-next' of https://git.kernel.org/pub/scm/linux/kernel/git/mszyprowski/linux.git dma-mapping/dma-mapping-for-next
Merge made by the 'ort' strategy.
 kernel/dma/contiguous.c | 16 +++++++++-------
 1 file changed, 9 insertions(+), 7 deletions(-)
Merging asm-generic/master (adbbd9714f805 scripts: headers_install.sh: Remove config leak ignore machinery)
$ git merge -m Merge branch 'master' of https://git.kernel.org/pub/scm/linux/kernel/git/arnd/asm-generic asm-generic/master
Already up to date.
Merging alpha/alpha-next (d58041d2c63e0 MAINTAINERS: Add Magnus Lindholm as maintainer for alpha port)
$ git merge -m Merge branch 'alpha-next' of https://git.kernel.org/pub/scm/linux/kernel/git/mattst88/alpha.git alpha/alpha-next
Already up to date.
Merging arm/for-next (1345e9968d318 Merge branches 'fixes' and 'misc' into for-next)
$ git merge -m Merge branch 'for-next' of https://git.kernel.org/pub/scm/linux/kernel/git/rmk/linux.git arm/for-next
Merge made by the 'ort' strategy.
 arch/arm/kernel/entry-armv.S        | 13 ++++++++++---
 arch/arm/mm/proc-arm920.S           |  2 --
 arch/arm/mm/proc-arm922.S           |  2 --
 arch/arm/mm/proc-arm925.S           |  2 --
 arch/arm/mm/proc-arm926.S           |  2 --
 arch/arm/probes/kprobes/test-core.c | 14 +++-----------
 6 files changed, 13 insertions(+), 22 deletions(-)
Merging arm64/for-next/core (b8f070ac31675 arm64: process: Fix context switching MTE store-only tag check)
$ git merge -m Merge branch 'for-next/core' of https://git.kernel.org/pub/scm/linux/kernel/git/arm64/linux arm64/for-next/core
Auto-merging arch/arm64/include/asm/ptdump.h
Auto-merging arch/arm64/mm/ptdump.c
Merge made by the 'ort' strategy.
 arch/arm64/include/asm/processor.h |  2 +-
 arch/arm64/include/asm/ptdump.h    |  2 ++
 arch/arm64/kvm/ptdump.c            | 11 +++++++----
 arch/arm64/mm/ptdump.c             | 14 +++++++++++++-
 4 files changed, 23 insertions(+), 6 deletions(-)
Merging arm-perf/for-next/perf (5936245125f78 perf/arm-cmn: Fix DVM node events)
$ git merge -m Merge branch 'for-next/perf' of https://git.kernel.org/pub/scm/linux/kernel/git/will/linux.git arm-perf/for-next/perf
Already up to date.
Merging arm-soc/for-next (ae77d827fb0e6 soc: document merges)
$ git merge -m Merge branch 'for-next' of https://git.kernel.org/pub/scm/linux/kernel/git/soc/soc.git arm-soc/for-next
Merge made by the 'ort' strategy.
 arch/arm/arm-soc-for-next-contents.txt | 175 +++++++++++++++++++++++++++++++++
 1 file changed, 175 insertions(+)
 create mode 100644 arch/arm/arm-soc-for-next-contents.txt
Merging amlogic/for-next (544455a3a844e Merge branch 'v7.3/arm64-dt' into for-next)
$ git merge -m Merge branch 'for-next' of https://git.kernel.org/pub/scm/linux/kernel/git/amlogic/linux.git amlogic/for-next
Merge made by the 'ort' strategy.
Merging asahi-soc/asahi-soc/for-next (8776c12e06211 Merge branch 'apple-soc/dt-7.3' into asahi-soc/for-next)
$ git merge -m Merge branch 'asahi-soc/for-next' of https://github.com/AsahiLinux/linux.git asahi-soc/asahi-soc/for-next
Merge made by the 'ort' strategy.
Merging at91/at91-next (d6e7bce8d4392 Merge branch 'microchip-dt64' into at91-next)
$ git merge -m Merge branch 'at91-next' of https://git.kernel.org/pub/scm/linux/kernel/git/at91/linux.git at91/at91-next
Merge made by the 'ort' strategy.
 drivers/clk/at91/dt-compat.c | 5 +++--
 1 file changed, 3 insertions(+), 2 deletions(-)
Merging bmc/for-next (cd7d1ef7d74ed Merge branches 'aspeed/drivers', 'aspeed/arm/dt', 'aspeed/fixes/drivers', 'aspeed/maintainers', 'nuvoton/arm/dt', 'nuvoton/arm/fixes' and 'nuvoton/arm64/dt' into for-next)
$ git merge -m Merge branch 'for-next' of https://git.kernel.org/pub/scm/linux/kernel/git/bmc/linux.git bmc/for-next
Merge made by the 'ort' strategy.
Merging broadcom/next (fca5276165993 ARM: dts: BCM5301X: panamera: add phy-mode to switch)
$ git merge -m Merge branch 'next' of https://github.com/Broadcom/stblinux.git broadcom/next
Auto-merging arch/arm/boot/dts/broadcom/bcm-ns.dtsi
Auto-merging arch/arm/boot/dts/broadcom/bcm4709-linksys-ea9200.dts
Auto-merging arch/arm/boot/dts/broadcom/bcm47094-linksys-panamera.dts
Merge made by the 'ort' strategy.
 arch/arm/boot/dts/broadcom/bcm-ns.dtsi             | 13 +++++
 .../dts/broadcom/bcm4708-linksys-ea6300-v1.dts     |  4 ++
 .../boot/dts/broadcom/bcm4708-smartrg-sr400ac.dts  | 18 +++++++
 .../boot/dts/broadcom/bcm4709-linksys-ea9200.dts   | 57 ++++++++++++++++++++++
 .../boot/dts/broadcom/bcm4709-netgear-r8000.dts    | 12 +++++
 .../boot/dts/broadcom/bcm47094-dlink-dir-890l.dts  |  6 ++-
 .../dts/broadcom/bcm47094-linksys-panamera.dts     |  1 +
 arch/arm/boot/dts/broadcom/bcm47189-tenda-ac9.dts  | 20 ++++++++
 arch/arm/boot/dts/broadcom/bcm7445.dtsi            |  2 +-
 9 files changed, 131 insertions(+), 2 deletions(-)
Merging cix/for-next (a0cffbd8878c5 Merge remote-tracking branch 'cix/dt' into for-next)
$ git merge -m Merge branch 'for-next' of https://git.kernel.org/pub/scm/linux/kernel/git/peter.chen/cix.git cix/for-next
Merge made by the 'ort' strategy.
Merging davinci/davinci/for-next (dc59e4fea9d83 Linux 7.2-rc1)
$ git merge -m Merge branch 'davinci/for-next' of https://git.kernel.org/pub/scm/linux/kernel/git/brgl/linux.git davinci/davinci/for-next
Already up to date.
Merging drivers-memory/for-next (96aa6902ff2bf memory: jz4780-nemc: Use dev_err_probe() for clock error)
$ git merge -m Merge branch 'for-next' of https://git.kernel.org/pub/scm/linux/kernel/git/krzk/linux-mem-ctrl.git drivers-memory/for-next
Already up to date.
Merging fsl/soc_fsl (e14b8d3938809 bus: fsl-mc: drop unused assignment of acpi_device_id::driver_data)
$ git merge -m Merge branch 'soc_fsl' of https://git.kernel.org/pub/scm/linux/kernel/git/chleroy/linux.git fsl/soc_fsl
Already up to date.
Merging imx-mxs/for-next (9400c5b6aa357 Merge branch 'imx/dt64' into for-next)
$ git merge -m Merge branch 'for-next' of https://git.kernel.org/pub/scm/linux/kernel/git/frank.li/linux.git imx-mxs/for-next
Merge made by the 'ort' strategy.
Merging mediatek/for-next (f5be25e697e03 Merge branch 'v7.2-next/dts32' into for-next)
$ git merge -m Merge branch 'for-next' of https://git.kernel.org/pub/scm/linux/kernel/git/mediatek/linux.git mediatek/for-next
Auto-merging drivers/soc/mediatek/mt8167-mmsys.h
CONFLICT (content): Merge conflict in drivers/soc/mediatek/mt8167-mmsys.h
Resolved 'drivers/soc/mediatek/mt8167-mmsys.h' using previous resolution.
Automatic merge failed; fix conflicts and then commit the result.
$ git commit --no-edit -v -a
[master 2413d424aa242] Merge branch 'for-next' of https://git.kernel.org/pub/scm/linux/kernel/git/mediatek/linux.git
$ git diff -M --stat --summary HEAD^..
 drivers/soc/mediatek/mt8167-mmsys.h | 5 -----
 1 file changed, 5 deletions(-)
$ git am -3 ../patches/0001-mediatek-Take-the-other-branch.patch
Applying: mediatek: Take the other branch
$ git reset HEAD^
Unstaged changes after reset:
M	drivers/soc/mediatek/mt8167-mmsys.h
$ git add -A .
$ git commit -v -a --amend
warning: notes ref refs/notes/commits is invalid
[master 625115908a27b] Merge branch 'for-next' of https://git.kernel.org/pub/scm/linux/kernel/git/mediatek/linux.git
 Date: Wed Aug 26 13:21:55 2026 +0100
Merging mvebu/for-next (5acccc8f8d731 Merge branch 'mvebu/dt64' into mvebu/for-next)
$ git merge -m Merge branch 'for-next' of https://git.kernel.org/pub/scm/linux/kernel/git/gclement/mvebu.git mvebu/for-next
Merge made by the 'ort' strategy.
Merging omap/for-next (ba251bb5ce2db Merge branch 'omap-for-v7.3/drivers' into tmp/omap-next-20260706.114259)
$ git merge -m Merge branch 'for-next' of https://git.kernel.org/pub/scm/linux/kernel/git/khilman/linux-omap.git omap/for-next
Merge made by the 'ort' strategy.
Merging qcom/for-next (ed2647532a225 Merge branches 'arm32-for-7.3', 'arm64-defconfig-for-7.3', 'arm64-fixes-for-7.2', 'arm64-for-7.3', 'clk-fixes-for-7.2', 'clk-for-7.3' and 'drivers-for-7.3' into for-next)
$ git merge -m Merge branch 'for-next' of https://git.kernel.org/pub/scm/linux/kernel/git/qcom/linux.git qcom/for-next
Auto-merging Documentation/devicetree/bindings/clock/qcom,gcc-mdm9607.yaml
Auto-merging Documentation/devicetree/bindings/clock/qcom,qcm2290-gpucc.yaml
Auto-merging drivers/clk/qcom/cambistmclkcc-kaanapali.c
Auto-merging drivers/clk/qcom/cambistmclkcc-sm8750.c
Auto-merging drivers/clk/qcom/camcc-sc8280xp.c
Auto-merging drivers/clk/qcom/camcc-x1p42100.c
Auto-merging drivers/clk/qcom/dispcc-qcm2290.c
Auto-merging drivers/clk/qcom/dispcc-sm8450.c
Auto-merging drivers/clk/qcom/gcc-eliza.c
Auto-merging drivers/clk/qcom/gcc-glymur.c
Auto-merging drivers/clk/qcom/gcc-hawi.c
Auto-merging drivers/clk/qcom/gcc-kaanapali.c
Auto-merging drivers/clk/qcom/gcc-nord.c
Auto-merging drivers/clk/qcom/gcc-qcs8300.c
Auto-merging drivers/clk/qcom/gpucc-glymur.c
Auto-merging drivers/clk/qcom/gpucc-kaanapali.c
Auto-merging drivers/clk/qcom/gpucc-qcm2290.c
Auto-merging drivers/clk/qcom/gxclkctl-kaanapali.c
Auto-merging drivers/clk/qcom/negcc-nord.c
Auto-merging drivers/clk/qcom/nwgcc-nord.c
Auto-merging drivers/clk/qcom/tcsrcc-glymur.c
CONFLICT (content): Merge conflict in drivers/clk/qcom/tcsrcc-glymur.c
Auto-merging drivers/clk/qcom/videocc-glymur.c
Auto-merging drivers/clk/qcom/videocc-x1p42100.c
Resolved 'drivers/clk/qcom/tcsrcc-glymur.c' using previous resolution.
Automatic merge failed; fix conflicts and then commit the result.
$ git commit --no-edit -v -a
[master 383a2c1e6fefb] Merge branch 'for-next' of https://git.kernel.org/pub/scm/linux/kernel/git/qcom/linux.git
$ git diff -M --stat --summary HEAD^..
 .../devicetree/bindings/clock/qcom,a53pll.yaml     |    1 +
 .../bindings/clock/qcom,gcc-mdm9607.yaml           |   18 +-
 .../devicetree/bindings/clock/qcom,glymur-gcc.yaml |    8 +
 .../bindings/clock/qcom,glymur-tcsr.yaml           |  146 +
 .../devicetree/bindings/clock/qcom,hawi-gcc.yaml   |   11 +-
 .../devicetree/bindings/clock/qcom,hawi-gpucc.yaml |   80 +
 .../bindings/clock/qcom,kaanapali-gxclkctl.yaml    |   23 +-
 .../bindings/clock/qcom,milos-camcc.yaml           |   39 +-
 .../bindings/clock/qcom,milos-videocc.yaml         |   29 +-
 .../bindings/clock/qcom,qcm2290-dispcc.yaml        |   15 +-
 .../bindings/clock/qcom,qcm2290-gpucc.yaml         |    4 +-
 .../devicetree/bindings/clock/qcom,rpmhcc.yaml     |   65 +-
 .../bindings/clock/qcom,shikra-audiocorecc.yaml    |   55 +
 .../bindings/clock/qcom,sm8450-camcc.yaml          |   14 +-
 .../bindings/clock/qcom,sm8450-gpucc.yaml          |    7 +
 .../bindings/clock/qcom,sm8450-videocc.yaml        |   19 +-
 .../bindings/clock/qcom,sm8550-dispcc.yaml         |    3 +
 .../bindings/clock/qcom,sm8550-tcsr.yaml           |   34 +-
 .../bindings/reset/qcom,shikra-audiocore-csr.yaml  |   42 +
 drivers/clk/qcom/Kconfig                           |  339 +-
 drivers/clk/qcom/Makefile                          |   15 +
 drivers/clk/qcom/apss-ipq-pll.c                    |   19 +
 drivers/clk/qcom/audiocorecc-shikra.c              |  810 ++++
 drivers/clk/qcom/cambistmclkcc-eliza.c             |  464 ++
 drivers/clk/qcom/cambistmclkcc-kaanapali.c         |    7 +
 drivers/clk/qcom/cambistmclkcc-sm8750.c            |    7 +
 drivers/clk/qcom/camcc-eliza.c                     | 2803 +++++++++++++
 drivers/clk/qcom/camcc-glymur.c                    | 2286 ++++++++++
 drivers/clk/qcom/camcc-nord.c                      | 2941 +++++++++++++
 drivers/clk/qcom/camcc-sc8280xp.c                  |   19 -
 drivers/clk/qcom/camcc-x1p42100.c                  |    6 +-
 drivers/clk/qcom/clk-alpha-pll.c                   |    9 +
 drivers/clk/qcom/clk-hfpll.c                       |    4 +-
 drivers/clk/qcom/clk-krait.c                       |    2 +-
 drivers/clk/qcom/clk-rcg.c                         |    4 +-
 drivers/clk/qcom/clk-rcg2.c                        |    2 +-
 drivers/clk/qcom/clk-ref.c                         |  205 +
 drivers/clk/qcom/clk-smd-rpm.c                     |    5 +
 drivers/clk/qcom/common.c                          |    6 +-
 drivers/clk/qcom/dispcc-qcm2290.c                  |   44 +-
 drivers/clk/qcom/dispcc-sm8450.c                   |   40 +-
 drivers/clk/qcom/dispcc0-nord.c                    | 2004 +++++++++
 drivers/clk/qcom/dispcc1-nord.c                    | 2004 +++++++++
 drivers/clk/qcom/evacc-glymur.c                    |  454 ++
 drivers/clk/qcom/gcc-eliza.c                       |    6 +-
 drivers/clk/qcom/gcc-glymur.c                      |   33 +-
 drivers/clk/qcom/gcc-hawi.c                        |  207 +-
 drivers/clk/qcom/gcc-ipq5424.c                     |   11 -
 drivers/clk/qcom/gcc-ipq9650.c                     |   89 +
 drivers/clk/qcom/gcc-kaanapali.c                   |    6 +-
 drivers/clk/qcom/gcc-mdm9607.c                     |  193 +-
 drivers/clk/qcom/gcc-msm8916.c                     |    5 +-
 drivers/clk/qcom/gcc-msm8939.c                     |    9 +-
 drivers/clk/qcom/gcc-nord.c                        |   45 +-
 drivers/clk/qcom/gcc-qcm2290.c                     |  131 +-
 drivers/clk/qcom/gcc-qcs8300.c                     |  111 +-
 drivers/clk/qcom/gcc-shikra.c                      | 4432 ++++++++++++++++++++
 drivers/clk/qcom/gcc-sm6115.c                      |    7 +-
 drivers/clk/qcom/gdsc.c                            |   47 +-
 drivers/clk/qcom/gdsc.h                            |    1 +
 drivers/clk/qcom/gpu2cc-nord.c                     |  545 +++
 drivers/clk/qcom/gpucc-eliza.c                     |  606 +++
 drivers/clk/qcom/gpucc-glymur.c                    |    2 +-
 drivers/clk/qcom/gpucc-hawi.c                      |  477 +++
 drivers/clk/qcom/gpucc-kaanapali.c                 |    2 +-
 drivers/clk/qcom/gpucc-nord.c                      |  593 +++
 drivers/clk/qcom/gpucc-qcm2290.c                   |  102 +-
 drivers/clk/qcom/gxclkctl-kaanapali.c              |   12 +-
 drivers/clk/qcom/negcc-nord.c                      |   75 +-
 drivers/clk/qcom/nwgcc-nord.c                      |    3 +
 drivers/clk/qcom/tcsrcc-glymur.c                   |  477 +--
 drivers/clk/qcom/videocc-eliza.c                   |  404 ++
 drivers/clk/qcom/videocc-glymur.c                  |   38 +
 drivers/clk/qcom/videocc-hawi.c                    |  839 ++++
 drivers/clk/qcom/videocc-maili.c                   |  660 +++
 drivers/clk/qcom/videocc-x1p42100.c                |    4 +-
 .../dt-bindings/clock/qcom,eliza-cambistmclkcc.h   |   32 +
 include/dt-bindings/clock/qcom,eliza-camcc.h       |  151 +
 include/dt-bindings/clock/qcom,eliza-gpucc.h       |   51 +
 include/dt-bindings/clock/qcom,eliza-videocc.h     |   37 +
 include/dt-bindings/clock/qcom,gcc-mdm9607.h       |    1 -
 include/dt-bindings/clock/qcom,hawi-gpucc.h        |   47 +
 include/dt-bindings/clock/qcom,hawi-videocc.h      |   64 +
 include/dt-bindings/clock/qcom,ipq9650-gcc.h       |    5 +
 include/dt-bindings/clock/qcom,maili-gcc.h         |   21 +
 include/dt-bindings/clock/qcom,maili-videocc.h     |   50 +
 include/dt-bindings/clock/qcom,nord-camcc.h        |  167 +
 include/dt-bindings/clock/qcom,nord-dispcc.h       |  115 +
 include/dt-bindings/clock/qcom,nord-gpu2cc.h       |   47 +
 include/dt-bindings/clock/qcom,nord-gpucc.h        |   48 +
 include/dt-bindings/clock/qcom,nord-nwgcc.h        |    3 +
 include/dt-bindings/clock/qcom,qcs8300-gcc.h       |    6 +
 .../dt-bindings/clock/qcom,shikra-audiocorecc.h    |   49 +
 include/linux/clk/qcom.h                           |   67 +
 94 files changed, 25356 insertions(+), 889 deletions(-)
 create mode 100644 Documentation/devicetree/bindings/clock/qcom,glymur-tcsr.yaml
 create mode 100644 Documentation/devicetree/bindings/clock/qcom,hawi-gpucc.yaml
 create mode 100644 Documentation/devicetree/bindings/clock/qcom,shikra-audiocorecc.yaml
 create mode 100644 Documentation/devicetree/bindings/reset/qcom,shikra-audiocore-csr.yaml
 create mode 100644 drivers/clk/qcom/audiocorecc-shikra.c
 create mode 100644 drivers/clk/qcom/cambistmclkcc-eliza.c
 create mode 100644 drivers/clk/qcom/camcc-eliza.c
 create mode 100644 drivers/clk/qcom/camcc-glymur.c
 create mode 100644 drivers/clk/qcom/camcc-nord.c
 create mode 100644 drivers/clk/qcom/clk-ref.c
 create mode 100644 drivers/clk/qcom/dispcc0-nord.c
 create mode 100644 drivers/clk/qcom/dispcc1-nord.c
 create mode 100644 drivers/clk/qcom/evacc-glymur.c
 create mode 100644 drivers/clk/qcom/gcc-shikra.c
 create mode 100644 drivers/clk/qcom/gpu2cc-nord.c
 create mode 100644 drivers/clk/qcom/gpucc-eliza.c
 create mode 100644 drivers/clk/qcom/gpucc-hawi.c
 create mode 100644 drivers/clk/qcom/gpucc-nord.c
 create mode 100644 drivers/clk/qcom/videocc-eliza.c
 create mode 100644 drivers/clk/qcom/videocc-hawi.c
 create mode 100644 drivers/clk/qcom/videocc-maili.c
 create mode 100644 include/dt-bindings/clock/qcom,eliza-cambistmclkcc.h
 create mode 100644 include/dt-bindings/clock/qcom,eliza-camcc.h
 create mode 100644 include/dt-bindings/clock/qcom,eliza-gpucc.h
 create mode 100644 include/dt-bindings/clock/qcom,eliza-videocc.h
 create mode 100644 include/dt-bindings/clock/qcom,hawi-gpucc.h
 create mode 100644 include/dt-bindings/clock/qcom,hawi-videocc.h
 create mode 100644 include/dt-bindings/clock/qcom,maili-gcc.h
 create mode 100644 include/dt-bindings/clock/qcom,maili-videocc.h
 create mode 100644 include/dt-bindings/clock/qcom,nord-camcc.h
 create mode 100644 include/dt-bindings/clock/qcom,nord-dispcc.h
 create mode 100644 include/dt-bindings/clock/qcom,nord-gpu2cc.h
 create mode 100644 include/dt-bindings/clock/qcom,nord-gpucc.h
 create mode 100644 include/dt-bindings/clock/qcom,shikra-audiocorecc.h
 create mode 100644 include/linux/clk/qcom.h
Merging realtek/for-next (3c778f0c9fa36 arm64: dts: realtek: Add GPIO support for RTD1625)
$ git merge -m Merge branch 'for-next' of https://git.kernel.org/pub/scm/linux/kernel/git/yu_chun/linux.git realtek/for-next
Already up to date.
Merging renesas/next (f9592c355314c Merge branches 'renesas-arm-soc-for-v7.3', 'renesas-drivers-for-v7.3' and 'renesas-dts-for-v7.3' into renesas-next)
$ git merge -m Merge branch 'next' of https://git.kernel.org/pub/scm/linux/kernel/git/geert/renesas-devel.git renesas/next
Merge made by the 'ort' strategy.
Merging reset/reset/next (d373605cd5148 Merge tag 'reset-fixes-for-v7.0-2' into reset/next)
$ git merge -m Merge branch 'reset/next' of https://git.kernel.org/pub/scm/linux/kernel/git/pza/linux reset/reset/next
Already up to date.
Merging rockchip/for-next (2d578cd590adc Merge branch 'v7.3-clk/next' into for-next)
$ git merge -m Merge branch 'for-next' of https://git.kernel.org/pub/scm/linux/kernel/git/mmind/linux-rockchip.git rockchip/for-next
Merge made by the 'ort' strategy.
 .../bindings/clock/rockchip,rv1106-cru.yaml        |   60 ++
 drivers/clk/rockchip/Kconfig                       |    7 +
 drivers/clk/rockchip/Makefile                      |    1 +
 drivers/clk/rockchip/clk-pll.c                     |   16 +-
 drivers/clk/rockchip/clk-rk3576.c                  |   15 +-
 drivers/clk/rockchip/clk-rk3588.c                  |    6 +-
 drivers/clk/rockchip/clk-rv1106.c                  | 1099 ++++++++++++++++++++
 drivers/clk/rockchip/clk.h                         |    8 +-
 include/dt-bindings/clock/rockchip,rv1106-cru.h    |  306 ++++++
 9 files changed, 1500 insertions(+), 18 deletions(-)
 create mode 100644 Documentation/devicetree/bindings/clock/rockchip,rv1106-cru.yaml
 create mode 100644 drivers/clk/rockchip/clk-rv1106.c
 create mode 100644 include/dt-bindings/clock/rockchip,rv1106-cru.h
Merging samsung-krzk/for-next (acde40ba506aa Merge branch 'next/dt64' into for-next)
$ git merge -m Merge branch 'for-next' of https://git.kernel.org/pub/scm/linux/kernel/git/krzk/linux.git samsung-krzk/for-next
Auto-merging drivers/clk/samsung/clk-exynos990.c
Auto-merging drivers/clk/samsung/clk.c
Merge made by the 'ort' strategy.
 drivers/clk/samsung/clk-cpu.c                 | 34 +++++++---------
 drivers/clk/samsung/clk-exynos990.c           | 24 +++++++-----
 drivers/clk/samsung/clk-pll.c                 | 56 +++++++++++++--------------
 drivers/clk/samsung/clk.c                     | 11 +++---
 drivers/clk/samsung/clk.h                     |  4 +-
 include/dt-bindings/clock/samsung,exynos990.h |  1 +
 6 files changed, 63 insertions(+), 67 deletions(-)
Merging scmi/for-linux-next (8703affc72639 Merge tag 'scmi-updates-7.3' of git://git.kernel.org/pub/scm/linux/kernel/git/sudeep.holla/linux)
$ git merge -m Merge branch 'for-linux-next' of https://git.kernel.org/pub/scm/linux/kernel/git/sudeep.holla/linux.git scmi/for-linux-next
Merge made by the 'ort' strategy.
Merging sophgo/for-next (76acfee87c74d Merge branch 'dt/arm' into for-next)
$ git merge -m Merge branch 'for-next' of https://github.com/sophgo/linux.git sophgo/for-next
Merge made by the 'ort' strategy.
Merging sophgo-soc/soc-for-next (c8754c7deab4c soc: sophgo: cv1800: rtcsys: New driver (handling RTC only))
$ git merge -m Merge branch 'soc-for-next' of https://github.com/sophgo/linux.git sophgo-soc/soc-for-next
Already up to date.
Merging spacemit/for-next (3fca3cbc0516b Merge branch 'spacemit-dt-for-next' into spacemit-for-next)
$ git merge -m Merge branch 'for-next' of https://git.kernel.org/pub/scm/linux/kernel/git/spacemit/linux spacemit/for-next
Merge made by the 'ort' strategy.
 drivers/clk/spacemit/ccu-k3.c                  | 41 +++++++++++++++++---------
 include/dt-bindings/clock/spacemit,k3-clocks.h |  4 +++
 include/soc/spacemit/k3-syscon.h               |  3 +-
 3 files changed, 33 insertions(+), 15 deletions(-)
Merging stm32/stm32-next (90d4d470d4d47 arm64: dts: st: Add I/O sync to eth1 pinctrl in stm32mp25-pinctrl.dtsi)
$ git merge -m Merge branch 'stm32-next' of https://git.kernel.org/pub/scm/linux/kernel/git/atorgue/stm32.git stm32/stm32-next
Auto-merging arch/arm/boot/dts/st/stm32mp135f-dk.dts
Auto-merging arch/arm64/boot/dts/st/stm32mp257f-ev1.dts
Merge made by the 'ort' strategy.
 arch/arm/boot/dts/st/stm32mp131.dtsi               | 24 ++++++++++
 arch/arm/boot/dts/st/stm32mp135.dtsi               | 44 ++++++++---------
 arch/arm/boot/dts/st/stm32mp135f-dk.dts            | 16 ++++++-
 arch/arm/boot/dts/st/stm32mp15-pinctrl.dtsi        | 34 +++++++++++++
 arch/arm/boot/dts/st/stm32mp151.dtsi               | 20 ++++----
 .../arm/boot/dts/st/stm32mp153c-lxa-fairytux2.dtsi |  2 +-
 arch/arm/boot/dts/st/stm32mp157a-dk1-scmi.dts      |  8 ++--
 arch/arm/boot/dts/st/stm32mp157c-dk2-scmi.dts      |  8 ++--
 arch/arm/boot/dts/st/stm32mp157c-ed1-scmi.dts      |  8 ++--
 arch/arm/boot/dts/st/stm32mp157c-ev1-scmi.dts      |  8 ++--
 arch/arm/boot/dts/st/stm32mp157c-ev1.dts           |  8 ++--
 arch/arm/boot/dts/st/stm32mp157c-lxa-mc1.dts       |  2 +-
 arch/arm/boot/dts/st/stm32mp15xc-lxa-tac.dtsi      |  2 +-
 arch/arm/boot/dts/st/stm32mp15xx-dkx.dtsi          | 34 +++++++++++--
 arch/arm64/boot/dts/st/stm32mp25-pinctrl.dtsi      |  2 +
 arch/arm64/boot/dts/st/stm32mp257f-ev1.dts         | 56 +++++++++++-----------
 16 files changed, 187 insertions(+), 89 deletions(-)
Merging sunxi/sunxi/for-next (859c0e1925332 Merge branch 'sunxi/dt-for-7.3' into sunxi/for-next)
$ git merge -m Merge branch 'sunxi/for-next' of https://git.kernel.org/pub/scm/linux/kernel/git/sunxi/linux.git sunxi/sunxi/for-next
Merge made by the 'ort' strategy.
 .../bindings/rtc/allwinner,sun6i-a31-rtc.yaml      |  13 +++
 drivers/clk/sunxi-ng/ccu-sun6i-rtc.c               | 127 +++++++++++++++------
 drivers/clk/sunxi-ng/ccu-sun6i-rtc.h               |   3 +-
 drivers/clk/sunxi-ng/ccu_common.c                  |  12 +-
 drivers/clk/sunxi-ng/ccu_common.h                  |   1 +
 drivers/clk/sunxi-ng/ccu_div.c                     |  31 ++++-
 drivers/clk/sunxi-ng/ccu_div.h                     |   1 +
 drivers/clk/sunxi-ng/ccu_mux.c                     |  58 +++++-----
 include/dt-bindings/clock/sun6i-rtc.h              |   4 +
 9 files changed, 176 insertions(+), 74 deletions(-)
Merging tee/next (a3067938fd192 Merge branches 'qcomtee_for_v7.3', 'optee_fix_for_v7.2' and 'jw-korg' into next)
$ git merge -m Merge branch 'next' of https://git.kernel.org/pub/scm/linux/kernel/git/jenswi/linux-tee.git tee/next
Merge made by the 'ort' strategy.
Merging tegra/for-next (48713e5ff96a2 Merge branch for-7.3/arm64/dt into for-next)
$ git merge -m Merge branch 'for-next' of https://git.kernel.org/pub/scm/linux/kernel/git/tegra/linux.git tegra/for-next
Merge made by the 'ort' strategy.
Merging tenstorrent-dt/tenstorrent-dt-for-next (33583baeb1ba7 dt-bindings: iommu: riscv: Add bindings for Tenstorrent RISC-V IOMMU)
$ git merge -m Merge branch 'tenstorrent-dt-for-next' of https://git.kernel.org/pub/scm/linux/kernel/git/tenstorrent/linux.git tenstorrent-dt/tenstorrent-dt-for-next
Already up to date.
Merging fustini-config/riscv-config-for-next (020e209272bee riscv: defconfig: thead: enable PCA953X GPIO driver)
$ git merge -m Merge branch 'riscv-config-for-next' of https://git.kernel.org/pub/scm/linux/kernel/git/fustini/linux.git fustini-config/riscv-config-for-next
Already up to date.
Merging thead-dt/thead-dt-for-next (15d32aaf6300b riscv: dts: thead: Add remaining Lichee Pi 4A IO expansions)
$ git merge -m Merge branch 'thead-dt-for-next' of https://git.kernel.org/pub/scm/linux/kernel/git/fustini/linux.git thead-dt/thead-dt-for-next
Already up to date.
Merging ti/ti-next (61831b50771af Merge branch 'ti-k3-dts-next' into ti-next)
$ git merge -m Merge branch 'ti-next' of https://git.kernel.org/pub/scm/linux/kernel/git/ti/linux.git ti/ti-next
Auto-merging MAINTAINERS
Merge made by the 'ort' strategy.
 MAINTAINERS | 1 +
 1 file changed, 1 insertion(+)
Merging xilinx/for-next (a4ff2be345d0a Merge tag 'v7.3-p1' of git://git.kernel.org/pub/scm/linux/kernel/git/herbert/crypto-2.6)
$ git merge -m Merge branch 'for-next' of https://github.com/Xilinx/linux-xlnx.git xilinx/for-next
Already up to date.
Merging socfpga/for-next (ff98c9832fd43 arm64: dts: socfpga: use consistent QSPI boot partition label)
$ git merge -m Merge branch 'for-next' of https://git.kernel.org/pub/scm/linux/kernel/git/dinguyen/linux.git socfpga/for-next
Already up to date.
Merging clk/clk-next (dd8eb789f18c4 Merge branches 'clk-pile' and 'clk-microchip' into clk-next)
$ git merge -m Merge branch 'clk-next' of https://git.kernel.org/pub/scm/linux/kernel/git/clk/linux.git clk/clk-next
Auto-merging CREDITS
Auto-merging MAINTAINERS
Auto-merging arch/arm64/boot/dts/cix/sky1.dtsi
Auto-merging drivers/clk/imx/clk-imx8qxp.c
Auto-merging drivers/pmdomain/mediatek/mtk-mfg-pmdomain.c
Merge made by the 'ort' strategy.
 CREDITS                                            |    4 +
 .../bindings/clock/amlogic,a9-aoclkc.yaml          |   76 +
 .../clock/amlogic,a9-peripherals-clkc.yaml         |  164 ++
 .../bindings/clock/eswin,eic7700-hspcrg.yaml       |   63 +
 .../devicetree/bindings/clock/keystone-gate.txt    |   27 -
 .../bindings/clock/mediatek,mt8173-mfgtop.yaml     |   70 +
 .../bindings/clock/mediatek,pericfg.yaml           |    2 +-
 .../bindings/clock/renesas,r8a78000-cpg.yaml       |   55 +
 .../bindings/clock/renesas,rzv2h-cpg.yaml          |    6 +
 .../bindings/clock/renesas,versaclock7.yaml        |    2 +-
 .../devicetree/bindings/clock/silabs,si544.yaml    |   10 +-
 .../bindings/clock/st,stm32mp21-rcc.yaml           |  140 +-
 .../bindings/clock/st,stm32mp25-rcc.yaml           |  160 +-
 .../bindings/clock/ti,keystone,psc-clock.yaml      |   60 +
 .../devicetree/bindings/clock/ti/apll.txt          |   43 -
 .../devicetree/bindings/clock/ti/clockdomain.txt   |   25 -
 .../bindings/clock/ti/ti,apll-clock.yaml           |   89 +
 .../bindings/clock/ti/ti,clockdomain.yaml          |   44 +
 .../bindings/clock/ti/ti,gate-clock.yaml           |    2 +-
 .../bindings/clock/ultrarisc,dp1000-clk.yaml       |   60 +
 .../bindings/clock/xlnx,clocking-wizard.yaml       |    2 +-
 .../bindings/remoteproc/ti,keystone-rproc.txt      |    2 +-
 .../bindings/soc/cix/cix,sky1-audss-cru.yaml       |   92 +
 .../bindings/soc/mobileye/mobileye,eyeq7h-olb.yaml |  192 ++
 Documentation/driver-api/clk.rst                   |   58 +-
 Documentation/driver-api/driver-model/devres.rst   |    1 +
 MAINTAINERS                                        |   23 +-
 arch/arm64/boot/dts/cix/sky1.dtsi                  |   18 +
 drivers/clk/.kunitconfig                           |    1 +
 drivers/clk/Kconfig                                |   18 +-
 drivers/clk/Makefile                               |   22 +-
 drivers/clk/aspeed/clk-ast2700.c                   |   10 +
 drivers/clk/bcm/clk-kona.c                         |    3 +-
 drivers/clk/cix/Kconfig                            |   16 +
 drivers/clk/cix/Makefile                           |    3 +
 drivers/clk/cix/clk-sky1-audss.c                   | 1206 +++++++++++
 drivers/clk/clk-bd718x7.c                          |   12 +-
 drivers/clk/clk-cdce706.c                          |    2 +-
 drivers/clk/clk-cdce925.c                          |    8 +-
 drivers/clk/clk-composite.c                        |    1 +
 drivers/clk/clk-conf.c                             |   76 +
 drivers/clk/clk-cs2000-cp.c                        |   10 +-
 drivers/clk/clk-devres.c                           |   19 +-
 drivers/clk/clk-divider.c                          |   25 +-
 drivers/clk/clk-divider_test.c                     |  153 ++
 drivers/clk/clk-en7523.c                           |   43 +-
 drivers/clk/clk-eyeq.c                             | 1268 ++++++++----
 drivers/clk/clk-fixed-factor.c                     |   78 +-
 drivers/clk/clk-k230.c                             |    4 +
 drivers/clk/clk-lmk04832.c                         |   39 +-
 drivers/clk/clk-max77686.c                         |    8 +-
 drivers/clk/clk-moxart.c                           |   14 -
 drivers/clk/clk-palmas.c                           |   24 +-
 drivers/clk/clk-renesas-pcie.c                     |    6 +-
 drivers/clk/clk-rp1.c                              |    8 +-
 drivers/clk/clk-s2mps11.c                          |   12 +-
 drivers/clk/clk-scmi-oem.c                         |  108 +
 drivers/clk/clk-scmi.c                             |   44 +-
 drivers/clk/clk-scmi.h                             |   51 +
 drivers/clk/clk-scpi.c                             |   14 +-
 drivers/clk/clk-si514.c                            |    2 +-
 drivers/clk/clk-si521xx.c                          |    6 +-
 drivers/clk/clk-si5341.c                           |   10 +-
 drivers/clk/clk-si5351.c                           |    8 +-
 drivers/clk/clk-si544.c                            |   82 +-
 drivers/clk/clk-si570.c                            |    8 +-
 drivers/clk/clk-versaclock5.c                      |   16 +-
 drivers/clk/clk-versaclock7.c                      |    6 +-
 drivers/clk/clk.c                                  |  112 +-
 drivers/clk/clk_test.c                             |  214 +-
 drivers/clk/eswin/Kconfig                          |   13 +
 drivers/clk/eswin/Makefile                         |    1 +
 drivers/clk/eswin/clk-eic7700-hsp.c                |  345 ++++
 drivers/clk/eswin/clk-eic7700.c                    |    3 +-
 drivers/clk/eswin/clk.c                            |    4 +-
 drivers/clk/hisilicon/Kconfig                      |   14 +
 drivers/clk/hisilicon/clk-hi3660-stub.c            |   22 +-
 drivers/clk/hisilicon/reset.c                      |    2 +-
 drivers/clk/imx/clk-imx8mm.c                       |    6 +
 drivers/clk/imx/clk-imx8qxp-lpcg.c                 |    1 +
 drivers/clk/imx/clk-imx8qxp.c                      |    1 +
 drivers/clk/imx/clk-imx95-blk-ctl.c                |   21 +-
 drivers/clk/imx/clk-pll14xx.c                      |  119 +-
 drivers/clk/imx/clk-scu.c                          |   24 +-
 drivers/clk/imx/clk.h                              |    1 +
 drivers/clk/kunit_clk_assigned_rates.h             |   10 +
 .../clk/kunit_clk_assigned_rates_u64_multiple.dtso |    6 +
 ...t_clk_assigned_rates_u64_multiple_consumer.dtso |    6 +
 drivers/clk/kunit_clk_assigned_rates_u64_one.dtso  |    3 +
 .../kunit_clk_assigned_rates_u64_one_consumer.dtso |    3 +
 drivers/clk/kunit_clk_assigned_sscs_multiple.dtso  |   20 +
 .../kunit_clk_assigned_sscs_multiple_consumer.dtso |   24 +
 drivers/clk/kunit_clk_assigned_sscs_null.dtso      |   16 +
 .../clk/kunit_clk_assigned_sscs_null_consumer.dtso |   20 +
 drivers/clk/kunit_clk_assigned_sscs_one.dtso       |   16 +
 .../clk/kunit_clk_assigned_sscs_one_consumer.dtso  |   20 +
 drivers/clk/kunit_clk_assigned_sscs_without.dtso   |   15 +
 .../kunit_clk_assigned_sscs_without_consumer.dtso  |   19 +
 drivers/clk/kunit_clk_assigned_sscs_zero.dtso      |   12 +
 .../clk/kunit_clk_assigned_sscs_zero_consumer.dtso |   16 +
 drivers/clk/mediatek/Kconfig                       |   11 +
 drivers/clk/mediatek/Makefile                      |    1 +
 drivers/clk/mediatek/clk-mt6735-apmixedsys.c       |    5 +-
 drivers/clk/mediatek/clk-mt6735-vdecsys.c          |    1 +
 drivers/clk/mediatek/clk-mt6735-vencsys.c          |    1 +
 drivers/clk/mediatek/clk-mt8135.c                  |    5 +-
 drivers/clk/mediatek/clk-mt8173-mfgtop.c           |  242 +++
 drivers/clk/mediatek/clk-mt8196-vlpckgen.c         |    1 -
 drivers/clk/mediatek/clk-pllfh.c                   |   98 +-
 drivers/clk/meson/Kconfig                          |   27 +
 drivers/clk/meson/Makefile                         |    2 +
 drivers/clk/meson/a9-aoclk.c                       |  489 +++++
 drivers/clk/meson/a9-peripherals.c                 | 2089 ++++++++++++++++++++
 drivers/clk/meson/gxbb.c                           |    2 +-
 drivers/clk/microchip/clk-mpfs.c                   |    2 +-
 drivers/clk/mmp/clk-pxa1908-apbc.c                 |    2 +-
 drivers/clk/mmp/clk-pxa1908-apbcp.c                |    2 +-
 drivers/clk/mvebu/clk-cpu.c                        |    2 +-
 drivers/clk/mvebu/kirkwood.c                       |   21 +-
 drivers/clk/nuvoton/clk-ma35d1-pll.c               |   42 +-
 drivers/clk/qcom/clk-rpm.c                         |   15 +-
 drivers/clk/qcom/clk-rpmh.c                        |    8 +-
 drivers/clk/qcom/clk-smd-rpm.c                     |   13 +-
 drivers/clk/renesas/Kconfig                        |   10 +
 drivers/clk/renesas/Makefile                       |    2 +
 drivers/clk/renesas/r8a78000-cpg.c                 |  166 ++
 drivers/clk/renesas/r9a08g045-cpg.c                |    9 +
 drivers/clk/renesas/r9a08g046-cpg.c                |  130 ++
 drivers/clk/renesas/r9a09g047-cpg.c                |  123 +-
 drivers/clk/renesas/r9a09g077-cpg.c                |  375 +++-
 drivers/clk/renesas/renesas-cpg-mssr.c             |   20 +-
 drivers/clk/renesas/rzg2l-cpg.c                    |    8 +-
 drivers/clk/renesas/rzv2h-cpg-lib.c                |  217 ++
 drivers/clk/renesas/rzv2h-cpg.c                    |  203 --
 drivers/clk/samsung/clk-acpm.c                     |   18 +-
 drivers/clk/samsung/clk.h                          |    2 +-
 drivers/clk/sprd/pll.c                             |    8 +-
 drivers/clk/st/clkgen-pll.c                        |   20 +-
 drivers/clk/stm32/clk-stm32mp21.c                  |    1 +
 drivers/clk/stm32/clk-stm32mp25.c                  |    1 +
 drivers/clk/tegra/clk-bpmp.c                       |   10 +-
 drivers/clk/tegra/clk-pll.c                        |    1 +
 drivers/clk/tegra/clk-tegra114.c                   |   39 +-
 drivers/clk/tegra/clk-tegra124-emc.c               |    1 +
 drivers/clk/tegra/clk-tegra210.c                   |    2 +-
 drivers/clk/ti/adpll.c                             |    4 +-
 drivers/clk/ti/composite.c                         |   26 +-
 drivers/clk/ti/divider.c                           |    2 +-
 drivers/clk/ti/mux.c                               |   22 +-
 drivers/clk/ultrarisc/Kconfig                      |   18 +
 drivers/clk/ultrarisc/Makefile                     |    4 +
 drivers/clk/ultrarisc/clk-dp1000.c                 |  154 ++
 drivers/clk/ultrarisc/clk-ultrarisc.c              |  399 ++++
 drivers/clk/ultrarisc/clk-ultrarisc.h              |   71 +
 drivers/clk/visconti/clkc.c                        |    2 +-
 drivers/clk/x86/clk-pmc-atom.c                     |    3 +
 drivers/clk/xilinx/clk-xlnx-clock-wizard.c         |  146 +-
 drivers/clk/zynq/clkc.c                            |    8 +
 drivers/clk/zynq/pll.c                             |    8 +-
 drivers/phy/mediatek/phy-mtk-hdmi-mt2701.c         |    8 +-
 drivers/pmdomain/mediatek/airoha-cpu-pmdomain.c    |    8 +-
 drivers/pmdomain/mediatek/mtk-mfg-pmdomain.c       |   23 +-
 drivers/reset/Kconfig                              |   24 +
 drivers/reset/Makefile                             |    2 +
 drivers/reset/reset-eic7700-hsp.c                  |  113 ++
 drivers/reset/reset-eyeq.c                         |  271 ++-
 drivers/reset/reset-sky1-audss.c                   |  127 ++
 include/dt-bindings/clock/amlogic,a9-aoclkc.h      |   76 +
 .../clock/amlogic,a9-peripherals-clkc.h            |  351 ++++
 include/dt-bindings/clock/aspeed,ast2700-scu.h     |    2 +
 include/dt-bindings/clock/cix,sky1-audss-cru.h     |   60 +
 include/dt-bindings/clock/clock.h                  |   14 +
 include/dt-bindings/clock/eswin,eic7700-hspcrg.h   |   33 +
 include/dt-bindings/clock/mobileye,eyeq7h-clk.h    |  119 ++
 include/dt-bindings/clock/mt8173-clk.h             |    7 +
 include/dt-bindings/clock/renesas,r8a78000-cpg.h   |   14 +
 .../dt-bindings/clock/renesas,r9a09g077-cpg-mssr.h |    2 +
 .../dt-bindings/clock/renesas,r9a09g087-cpg-mssr.h |    2 +
 include/dt-bindings/clock/ultrarisc,dp1000-clk.h   |   27 +
 include/dt-bindings/reset/airoha,en7581-reset.h    |    4 +
 include/dt-bindings/reset/cix,sky1-audss-cru.h     |   25 +
 include/dt-bindings/reset/eswin,eic7700-hspcrg.h   |   21 +
 include/linux/clk-provider.h                       |  134 +-
 include/linux/clk.h                                |   27 +-
 include/linux/clk/renesas.h                        |   34 +-
 185 files changed, 11331 insertions(+), 1554 deletions(-)
 create mode 100644 Documentation/devicetree/bindings/clock/amlogic,a9-aoclkc.yaml
 create mode 100644 Documentation/devicetree/bindings/clock/amlogic,a9-peripherals-clkc.yaml
 create mode 100644 Documentation/devicetree/bindings/clock/eswin,eic7700-hspcrg.yaml
 delete mode 100644 Documentation/devicetree/bindings/clock/keystone-gate.txt
 create mode 100644 Documentation/devicetree/bindings/clock/mediatek,mt8173-mfgtop.yaml
 create mode 100644 Documentation/devicetree/bindings/clock/renesas,r8a78000-cpg.yaml
 create mode 100644 Documentation/devicetree/bindings/clock/ti,keystone,psc-clock.yaml
 delete mode 100644 Documentation/devicetree/bindings/clock/ti/apll.txt
 delete mode 100644 Documentation/devicetree/bindings/clock/ti/clockdomain.txt
 create mode 100644 Documentation/devicetree/bindings/clock/ti/ti,apll-clock.yaml
 create mode 100644 Documentation/devicetree/bindings/clock/ti/ti,clockdomain.yaml
 create mode 100644 Documentation/devicetree/bindings/clock/ultrarisc,dp1000-clk.yaml
 create mode 100644 Documentation/devicetree/bindings/soc/cix/cix,sky1-audss-cru.yaml
 create mode 100644 Documentation/devicetree/bindings/soc/mobileye/mobileye,eyeq7h-olb.yaml
 create mode 100644 drivers/clk/cix/Kconfig
 create mode 100644 drivers/clk/cix/Makefile
 create mode 100644 drivers/clk/cix/clk-sky1-audss.c
 create mode 100644 drivers/clk/clk-divider_test.c
 create mode 100644 drivers/clk/clk-scmi-oem.c
 create mode 100644 drivers/clk/clk-scmi.h
 create mode 100644 drivers/clk/eswin/clk-eic7700-hsp.c
 create mode 100644 drivers/clk/kunit_clk_assigned_sscs_multiple.dtso
 create mode 100644 drivers/clk/kunit_clk_assigned_sscs_multiple_consumer.dtso
 create mode 100644 drivers/clk/kunit_clk_assigned_sscs_null.dtso
 create mode 100644 drivers/clk/kunit_clk_assigned_sscs_null_consumer.dtso
 create mode 100644 drivers/clk/kunit_clk_assigned_sscs_one.dtso
 create mode 100644 drivers/clk/kunit_clk_assigned_sscs_one_consumer.dtso
 create mode 100644 drivers/clk/kunit_clk_assigned_sscs_without.dtso
 create mode 100644 drivers/clk/kunit_clk_assigned_sscs_without_consumer.dtso
 create mode 100644 drivers/clk/kunit_clk_assigned_sscs_zero.dtso
 create mode 100644 drivers/clk/kunit_clk_assigned_sscs_zero_consumer.dtso
 create mode 100644 drivers/clk/mediatek/clk-mt8173-mfgtop.c
 create mode 100644 drivers/clk/meson/a9-aoclk.c
 create mode 100644 drivers/clk/meson/a9-peripherals.c
 create mode 100644 drivers/clk/renesas/r8a78000-cpg.c
 create mode 100644 drivers/clk/renesas/rzv2h-cpg-lib.c
 create mode 100644 drivers/clk/ultrarisc/Kconfig
 create mode 100644 drivers/clk/ultrarisc/Makefile
 create mode 100644 drivers/clk/ultrarisc/clk-dp1000.c
 create mode 100644 drivers/clk/ultrarisc/clk-ultrarisc.c
 create mode 100644 drivers/clk/ultrarisc/clk-ultrarisc.h
 create mode 100644 drivers/reset/reset-eic7700-hsp.c
 create mode 100644 drivers/reset/reset-sky1-audss.c
 create mode 100644 include/dt-bindings/clock/amlogic,a9-aoclkc.h
 create mode 100644 include/dt-bindings/clock/amlogic,a9-peripherals-clkc.h
 create mode 100644 include/dt-bindings/clock/cix,sky1-audss-cru.h
 create mode 100644 include/dt-bindings/clock/clock.h
 create mode 100644 include/dt-bindings/clock/eswin,eic7700-hspcrg.h
 create mode 100644 include/dt-bindings/clock/mobileye,eyeq7h-clk.h
 create mode 100644 include/dt-bindings/clock/renesas,r8a78000-cpg.h
 create mode 100644 include/dt-bindings/clock/ultrarisc,dp1000-clk.h
 create mode 100644 include/dt-bindings/reset/cix,sky1-audss-cru.h
 create mode 100644 include/dt-bindings/reset/eswin,eic7700-hspcrg.h
Merging clk-imx/for-next (39ec460b56b26 clk: imx95-blk-ctl: Fix REFCLK rise-fall mismatch on i.MX95)
$ git merge -m Merge branch 'for-next' of https://git.kernel.org/pub/scm/linux/kernel/git/abelvesa/linux.git clk-imx/for-next
Already up to date.
Merging clk-renesas/renesas-clk (0fb9083a6e56f clk: renesas: Add R-Car X5H CPG driver)
$ git merge -m Merge branch 'renesas-clk' of https://git.kernel.org/pub/scm/linux/kernel/git/geert/renesas-drivers.git clk-renesas/renesas-clk
Already up to date.
Merging thead-clk/thead-clk-for-next (b2ee00d0bf4cc clk: thead: allow COMPILE_TEST builds)
$ git merge -m Merge branch 'thead-clk-for-next' of https://git.kernel.org/pub/scm/linux/kernel/git/fustini/linux.git thead-clk/thead-clk-for-next
Already up to date.
Merging tenstorrent-clk/tenstorrent-clk-for-next (23c8ebc952849 clk: tenstorrent: Add Atlantis clock controller driver)
$ git merge -m Merge branch 'tenstorrent-clk-for-next' of https://git.kernel.org/pub/scm/linux/kernel/git/tenstorrent/linux.git tenstorrent-clk/tenstorrent-clk-for-next
Already up to date.
Merging csky/linux-next (abb81e5ce7d99 csky: Fix a4/a5 restoration in syscall trace path)
$ git merge -m Merge branch 'linux-next' of https://github.com/c-sky/csky-linux.git csky/linux-next
Already up to date.
Merging loongarch/loongarch-next (e2a8488684418 Merge branch 'loongarch-kvm' into loongarch-next)
$ git merge -m Merge branch 'loongarch-next' of https://git.kernel.org/pub/scm/linux/kernel/git/chenhuacai/linux-loongson.git loongarch/loongarch-next
Merge made by the 'ort' strategy.
Merging m68k/for-next (2f8e3cad53b5c m68k: nfcon: Do not call console_is_registered() in nfcon_device())
$ git merge -m Merge branch 'for-next' of https://git.kernel.org/pub/scm/linux/kernel/git/geert/linux-m68k.git m68k/for-next
Already up to date.
Merging m68knommu/for-next (de0dab22cbf69 m68k: coldfire/5441x: register mcf-rcm-reset platform device)
$ git merge -m Merge branch 'for-next' of https://git.kernel.org/pub/scm/linux/kernel/git/gerg/m68knommu.git m68knommu/for-next
Merge made by the 'ort' strategy.
 arch/m68k/coldfire/device.c          |  2 +-
 arch/m68k/coldfire/m5441x.c          | 25 +++++++++++++++++
 arch/m68k/configs/m5235evb_defconfig | 52 ++++++++++++++++++++++++++++++++++++
 arch/m68k/configs/m5282evb_defconfig | 51 +++++++++++++++++++++++++++++++++++
 arch/m68k/include/asm/mcfgpio.h      |  2 +-
 5 files changed, 130 insertions(+), 2 deletions(-)
 create mode 100644 arch/m68k/configs/m5235evb_defconfig
 create mode 100644 arch/m68k/configs/m5282evb_defconfig
Merging microblaze/next (8d3ae59288f1e Linux 7.2)
$ git merge -m Merge branch 'next' of git://git.monstr.eu/linux-2.6-microblaze.git microblaze/next
Already up to date.
Merging mips/mips-next (3b7711be02612 mips: dts: econet: Describe dual-VPE 34Kc processor)
$ git merge -m Merge branch 'mips-next' of https://git.kernel.org/pub/scm/linux/kernel/git/mips/linux.git mips/mips-next
Already up to date.
Merging openrisc/for-next (6620f5e8c11c4 openrisc: drop unneeded semicolon)
$ git merge -m Merge branch 'for-next' of https://github.com/openrisc/linux.git openrisc/for-next
Merge made by the 'ort' strategy.
 arch/openrisc/mm/tlb.c | 4 ++--
 1 file changed, 2 insertions(+), 2 deletions(-)
Merging parisc-hd/for-next (8d3ae59288f1e Linux 7.2)
$ git merge -m Merge branch 'for-next' of https://git.kernel.org/pub/scm/linux/kernel/git/deller/parisc-linux.git parisc-hd/for-next
Already up to date.
Merging powerpc/next (1304643a1c20b powerpc/pseries/iommu: switch to Default DMA window during kdump)
$ git merge -m Merge branch 'next' of https://git.kernel.org/pub/scm/linux/kernel/git/powerpc/linux.git powerpc/next
Already up to date.
Merging risc-v/for-next (77ae27fd98f3b Merge tag 'printk-for-7.3' of git://git.kernel.org/pub/scm/linux/kernel/git/printk/linux)
$ git merge -m Merge branch 'for-next' of https://git.kernel.org/pub/scm/linux/kernel/git/riscv/linux.git risc-v/for-next
Already up to date.
Merging riscv-dt/riscv-dt-for-next (82ab962ef6c2a Merge branch 'k230-basic' into riscv-dt-for-next)
$ git merge -m Merge branch 'riscv-dt-for-next' of https://git.kernel.org/pub/scm/linux/kernel/git/conor/linux.git riscv-dt/riscv-dt-for-next
Already up to date.
Merging riscv-soc/riscv-soc-for-next (8cdeaa50eae8d Linux 7.2-rc2)
$ git merge -m Merge branch 'riscv-soc-for-next' of https://git.kernel.org/pub/scm/linux/kernel/git/conor/linux.git riscv-soc/riscv-soc-for-next
Already up to date.
Merging s390/for-next (53158917ea1a0 Merge branch 'features' into for-next)
$ git merge -m Merge branch 'for-next' of https://git.kernel.org/pub/scm/linux/kernel/git/s390/linux.git s390/for-next
Merge made by the 'ort' strategy.
Merging sh/for-next (b0aa5e4b087b6 sh: Fix fallout from ZERO_PAGE consolidation)
$ git merge -m Merge branch 'for-next' of https://git.kernel.org/pub/scm/linux/kernel/git/glaubitz/sh-linux.git sh/for-next
Already up to date.
Merging sparc/for-next (5b2a3b1a98fb4 sparc: Remove remaining defconfig references to the pktcdvd driver)
$ git merge -m Merge branch 'for-next' of https://git.kernel.org/pub/scm/linux/kernel/git/alarsson/linux-sparc.git sparc/for-next
Already up to date.
Merging uml/next (1590cf0329716 Linux 7.2-rc4)
$ git merge -m Merge branch 'next' of https://git.kernel.org/pub/scm/linux/kernel/git/uml/linux.git uml/next
Already up to date.
Merging xtensa/xtensa-for-next (eb049bdbf2b98 xtensa: remove unused setup_profiling_timer function)
$ git merge -m Merge branch 'xtensa-for-next' of https://github.com/jcmvbkbc/linux-xtensa.git xtensa/xtensa-for-next
Merge made by the 'ort' strategy.
 arch/xtensa/include/asm/platform.h  | 2 +-
 arch/xtensa/kernel/smp.c            | 7 -------
 arch/xtensa/kernel/time.c           | 1 -
 arch/xtensa/platforms/iss/console.c | 5 +++--
 4 files changed, 4 insertions(+), 11 deletions(-)
Merging fs-next (1607f3651f8cd Merge branch 'for-next' of https://git.kernel.org/pub/scm/linux/kernel/git/viro/vfs.git)
$ git merge -m Merge branch 'fs-next' of linux-next fs-next
Auto-merging include/linux/nfs_fs.h
Merge made by the 'ort' strategy.
 Documentation/ABI/testing/sysfs-fs-f2fs   |  11 +
 Documentation/filesystems/f2fs.rst        |  35 +++
 Documentation/filesystems/smb/ksmbd.rst   |   6 +-
 drivers/mtd/ubi/attach.c                  |   4 +-
 drivers/mtd/ubi/build.c                   |  48 +++-
 drivers/mtd/ubi/cdev.c                    |   2 +-
 drivers/mtd/ubi/fastmap-wl.c              |   8 +-
 drivers/mtd/ubi/fastmap.c                 |   6 +-
 drivers/mtd/ubi/io.c                      |  11 +-
 drivers/mtd/ubi/ubi.h                     |  25 +-
 drivers/mtd/ubi/wl.c                      |  54 ++--
 fs/btrfs/Kconfig                          |   1 +
 fs/btrfs/transaction.c                    |  18 +-
 fs/f2fs/checkpoint.c                      | 123 +++++++-
 fs/f2fs/data.c                            |  50 +++-
 fs/f2fs/debug.c                           |   4 -
 fs/f2fs/dir.c                             |   7 +-
 fs/f2fs/extent_cache.c                    |   9 +
 fs/f2fs/f2fs.h                            |  88 +++++-
 fs/f2fs/file.c                            | 460 ++++++++++++++++++++++++++----
 fs/f2fs/gc.c                              | 129 ++++++---
 fs/f2fs/gc.h                              |  27 +-
 fs/f2fs/inline.c                          |   2 +-
 fs/f2fs/inode.c                           | 230 +++++++++++----
 fs/f2fs/iostat.c                          |   6 +
 fs/f2fs/namei.c                           | 168 +++++++----
 fs/f2fs/node.c                            |  81 +++---
 fs/f2fs/recovery.c                        |  55 ++--
 fs/f2fs/segment.c                         | 252 +++++++++++-----
 fs/f2fs/segment.h                         |  36 ++-
 fs/f2fs/shrinker.c                        |   3 +-
 fs/f2fs/super.c                           |  63 +++-
 fs/f2fs/sysfs.c                           |  32 ++-
 fs/f2fs/xattr.c                           |   2 +-
 fs/lockd/clntproc.c                       |   3 +
 fs/nfs/blocklayout/dev.c                  |  21 +-
 fs/nfs/callback_proc.c                    |   5 +-
 fs/nfs/callback_xdr.c                     |   2 +-
 fs/nfs/client.c                           |  14 +-
 fs/nfs/delegation.c                       |  20 +-
 fs/nfs/dir.c                              |  17 ++
 fs/nfs/filelayout/filelayoutdev.c         |   5 +-
 fs/nfs/flexfilelayout/flexfilelayout.c    |  26 +-
 fs/nfs/flexfilelayout/flexfilelayoutdev.c |   6 +-
 fs/nfs/inode.c                            |  28 +-
 fs/nfs/internal.h                         |   8 +-
 fs/nfs/localio.c                          |  56 +++-
 fs/nfs/nfs4client.c                       |  23 +-
 fs/nfs/nfs4file.c                         |   2 +
 fs/nfs/nfs4proc.c                         |  69 ++++-
 fs/nfs/nfs4session.c                      |  21 +-
 fs/nfs/nfs4session.h                      |   3 +-
 fs/nfs/nfs4state.c                        |  40 ++-
 fs/nfs/nfs4trace.h                        |  58 +++-
 fs/nfs/nfs4xdr.c                          |  35 ++-
 fs/nfs/nfstrace.h                         |   3 +-
 fs/nfs/pnfs.c                             |  60 ++--
 fs/nfs/pnfs.h                             |   8 +-
 fs/nfs/pnfs_nfs.c                         |  28 +-
 fs/nfs/write.c                            |  13 +-
 fs/nilfs2/Kconfig                         |   2 +-
 fs/nilfs2/Makefile                        |   2 +-
 fs/nilfs2/file.c                          |  40 ++-
 fs/nilfs2/inode.c                         |  13 -
 fs/nilfs2/iomap.c                         |  71 +++++
 fs/nilfs2/iomap.h                         |  13 +
 fs/quota/dquot.c                          |   2 +-
 fs/smb/server/Kconfig                     |   2 +
 fs/smb/server/Makefile                    |   1 +
 fs/smb/server/smb2pdu.c                   |   2 +
 fs/smb/server/smbacl.c                    |   2 +
 fs/smb/server/tests/Kconfig               |  15 +
 fs/smb/server/tests/Makefile              |   4 +
 fs/smb/server/tests/smbacl_kunit.c        | 301 +++++++++++++++++++
 fs/smb/server/vfs.c                       |   2 +
 fs/ubifs/auth.c                           |   2 +-
 fs/ubifs/debug.h                          |   4 +-
 fs/ubifs/key.h                            |   2 +-
 fs/ubifs/ubifs.h                          |  20 +-
 fs/xfs/Makefile                           |   1 +
 fs/xfs/libxfs/xfs_rtgroup.h               |   6 +-
 fs/xfs/libxfs/xfs_sb.c                    |  37 ++-
 fs/xfs/xfs_aops.c                         | 188 +-----------
 fs/xfs/xfs_aops.h                         |   1 -
 fs/xfs/xfs_file.c                         |   2 +-
 fs/xfs/xfs_fsmap.c                        |   3 +-
 fs/xfs/xfs_icache.c                       |  16 +-
 fs/xfs/xfs_ioctl.c                        |   2 +-
 fs/xfs/xfs_ioend.c                        | 184 ++++++++++++
 fs/xfs/xfs_ioend.h                        |  16 ++
 fs/xfs/xfs_iomap.c                        |   7 +-
 fs/xfs/xfs_iomap.h                        |  14 +
 fs/xfs/xfs_iops.c                         |   2 +-
 fs/xfs/xfs_platform.h                     |  11 -
 fs/xfs/xfs_super.c                        |   2 +-
 fs/xfs/xfs_trans_buf.c                    |   3 +-
 fs/xfs/xfs_zone_alloc.c                   |  72 +++--
 fs/xfs/xfs_zone_gc.c                      |   5 +
 include/linux/capability.h                |   5 +
 include/linux/nfs4.h                      |   9 +
 include/linux/nfs_fs.h                    |   4 +
 include/linux/nfs_xdr.h                   |  10 +-
 include/linux/workqueue.h                 |   1 +
 include/trace/events/f2fs.h               |  23 +-
 include/uapi/linux/f2fs.h                 |   7 +
 include/uapi/mtd/ubi-user.h               |  10 +-
 kernel/capability.c                       |  19 +-
 kernel/workqueue.c                        |  24 ++
 net/sunrpc/clnt.c                         |  22 +-
 net/sunrpc/rpcb_clnt.c                    |   4 +
 net/sunrpc/xprtsock.c                     |  32 ++-
 111 files changed, 2923 insertions(+), 949 deletions(-)
 create mode 100644 fs/nilfs2/iomap.c
 create mode 100644 fs/nilfs2/iomap.h
 create mode 100644 fs/smb/server/tests/Kconfig
 create mode 100644 fs/smb/server/tests/Makefile
 create mode 100644 fs/smb/server/tests/smbacl_kunit.c
 create mode 100644 fs/xfs/xfs_ioend.c
 create mode 100644 fs/xfs/xfs_ioend.h
Merging printk/for-next (ffe0486b139e4 console: fix /dev/kmsg reference in flags kernel doc)
$ git merge -m Merge branch 'for-next' of https://git.kernel.org/pub/scm/linux/kernel/git/printk/linux.git printk/for-next
Merge made by the 'ort' strategy.
 include/linux/console.h | 2 +-
 kernel/printk/nbcon.c   | 2 +-
 kernel/printk/printk.c  | 2 +-
 3 files changed, 3 insertions(+), 3 deletions(-)
Merging pci/next (570f7e331f5fe Merge tag 'pci-v7.3-changes' of git://git.kernel.org/pub/scm/linux/kernel/git/pci/pci)
$ git merge -m Merge branch 'next' of https://git.kernel.org/pub/scm/linux/kernel/git/pci/pci.git pci/next
Already up to date.
Merging pstore/for-next/pstore (24b8f8dcb9a13 pstore/ftrace: Factor KASLR offset in the core kernel instruction addresses)
$ git merge -m Merge branch 'for-next/pstore' of https://git.kernel.org/pub/scm/linux/kernel/git/kees/linux.git pstore/for-next/pstore
Already up to date.
Merging hid/for-next (931aaa59d1826 Merge branch 'for-7.3/upstream-fixes' into for-next)
$ git merge -m Merge branch 'for-next' of https://git.kernel.org/pub/scm/linux/kernel/git/hid/hid.git hid/for-next
Merge made by the 'ort' strategy.
 drivers/hid/Kconfig                |  2 +-
 drivers/hid/hid-hyperv.c           |  4 ++--
 drivers/hid/hid-ids.h              |  1 +
 drivers/hid/hid-multitouch.c       | 19 ++++++++-----------
 drivers/hid/i2c-hid/i2c-hid-core.c |  2 ++
 drivers/hid/wacom_wac.c            | 13 +++++++++++++
 6 files changed, 27 insertions(+), 14 deletions(-)
Merging i2c/i2c/for-next (8cd9520d35a6c Linux 7.1)
$ git merge -m Merge branch 'i2c/for-next' of https://git.kernel.org/pub/scm/linux/kernel/git/wsa/linux.git i2c/i2c/for-next
Already up to date.
$ git am -3 ../patches/0001-i2c-Fix-up-the-rest-of-the-merge.patch
Applying: i2c: Fix up the rest of the merge
Using index info to reconstruct a base tree...
M	drivers/i2c/i2c-core-base.c
Falling back to patching base and 3-way merge...
Auto-merging drivers/i2c/i2c-core-base.c
No changes -- Patch already applied.
Merging i2c-andi/i2c/i2c-next (2eef2f88eb8ff Merge branch 'mainline' into i2c/i2c-next)
$ git merge -m Merge branch 'i2c/i2c-next' of https://git.kernel.org/pub/scm/linux/kernel/git/andi.shyti/linux.git i2c-andi/i2c/i2c-next
Merge made by the 'ort' strategy.
Merging i2c-rust/rust-i2c-next (61ddec70c9bcc i2c: rust: mark I2cAdapter methods as inline)
$ git merge -m Merge branch 'rust-i2c-next' of https://github.com/ikrtn/rust-for-linux i2c-rust/rust-i2c-next
Already up to date.
Merging i3c/i3c/next (cab40cfc9e116 i3c: dw: reduce do_daa time if there's no client)
$ git merge -m Merge branch 'i3c/next' of https://git.kernel.org/pub/scm/linux/kernel/git/i3c/linux.git i3c/i3c/next
Already up to date.
Merging dmi/dmi-for-next (1afafbaf749d8 firmware/dmi: Include product_family info to modalias)
$ git merge -m Merge branch 'dmi-for-next' of https://git.kernel.org/pub/scm/linux/kernel/git/jdelvare/staging.git dmi/dmi-for-next
Already up to date.
Merging hwmon-staging/hwmon-next (75f2c0b369070 hwmon: (emc1403) Drop hysteresis for low limit temperature)
$ git merge -m Merge branch 'hwmon-next' of https://git.kernel.org/pub/scm/linux/kernel/git/groeck/linux-staging.git hwmon-staging/hwmon-next
Already up to date.
Merging jc_docs/docs-next (94509f50d696b docs: panic: Disclaimer about console verbosity when using panic_print with pstore)
$ git merge -m Merge branch 'docs-next' of git://git.lwn.net/linux.git jc_docs/docs-next
Auto-merging Documentation/admin-guide/kernel-parameters.txt
Auto-merging Documentation/process/threat-model.rst
Merge made by the 'ort' strategy.
 Documentation/admin-guide/kernel-parameters.txt    |  21 +-
 Documentation/block/blk-mq.rst                     |   2 +-
 Documentation/process/threat-model.rst             |   2 +-
 .../translations/it_IT/process/1.Intro.rst         |  14 +-
 .../translations/it_IT/process/2.Process.rst       |  57 +++---
 .../translations/it_IT/process/5.Posting.rst       |  34 +++-
 .../it_IT/process/7.AdvancedTopics.rst             |   2 +-
 .../translations/it_IT/process/adding-syscalls.rst |  94 +++++++++
 .../translations/it_IT/process/coding-style.rst    |  33 ++--
 .../translations/it_IT/process/deprecated.rst      |  83 ++++++--
 .../translations/it_IT/process/email-clients.rst   |   9 +-
 Documentation/translations/it_IT/process/index.rst |   8 +
 .../translations/it_IT/process/license-rules.rst   |  16 +-
 .../it_IT/process/maintainer-handbooks.rst         |  15 +-
 .../it_IT/process/maintainer-pgp-guide.rst         | 170 +++++++++--------
 .../translations/it_IT/process/maintainers.rst     |   2 +
 .../it_IT/process/programming-language.rst         |   6 +-
 .../it_IT/process/submit-checklist.rst             |   9 +-
 .../it_IT/process/submitting-patches.rst           | 212 ++++++++++++++-------
 .../ja_JP/process/submitting-patches.rst           |  94 +++++++++
 20 files changed, 631 insertions(+), 252 deletions(-)
Merging v4l-dvb/next (4900cad020c05 media: ipu-bridge: check all DMI entries when overriding sensor rotation)
$ git merge -m Merge branch 'next' of git://linuxtv.org/media-ci/media-pending.git v4l-dvb/next
Already up to date.
Merging v4l-dvb-next/master (adc218676eef2 Linux 6.12)
$ git merge -m Merge branch 'master' of git://linuxtv.org/mchehab/media-next.git v4l-dvb-next/master
Already up to date.
Merging pm/linux-next (6b603e22220ee Merge branch 'acpi-button' into linux-next)
$ git merge -m Merge branch 'linux-next' of https://git.kernel.org/pub/scm/linux/kernel/git/rafael/linux-pm.git pm/linux-next
Auto-merging CREDITS
Auto-merging MAINTAINERS
Auto-merging drivers/acpi/bus.c
Auto-merging drivers/acpi/scan.c
Auto-merging drivers/powercap/intel_rapl_common.c
Auto-merging drivers/thermal/qcom/qcom-spmi-adc-tm5.c
Auto-merging include/acpi/acpi_bus.h
CONFLICT (content): Merge conflict in include/acpi/acpi_bus.h
Resolved 'include/acpi/acpi_bus.h' using previous resolution.
Automatic merge failed; fix conflicts and then commit the result.
$ git commit --no-edit -v -a
[master eeb50538105be] Merge branch 'linux-next' of https://git.kernel.org/pub/scm/linux/kernel/git/rafael/linux-pm.git
$ git diff -M --stat --summary HEAD^..
 CREDITS                                            |   4 +
 .../bindings/arm/airoha,en7581-chip-scu.yaml       |  14 +
 .../devicetree/bindings/mfd/qcom,spmi-pmic.yaml    |   4 +
 .../bindings/thermal/mediatek,lvts-thermal.yaml    |  13 +-
 .../bindings/thermal/qcom,pm8775-mbg-tm.yaml       |  72 ++++
 .../devicetree/bindings/thermal/qcom-tsens.yaml    |   1 +
 Documentation/driver-api/acpi/linuxized-acpica.rst |  10 +-
 MAINTAINERS                                        |   6 +-
 drivers/acpi/acpi_apd.c                            |  35 +-
 drivers/acpi/acpi_platform.c                       |  24 +-
 drivers/acpi/battery.c                             | 147 ++++---
 drivers/acpi/bus.c                                 |  54 ++-
 drivers/acpi/button.c                              |  11 +
 drivers/acpi/pfr_update.c                          |  45 ++-
 drivers/acpi/power.c                               |   1 +
 drivers/acpi/scan.c                                |  37 +-
 drivers/base/power/main.c                          |   1 +
 drivers/cpufreq/intel_pstate.c                     | 126 +++---
 drivers/iio/adc/qcom-spmi-adc5-gen3.c              |  69 +---
 drivers/powercap/intel_rapl_common.c               |  15 +-
 drivers/thermal/airoha_thermal.c                   | 382 ++++++++++++++----
 drivers/thermal/armada_thermal.c                   | 105 +++--
 drivers/thermal/broadcom/brcmstb_thermal.c         |   3 +-
 drivers/thermal/db8500_thermal.c                   |   8 +-
 drivers/thermal/hisi_thermal.c                     |   4 +-
 drivers/thermal/imx91_thermal.c                    |   2 +-
 drivers/thermal/imx_thermal.c                      |  13 +-
 drivers/thermal/loongson2_thermal.c                |   2 +-
 drivers/thermal/max77620_thermal.c                 |   8 +-
 drivers/thermal/mediatek/lvts_thermal.c            |  17 +-
 drivers/thermal/qcom/Kconfig                       |  23 ++
 drivers/thermal/qcom/Makefile                      |   2 +
 drivers/thermal/qcom/lmh.c                         |   1 -
 drivers/thermal/qcom/qcom-spmi-adc-tm5-gen3.c      | 434 +++++++++++++++++++++
 drivers/thermal/qcom/qcom-spmi-adc-tm5.c           |   3 -
 drivers/thermal/qcom/qcom-spmi-mbg-tm.c            | 257 ++++++++++++
 drivers/thermal/qcom/tsens.c                       |   5 +-
 drivers/thermal/qoriq_thermal.c                    |  13 +-
 drivers/thermal/renesas/rcar_thermal.c             |  19 +-
 drivers/thermal/renesas/rzg3e_thermal.c            |   4 +-
 drivers/thermal/rockchip_thermal.c                 |   3 +-
 drivers/thermal/samsung/exynos_tmu.c               |   4 +-
 drivers/thermal/spacemit/k1_tsensor.c              |  80 +++-
 drivers/thermal/st/st_thermal_memmap.c             |   4 +-
 drivers/thermal/st/stm_thermal.c                   |   5 +-
 drivers/thermal/sun8i_thermal.c                    |   1 -
 drivers/thermal/tegra/soctherm.c                   |   8 +-
 drivers/thermal/tegra/tegra30-tsensor.c            |   3 +-
 drivers/thermal/thermal-fw.c                       |  12 +
 drivers/thermal/thermal_core.c                     |  27 +-
 drivers/thermal/thermal_fw.c                       |  97 +++++
 drivers/thermal/thermal_of.c                       |   2 +-
 include/acpi/acpi_bus.h                            |   6 +
 include/linux/iio/adc/qcom-adc5-gen3-common.h      |   2 -
 kernel/sched/cpufreq_schedutil.c                   |  15 +-
 tools/lib/thermal/include/thermal.h                |   4 +-
 56 files changed, 1778 insertions(+), 489 deletions(-)
 create mode 100644 Documentation/devicetree/bindings/thermal/qcom,pm8775-mbg-tm.yaml
 create mode 100644 drivers/thermal/qcom/qcom-spmi-adc-tm5-gen3.c
 create mode 100644 drivers/thermal/qcom/qcom-spmi-mbg-tm.c
 create mode 100644 drivers/thermal/thermal-fw.c
 create mode 100644 drivers/thermal/thermal_fw.c
Merging cpufreq-arm/cpufreq/arm/linux-next (8c3afcf27fa45 cpufreq: imx6q: fix out-of-bounds write when probed more than once)
$ git merge -m Merge branch 'cpufreq/arm/linux-next' of https://git.kernel.org/pub/scm/linux/kernel/git/vireshk/pm.git cpufreq-arm/cpufreq/arm/linux-next
Already up to date.
Merging cpupower/cpupower (adfe0057326ff cpupower: remove conditional return with no effect)
$ git merge -m Merge branch 'cpupower' of https://git.kernel.org/pub/scm/linux/kernel/git/shuah/linux.git cpupower/cpupower
Already up to date.
Merging devfreq/devfreq-next (9a222650d9e70 PM / devfreq: Fix governor_store() failing when device has no current governor)
$ git merge -m Merge branch 'devfreq-next' of https://git.kernel.org/pub/scm/linux/kernel/git/chanwoo/linux.git devfreq/devfreq-next
Auto-merging drivers/devfreq/event/rockchip-dfi.c
Merge made by the 'ort' strategy.
 drivers/devfreq/devfreq.c            | 50 +++++++-----------------------------
 drivers/devfreq/event/rockchip-dfi.c |  4 ++-
 2 files changed, 12 insertions(+), 42 deletions(-)
Merging pmdomain/next (3ca7b513aec1d pmdomain: Merge branch fixes into next)
$ git merge -m Merge branch 'next' of https://git.kernel.org/pub/scm/linux/kernel/git/ulfh/linux-pm.git pmdomain/next
Already up to date.
Merging opp/opp/linux-next (84f05af0975c9 opp: Use clk_get_optional() to avoid leaving opp_table->clk as an error pointer)
$ git merge -m Merge branch 'opp/linux-next' of https://git.kernel.org/pub/scm/linux/kernel/git/vireshk/pm.git opp/opp/linux-next
Already up to date.
Merging thermal/thermal/linux-next (b115930d716de thermal/drivers/armada: Fix missing bitfields include)
$ git merge -m Merge branch 'thermal/linux-next' of https://git.kernel.org/pub/scm/linux/kernel/git/thermal/linux.git thermal/thermal/linux-next
Already up to date.
Merging rdma/for-next (8049741ac93ac RDMA/ucma: Allow path records to exactly fit the output buffer)
$ git merge -m Merge branch 'for-next' of https://git.kernel.org/pub/scm/linux/kernel/git/rdma/rdma.git rdma/for-next
Already up to date.
Merging net-next/main (91ec203513498 Merge tag 'net-next-7.3' of git://git.kernel.org/pub/scm/linux/kernel/git/netdev/net-next)
$ git merge -m Merge branch 'main' of https://git.kernel.org/pub/scm/linux/kernel/git/netdev/net-next.git net-next/main
Already up to date.
Merging bpf-next/for-next (05ea1b6e2a5d0 selftests/bpf: Cover oversized stream read buffers)
$ git merge -m Merge branch 'for-next' of https://git.kernel.org/pub/scm/linux/kernel/git/bpf/bpf-next.git bpf-next/for-next
Auto-merging arch/x86/net/bpf_jit_comp.c
Auto-merging include/linux/bpf.h
Auto-merging include/linux/filter.h
Auto-merging kernel/bpf/core.c
Auto-merging kernel/bpf/verifier.c
Auto-merging tools/testing/selftests/bpf/Makefile
Merge made by the 'ort' strategy.
 Documentation/bpf/kfuncs.rst                       |  65 ++++++
 arch/arm64/net/bpf_jit_comp.c                      |   5 +
 arch/riscv/net/bpf_jit_comp64.c                    |  21 +-
 arch/x86/net/bpf_jit_comp.c                        |  27 ++-
 include/linux/bpf.h                                |   8 +-
 include/linux/bpf_verifier.h                       |   9 +
 include/linux/filter.h                             |   1 +
 kernel/bpf/backtrack.c                             |  46 ++--
 kernel/bpf/btf.c                                   |  29 ++-
 kernel/bpf/cnum_defs.h                             |  37 ++--
 kernel/bpf/core.c                                  |   5 +
 kernel/bpf/liveness.c                              |  20 +-
 kernel/bpf/stream.c                                |  55 +++--
 kernel/bpf/verifier.c                              | 218 +++++++++++++++----
 tools/lib/bpf/btf.c                                |  14 +-
 tools/testing/selftests/bpf/Makefile               |  18 +-
 tools/testing/selftests/bpf/bench.c                |   6 +
 .../testing/selftests/bpf/benchs/bench_libarena.c  | 210 ++++++++++++++++++
 .../selftests/bpf/benchs/run_bench_libarena.sh     |  31 +++
 tools/testing/selftests/bpf/libarena/Makefile      |  31 ++-
 .../bpf/libarena/benchs/bench_malloc.bpf.c         |  51 +++++
 .../bpf/libarena/include/bpf_arena_spin_lock.h     |   2 +-
 .../selftests/bpf/libarena/include/bpf_atomic.h    |   2 +-
 .../selftests/bpf/libarena/include/bpf_may_goto.h  |   1 +
 .../bpf/libarena/include/libarena/bitmap.h         |  30 ++-
 .../bpf/libarena/include/libarena/common.h         |  71 ++++++
 .../bpf/libarena/selftests/test_bitmap.bpf.c       |   3 +
 .../testing/selftests/bpf/libarena/src/asan.bpf.c  |  21 +-
 .../selftests/bpf/libarena/src/bitmap.bpf.c        |  18 --
 .../testing/selftests/bpf/libarena/src/buddy.bpf.c |  44 ++--
 .../selftests/bpf/libarena/src/common.bpf.c        |  27 ++-
 tools/testing/selftests/bpf/network_helpers.c      |  46 +++-
 .../selftests/bpf/prog_tests/aggregate_ret.c       |  11 +
 .../testing/selftests/bpf/prog_tests/core_reloc.c  |  10 +-
 .../selftests/bpf/prog_tests/fexit_bpf2bpf.c       |  16 ++
 tools/testing/selftests/bpf/prog_tests/stream.c    |  67 ++++++
 tools/testing/selftests/bpf/prog_tests/verifier.c  |   2 +
 .../selftests/bpf/progs/aggregate_ret_func.c       | 237 +++++++++++++++++++++
 .../selftests/bpf/progs/aggregate_ret_kfunc.c      | 121 +++++++++++
 .../selftests/bpf/progs/aggregate_ret_target.c     |  29 +++
 .../selftests/bpf/progs/compute_live_registers.c   |  28 +++
 .../testing/selftests/bpf/progs/exceptions_fail.c  |   2 +-
 .../selftests/bpf/progs/freplace_ret_pair.c        |  12 ++
 tools/testing/selftests/bpf/progs/stream.c         |  28 +++
 .../selftests/bpf/progs/verifier_aggregate_ret.c   | 178 ++++++++++++++++
 tools/testing/selftests/bpf/progs/verifier_ldsx.c  |  17 ++
 .../testing/selftests/bpf/test_kmods/bpf_testmod.c |  55 +++++
 .../selftests/bpf/test_kmods/bpf_testmod_kfunc.h   |  29 +++
 48 files changed, 1799 insertions(+), 215 deletions(-)
 create mode 100644 tools/testing/selftests/bpf/benchs/bench_libarena.c
 create mode 100755 tools/testing/selftests/bpf/benchs/run_bench_libarena.sh
 create mode 100644 tools/testing/selftests/bpf/libarena/benchs/bench_malloc.bpf.c
 create mode 100644 tools/testing/selftests/bpf/prog_tests/aggregate_ret.c
 create mode 100644 tools/testing/selftests/bpf/progs/aggregate_ret_func.c
 create mode 100644 tools/testing/selftests/bpf/progs/aggregate_ret_kfunc.c
 create mode 100644 tools/testing/selftests/bpf/progs/aggregate_ret_target.c
 create mode 100644 tools/testing/selftests/bpf/progs/freplace_ret_pair.c
 create mode 100644 tools/testing/selftests/bpf/progs/verifier_aggregate_ret.c
$ git am -3 ../patches/0001-perf-Fixup-for-btf_vlan-API-change.patch
Applying: perf: Fixup for btf_vlan() API change
Using index info to reconstruct a base tree...
M	tools/perf/builtin-trace.c
M	tools/perf/util/btf.c
Falling back to patching base and 3-way merge...
Auto-merging tools/perf/builtin-trace.c
No changes -- Patch already applied.
Merging ipsec-next/master (298bb2b890332 Merge git://git.kernel.org/pub/scm/linux/kernel/git/netdev/net)
$ git merge -m Merge branch 'master' of https://git.kernel.org/pub/scm/linux/kernel/git/klassert/ipsec-next.git ipsec-next/master
Already up to date.
Merging mlx5-next/mlx5-next (36b1d3299d0b6 net/mlx5: Add qp_latency_sensitive_disable cap bit)
$ git merge -m Merge branch 'mlx5-next' of https://git.kernel.org/pub/scm/linux/kernel/git/mellanox/linux.git mlx5-next/mlx5-next
Already up to date.
Merging netfilter-next/main (91ec203513498 Merge tag 'net-next-7.3' of git://git.kernel.org/pub/scm/linux/kernel/git/netdev/net-next)
$ git merge -m Merge branch 'main' of https://git.kernel.org/pub/scm/linux/kernel/git/netfilter/nf-next.git netfilter-next/main
Already up to date.
Merging ipvs-next/main (f6f3b36c15ed4 net: ethernet: qualcomm: remove unneeded 'fast_io' parameter in regmap_config)
$ git merge -m Merge branch 'main' of https://git.kernel.org/pub/scm/linux/kernel/git/horms/ipvs-next.git ipvs-next/main
Already up to date.
Merging bluetooth/master (fe3897b4ab57b Bluetooth: RFCOMM: serialize session teardown)
$ git merge -m Merge branch 'master' of https://git.kernel.org/pub/scm/linux/kernel/git/bluetooth/bluetooth-next.git bluetooth/master
Auto-merging drivers/bluetooth/btmtk.c
Auto-merging drivers/bluetooth/btmtksdio.c
Auto-merging drivers/bluetooth/btusb.c
Auto-merging drivers/bluetooth/hci_serdev.c
Auto-merging include/net/bluetooth/hci_core.h
Auto-merging include/net/bluetooth/l2cap.h
Auto-merging net/bluetooth/hci_core.c
Auto-merging net/bluetooth/hci_sync.c
CONFLICT (content): Merge conflict in net/bluetooth/hci_sync.c
Auto-merging net/bluetooth/l2cap_sock.c
Auto-merging net/bluetooth/mgmt.c
Resolved 'net/bluetooth/hci_sync.c' using previous resolution.
Automatic merge failed; fix conflicts and then commit the result.
$ git commit --no-edit -v -a
[master bd3fca573ff7b] Merge branch 'master' of https://git.kernel.org/pub/scm/linux/kernel/git/bluetooth/bluetooth-next.git
$ git diff -M --stat --summary HEAD^..
 drivers/bluetooth/btintel.c              |   7 +
 drivers/bluetooth/btintel.h              |   1 +
 drivers/bluetooth/btintel_pcie.c         | 428 +++++++++++++++++++++++++++++--
 drivers/bluetooth/btintel_pcie.h         |  77 +++++-
 drivers/bluetooth/btmrvl_main.c          |   4 +-
 drivers/bluetooth/btmtk.c                |   4 +
 drivers/bluetooth/btmtksdio.c            |  22 ++
 drivers/bluetooth/btusb.c                |   2 +
 drivers/bluetooth/hci_serdev.c           |  46 +++-
 drivers/bluetooth/virtio_bt.c            |  21 +-
 include/net/bluetooth/hci_core.h         |  44 ++++
 include/net/bluetooth/l2cap.h            |   2 +
 net/bluetooth/bnep/core.c                |   4 +-
 net/bluetooth/hci_core.c                 |   2 +-
 net/bluetooth/hci_sync.c                 |  64 ++---
 net/bluetooth/l2cap_core.c               |  29 ++-
 net/bluetooth/l2cap_sock.c               |   1 +
 net/bluetooth/mgmt.c                     |  14 +-
 scripts/context-analysis-suppression.txt |   1 +
 19 files changed, 676 insertions(+), 97 deletions(-)
Merging wireless-next/for-next (ca800a9302764 wifi: nxpwifi: bound uAP association event IEs to the event buffer)
$ git merge -m Merge branch 'for-next' of https://git.kernel.org/pub/scm/linux/kernel/git/wireless/wireless-next.git wireless-next/for-next
Already up to date.
Merging ath-next/for-next (ca800a9302764 wifi: nxpwifi: bound uAP association event IEs to the event buffer)
$ git merge -m Merge branch 'for-next' of https://git.kernel.org/pub/scm/linux/kernel/git/ath/ath.git ath-next/for-next
Already up to date.
Merging iwlwifi-next/next (4a2610a5a9fcf wifi: iwlwifi: bump core version for BZ/SC/DR)
$ git merge -m Merge branch 'next' of https://git.kernel.org/pub/scm/linux/kernel/git/iwlwifi/iwlwifi-next.git iwlwifi-next/next
Already up to date.
Merging wpan-next/master (a6bfdfcc6711d ieee802154: allow legacy LLSEC ADD/DEL ops to pass strict validation)
$ git merge -m Merge branch 'master' of https://git.kernel.org/pub/scm/linux/kernel/git/wpan/wpan-next.git wpan-next/master
Already up to date.
Merging wpan-staging/staging (a6bfdfcc6711d ieee802154: allow legacy LLSEC ADD/DEL ops to pass strict validation)
$ git merge -m Merge branch 'staging' of https://git.kernel.org/pub/scm/linux/kernel/git/wpan/wpan-next.git wpan-staging/staging
Already up to date.
Merging mtd/mtd/next (94d32f1ace8ee mtd: maps: remove dead select of MTD_CFI_BE_BYTE_SWAP)
$ git merge -m Merge branch 'mtd/next' of https://git.kernel.org/pub/scm/linux/kernel/git/mtd/linux.git mtd/mtd/next
Already up to date.
Merging nand/nand/next (15a3cbce32994 mtd: rawnand: sunxi: fix H6/H616 controller timings)
$ git merge -m Merge branch 'nand/next' of https://git.kernel.org/pub/scm/linux/kernel/git/mtd/linux.git nand/nand/next
Already up to date.
Merging spi-nor/spi-nor/next (df415c5e1de0f mtd: spi-nor: spansion: add die erase support in s28hx-t)
$ git merge -m Merge branch 'spi-nor/next' of https://git.kernel.org/pub/scm/linux/kernel/git/mtd/linux.git spi-nor/spi-nor/next
Already up to date.
Merging crypto/master (7537036a2e6fe crypto: lskcipher - propagate errors from unaligned crypt)
$ git merge -m Merge branch 'master' of https://git.kernel.org/pub/scm/linux/kernel/git/herbert/cryptodev-2.6.git crypto/master
Already up to date.
Merging libcrypto/libcrypto-next (0f23d56f17fdf Merge tag 'linux_kselftest-next-7.3-rc1' of git://git.kernel.org/pub/scm/linux/kernel/git/shuah/linux-kselftest)
$ git merge -m Merge branch 'libcrypto-next' of https://git.kernel.org/pub/scm/linux/kernel/git/ebiggers/linux.git libcrypto/libcrypto-next
Already up to date.
Merging drm/drm-next (1ff8d3e3165fd Merge tag 'drm-xe-next-fixes-2026-08-20' of https://gitlab.freedesktop.org/drm/xe/kernel into drm-next)
$ git merge -m Merge branch 'drm-next' of https://gitlab.freedesktop.org/drm/kernel.git drm/drm-next
Auto-merging Documentation/devicetree/bindings/display/msm/dsi-controller-main.yaml
Auto-merging Documentation/devicetree/bindings/iommu/arm,smmu.yaml
Auto-merging drivers/gpu/drm/msm/adreno/adreno_gpu.c
Auto-merging drivers/gpu/drm/msm/msm_gem.c
Merge made by the 'ort' strategy.
 .../bindings/display/msm/dsi-controller-main.yaml  |   4 +
 .../devicetree/bindings/display/msm/gmu.yaml       |   1 +
 .../devicetree/bindings/display/msm/gpu.yaml       |   4 +
 .../bindings/display/msm/qcom,qcm2290-dpu.yaml     |   6 +-
 .../bindings/display/msm/qcom,qcm2290-mdss.yaml    |  19 +-
 drivers/gpu/drm/amd/amdgpu/amdgpu_device.c         |  54 ++-
 drivers/gpu/drm/amd/amdgpu/amdgpu_discovery.c      |  15 +-
 drivers/gpu/drm/amd/amdgpu/amdgpu_drv.c            |   1 +
 drivers/gpu/drm/amd/amdgpu/amdgpu_ib.c             |   6 +-
 drivers/gpu/drm/amd/amdgpu/amdgpu_userq.c          |  49 +--
 drivers/gpu/drm/amd/amdgpu/amdgpu_userq_fence.c    |   6 +-
 drivers/gpu/drm/amd/amdgpu/amdgpu_vm.c             |  27 +-
 drivers/gpu/drm/amd/amdgpu/amdgpu_vm.h             |   2 +-
 drivers/gpu/drm/amd/amdgpu/amdgpu_xgmi.c           |   3 +
 drivers/gpu/drm/amd/amdgpu/vcn_v3_0.c              |  10 +-
 drivers/gpu/drm/amd/amdgpu/vcn_v4_0.c              |  10 +-
 drivers/gpu/drm/amd/amdkfd/kfd_chardev.c           |   2 +-
 .../amd/display/amdgpu_dm/amdgpu_dm_backlight.c    |   8 +-
 .../drm/amd/display/amdgpu_dm/amdgpu_dm_color.c    |  13 +
 drivers/gpu/drm/drm_mode_config.c                  |   5 +-
 drivers/gpu/drm/msm/adreno/a6xx_catalog.c          |  40 +-
 drivers/gpu/drm/msm/adreno/a6xx_gmu.c              |  19 +-
 drivers/gpu/drm/msm/adreno/a6xx_gpu.c              |   6 +-
 drivers/gpu/drm/msm/adreno/a6xx_gpu_state.c        |  81 +++-
 drivers/gpu/drm/msm/adreno/a6xx_gpu_state.h        |   5 +
 drivers/gpu/drm/msm/adreno/a8xx_gpu.c              |   2 +-
 .../gpu/drm/msm/adreno/adreno_gen7_17_0_snapshot.h | 428 +++++++++++++++++++++
 drivers/gpu/drm/msm/adreno/adreno_gpu.c            |  17 +-
 drivers/gpu/drm/msm/adreno/adreno_gpu.h            |   5 +
 .../drm/msm/disp/dpu1/catalog/dpu_13_0_kaanapali.h |  12 +-
 drivers/gpu/drm/msm/disp/dpu1/dpu_core_perf.c      |   4 +
 drivers/gpu/drm/msm/disp/dpu1/dpu_encoder.c        |   3 +-
 drivers/gpu/drm/msm/disp/dpu1/dpu_hw_catalog.c     |  12 +
 drivers/gpu/drm/msm/disp/mdp4/mdp4_kms.c           |  24 +-
 drivers/gpu/drm/msm/disp/mdp5/mdp5_kms.c           |  11 +-
 drivers/gpu/drm/msm/dp/dp_audio.c                  |   4 +-
 drivers/gpu/drm/msm/dp/dp_ctrl.c                   | 409 +++++++++++---------
 drivers/gpu/drm/msm/dp/dp_ctrl.h                   |  30 +-
 drivers/gpu/drm/msm/dp/dp_display.c                | 341 ++++++++--------
 drivers/gpu/drm/msm/dp/dp_display.h                |   9 +
 drivers/gpu/drm/msm/dp/dp_drm.c                    |  52 ++-
 drivers/gpu/drm/msm/dp/dp_drm.h                    |  12 -
 drivers/gpu/drm/msm/dp/dp_panel.c                  |  77 +---
 drivers/gpu/drm/msm/dp/dp_panel.h                  |  17 +-
 drivers/gpu/drm/msm/dp/dp_reg.h                    |   2 +
 drivers/gpu/drm/msm/dsi/dsi_host.c                 |   2 -
 drivers/gpu/drm/msm/hdmi/hdmi.h                    |  19 +
 drivers/gpu/drm/msm/hdmi/hdmi_bridge.c             |  98 ++---
 drivers/gpu/drm/msm/hdmi/hdmi_hdcp.c               |  85 ++--
 drivers/gpu/drm/msm/msm_drv.c                      |  26 +-
 drivers/gpu/drm/msm/msm_drv.h                      |  17 -
 drivers/gpu/drm/msm/msm_fb.c                       |  96 ++---
 drivers/gpu/drm/msm/msm_fbdev.c                    |  84 ++--
 drivers/gpu/drm/msm/msm_gem.c                      |  94 +++--
 drivers/gpu/drm/msm/msm_gem.h                      |   5 +-
 drivers/gpu/drm/msm/msm_gem_prime.c                |   2 +-
 drivers/gpu/drm/msm/msm_gem_submit.c               |  31 +-
 drivers/gpu/drm/msm/msm_gem_vma.c                  |  14 +-
 drivers/gpu/drm/msm/msm_gpu.c                      |   2 +-
 drivers/gpu/drm/msm/msm_gpu.h                      |   4 +-
 drivers/gpu/drm/msm/msm_iommu.c                    |  22 ++
 drivers/gpu/drm/msm/msm_submitqueue.c              |  24 +-
 drivers/gpu/drm/msm/registers/adreno/a6xx.xml      |   2 +-
 drivers/gpu/drm/radeon/atombios_crtc.c             |   5 +-
 drivers/gpu/drm/radeon/atombios_encoders.c         |  23 +-
 drivers/gpu/drm/xe/tests/xe_migrate.c              |   3 +-
 drivers/gpu/drm/xe/xe_guc_submit.c                 |   6 +
 include/uapi/drm/msm_drm.h                         |   6 +-
 68 files changed, 1626 insertions(+), 911 deletions(-)
 create mode 100644 drivers/gpu/drm/msm/adreno/adreno_gen7_17_0_snapshot.h
$ git am -3 ../patches/0001-drm-Fix-up-lut3d-mismerge.patch
Applying: drm: Fix up lut3d mismerge
Using index info to reconstruct a base tree...
M	drivers/gpu/drm/drm_atomic.c
M	include/drm/drm_colorop.h
Falling back to patching base and 3-way merge...
Auto-merging include/drm/drm_colorop.h
Auto-merging drivers/gpu/drm/drm_atomic.c
No changes -- Patch already applied.
$ git am -3 ../patches/0001-drm-amdgpu_dpm-Fix-up-commiting-unresolved-merge.patch
Applying: drm: amdgpu_dpm: Fix up commiting unresolved merge
Using index info to reconstruct a base tree...
M	drivers/gpu/drm/amd/pm/amdgpu_dpm.c
Falling back to patching base and 3-way merge...
Auto-merging drivers/gpu/drm/amd/pm/amdgpu_dpm.c
No changes -- Patch already applied.
Merging drm-exynos/for-linux-next (3a8660878839f Linux 6.18-rc1)
$ git merge -m Merge branch 'for-linux-next' of https://git.kernel.org/pub/scm/linux/kernel/git/daeinki/drm-exynos.git drm-exynos/for-linux-next
Already up to date.
Merging drm-misc/for-linux-next (271e90eb5f9ff drm: use drm_warn() in validate_blend_mode_for_alpha_formats())
$ git merge -m Merge branch 'for-linux-next' of https://gitlab.freedesktop.org/drm/misc/kernel.git drm-misc/for-linux-next
Already up to date.
$ git am -3 ../patches/0001-drm-bridge-microchip-lvds-Rename-drm_atomic_state-to.patch
Applying: drm/bridge: microchip-lvds: Rename drm_atomic_state to drm_atomic_commit
Using index info to reconstruct a base tree...
M	drivers/gpu/drm/bridge/microchip-lvds.c
Falling back to patching base and 3-way merge...
Auto-merging drivers/gpu/drm/bridge/microchip-lvds.c
No changes -- Patch already applied.
Merging amdgpu/drm-next (e4c3ab59021e7 drm/amd/display: validate plane degamma LUT size for private color prop)
$ git merge -m Merge branch 'drm-next' of https://gitlab.freedesktop.org/agd5f/linux.git amdgpu/drm-next
Already up to date.
$ git am -3 ../patches/0001-amdgpu-Fix-up-drm_atomic_commit-rename.patch
Applying: amdgpu: Fix up drm_atomic_commit rename
Using index info to reconstruct a base tree...
M	drivers/gpu/drm/amd/display/amdgpu_dm/amdgpu_dm.c
Falling back to patching base and 3-way merge...
Auto-merging drivers/gpu/drm/amd/display/amdgpu_dm/amdgpu_dm.c
No changes -- Patch already applied.
Merging drm-intel/for-linux-next (65b92bc671db7 Merge tag 'drm-xe-next-fixes-2026-08-13' of https://gitlab.freedesktop.org/drm/xe/kernel into drm-next)
$ git merge -m Merge branch 'for-linux-next' of https://gitlab.freedesktop.org/drm/i915/kernel.git drm-intel/for-linux-next
Already up to date.
Merging drm-msm/msm-next (140b134753026 drm/msm: detach the ARM DMA mapping before attaching our own domain)
$ git merge -m Merge branch 'msm-next' of https://gitlab.freedesktop.org/drm/msm.git drm-msm/msm-next
Already up to date.
Merging drm-msm-lumag/msm-next-lumag (140b134753026 drm/msm: detach the ARM DMA mapping before attaching our own domain)
$ git merge -m Merge branch 'msm-next-lumag' of https://gitlab.freedesktop.org/lumag/msm.git drm-msm-lumag/msm-next-lumag
Already up to date.
Merging drm-xe/drm-xe-next (76cc14e2faed1 drm/xe/i2c: Keep the i2c controller always enabled)
$ git merge -m Merge branch 'drm-xe-next' of https://gitlab.freedesktop.org/drm/xe/kernel.git drm-xe/drm-xe-next
Auto-merging MAINTAINERS
Auto-merging drivers/gpu/drm/drm_drv.c
Auto-merging drivers/gpu/drm/xe/xe_device.c
Auto-merging drivers/gpu/drm/xe/xe_drm_ras.c
Auto-merging drivers/gpu/drm/xe/xe_exec_queue.c
Auto-merging drivers/gpu/drm/xe/xe_guc_pc.c
Auto-merging drivers/gpu/drm/xe/xe_guc_submit.c
Auto-merging drivers/gpu/drm/xe/xe_i2c.c
Auto-merging drivers/gpu/drm/xe/xe_i2c.h
Auto-merging drivers/gpu/drm/xe/xe_oa.c
Auto-merging drivers/gpu/drm/xe/xe_ras.c
Merge made by the 'ort' strategy.
 Documentation/gpu/drm-ras.rst                 |  21 +
 Documentation/gpu/drm-uapi.rst                |  93 +++-
 Documentation/gpu/xe/index.rst                |   1 +
 Documentation/gpu/xe/xe_sigid.rst             |  14 +
 Documentation/netlink/specs/drm_ras.yaml      |  48 ++
 MAINTAINERS                                   |  14 +
 drivers/gpu/drm/drm_drv.c                     |   2 +
 drivers/gpu/drm/drm_ras.c                     | 101 ++++
 drivers/gpu/drm/drm_ras_nl.c                  |   6 +
 drivers/gpu/drm/drm_ras_nl.h                  |   4 +
 drivers/gpu/drm/xe/Makefile                   |   5 +-
 drivers/gpu/drm/xe/abi/guc_actions_slpc_abi.h |   1 +
 drivers/gpu/drm/xe/abi/xe_log_abi.h           | 199 +++++++
 drivers/gpu/drm/xe/abi/xe_sigid_abi.h         | 172 ++++++
 drivers/gpu/drm/xe/regs/xe_gt_regs.h          |   6 +
 drivers/gpu/drm/xe/regs/xe_i2c_regs.h         |   2 +
 drivers/gpu/drm/xe/tests/Makefile             |   1 +
 drivers/gpu/drm/xe/tests/xe_any_kunit.c       | 213 ++++++++
 drivers/gpu/drm/xe/tests/xe_kunit_helpers.c   |   4 +
 drivers/gpu/drm/xe/tests/xe_log_kunit.c       | 553 ++++++++++++++++++++
 drivers/gpu/drm/xe/xe_amc.c                   | 197 +++++++
 drivers/gpu/drm/xe/xe_amc.h                   |  25 +
 drivers/gpu/drm/xe/xe_any.h                   | 137 +++++
 drivers/gpu/drm/xe/xe_debugfs.c               |  15 +
 drivers/gpu/drm/xe/xe_debugfs.h               |   2 +
 drivers/gpu/drm/xe/xe_defaults.h              |   1 +
 drivers/gpu/drm/xe/xe_device.c                |  30 +-
 drivers/gpu/drm/xe/xe_device_types.h          |  23 +-
 drivers/gpu/drm/xe/xe_drm_ras.c               |  31 ++
 drivers/gpu/drm/xe/xe_drm_ras.h               |   3 +
 drivers/gpu/drm/xe/xe_exec_queue.c            |   6 +-
 drivers/gpu/drm/xe/xe_exec_queue_types.h      |  21 +-
 drivers/gpu/drm/xe/xe_gsc.c                   |   3 +-
 drivers/gpu/drm/xe/xe_gt.c                    |   7 +-
 drivers/gpu/drm/xe/xe_gt_debugfs.c            |  80 +++
 drivers/gpu/drm/xe/xe_gt_idle.c               |   3 +-
 drivers/gpu/drm/xe/xe_gt_printk.h             |   3 +
 drivers/gpu/drm/xe/xe_gt_sriov_pf_config.c    | 191 ++++---
 drivers/gpu/drm/xe/xe_gt_sriov_pf_config.h    |   6 +
 drivers/gpu/drm/xe/xe_gt_sriov_printk.h       |   3 +
 drivers/gpu/drm/xe/xe_gt_stats.c              |   7 +
 drivers/gpu/drm/xe/xe_gt_stats_types.h        |  22 +
 drivers/gpu/drm/xe/xe_guc.c                   |  18 +-
 drivers/gpu/drm/xe/xe_guc_ct.c                |  95 +++-
 drivers/gpu/drm/xe/xe_guc_ct.h                |  38 +-
 drivers/gpu/drm/xe/xe_guc_exec_queue_types.h  |  32 +-
 drivers/gpu/drm/xe/xe_guc_pagefault.c         |  39 +-
 drivers/gpu/drm/xe/xe_guc_pc.c                |  15 +-
 drivers/gpu/drm/xe/xe_guc_submit.c            | 267 +++++++---
 drivers/gpu/drm/xe/xe_guc_types.h             |   6 +
 drivers/gpu/drm/xe/xe_hwmon.c                 |  88 ++--
 drivers/gpu/drm/xe/xe_i2c.c                   | 165 +++---
 drivers/gpu/drm/xe/xe_i2c.h                   |  14 +-
 drivers/gpu/drm/xe/xe_log.c                   | 235 +++++++++
 drivers/gpu/drm/xe/xe_log.h                   | 194 +++++++
 drivers/gpu/drm/xe/xe_mert.c                  |   2 +-
 drivers/gpu/drm/xe/xe_migrate.c               |   2 -
 drivers/gpu/drm/xe/xe_module.c                |   4 +
 drivers/gpu/drm/xe/xe_module.h                |   1 +
 drivers/gpu/drm/xe/xe_oa.c                    |   7 +-
 drivers/gpu/drm/xe/xe_pagefault.c             | 718 +++++++++++++++++++++-----
 drivers/gpu/drm/xe/xe_pagefault.h             |  74 +++
 drivers/gpu/drm/xe/xe_pagefault_types.h       | 114 +++-
 drivers/gpu/drm/xe/xe_pci.c                   |  32 +-
 drivers/gpu/drm/xe/xe_pci_error.c             |  13 +-
 drivers/gpu/drm/xe/xe_pcode.c                 |  23 +-
 drivers/gpu/drm/xe/xe_pm.c                    |   5 +
 drivers/gpu/drm/xe/xe_printk.h                |   3 +
 drivers/gpu/drm/xe/xe_pt.c                    |   6 +
 drivers/gpu/drm/xe/xe_pxp_submit.c            |   5 +-
 drivers/gpu/drm/xe/xe_ras.c                   | 125 ++++-
 drivers/gpu/drm/xe/xe_sriov_printk.h          |   3 +
 drivers/gpu/drm/xe/xe_sriov_vf_ccs.c          |   1 -
 drivers/gpu/drm/xe/xe_survivability_mode.c    |  85 +--
 drivers/gpu/drm/xe/xe_svm.c                   | 146 ++++--
 drivers/gpu/drm/xe/xe_svm.h                   |  59 ++-
 drivers/gpu/drm/xe/xe_tile_printk.h           |   3 +
 drivers/gpu/drm/xe/xe_tile_sriov_printk.h     |   3 +
 drivers/gpu/drm/xe/xe_userptr.c               |  19 +-
 drivers/gpu/drm/xe/xe_vm.c                    | 301 ++++++++---
 drivers/gpu/drm/xe/xe_vm_types.h              |  42 +-
 drivers/gpu/drm/xe/xe_wa_oob.rules            |   2 +-
 drivers/i2c/busses/i2c-designware-common.c    |   2 +
 drivers/i2c/busses/i2c-designware-core.h      |  85 +--
 drivers/i2c/busses/i2c-designware-master.c    |   2 +
 drivers/i2c/busses/i2c-designware-slave.c     |   2 +
 include/drm/drm_device.h                      |   1 +
 include/drm/drm_ras.h                         |   5 +
 include/linux/designware_i2c.h                | 107 ++++
 include/uapi/drm/drm_ras.h                    |  15 +
 90 files changed, 4738 insertions(+), 761 deletions(-)
 create mode 100644 Documentation/gpu/xe/xe_sigid.rst
 create mode 100644 drivers/gpu/drm/xe/abi/xe_log_abi.h
 create mode 100644 drivers/gpu/drm/xe/abi/xe_sigid_abi.h
 create mode 100644 drivers/gpu/drm/xe/tests/xe_any_kunit.c
 create mode 100644 drivers/gpu/drm/xe/tests/xe_log_kunit.c
 create mode 100644 drivers/gpu/drm/xe/xe_amc.c
 create mode 100644 drivers/gpu/drm/xe/xe_amc.h
 create mode 100644 drivers/gpu/drm/xe/xe_any.h
 create mode 100644 drivers/gpu/drm/xe/xe_log.c
 create mode 100644 drivers/gpu/drm/xe/xe_log.h
 create mode 100644 include/linux/designware_i2c.h
$ git am -3 ../patches/0001-drm-xe-Fix-up-merge-issue.patch
Applying: drm: xe: Fix up merge issue
Using index info to reconstruct a base tree...
M	drivers/gpu/drm/xe/xe_ttm_vram_mgr.c
Falling back to patching base and 3-way merge...
Auto-merging drivers/gpu/drm/xe/xe_ttm_vram_mgr.c
No changes -- Patch already applied.
Merging drm-rust/for-linux-next (4c9ba407018e8 gpu: nova-core: falcon: use I/O projection to check transfer bounds)
$ git merge -m Merge branch 'for-linux-next' of https://gitlab.freedesktop.org/drm/rust/kernel.git drm-rust/for-linux-next
Already up to date.
Merging drm-nova/nova-next (93296e9d9528f gpu: nova-core: vbios: store reference to Device where relevant)
$ git merge -m Merge branch 'nova-next' of https://gitlab.freedesktop.org/drm/nova.git drm-nova/nova-next
Already up to date.
Merging etnaviv/etnaviv/next (6bde14ba5f7ef drm/etnaviv: add optional reset support)
$ git merge -m Merge branch 'etnaviv/next' of https://git.pengutronix.de/git/lst/linux etnaviv/etnaviv/next
Already up to date.
Merging fbdev/for-next (94e6a058b1682 fbcon: Fix KASAN slab-out-of-bounds Read in fbcon_prepare_logo)
$ git merge -m Merge branch 'for-next' of https://git.kernel.org/pub/scm/linux/kernel/git/deller/linux-fbdev.git fbdev/for-next
Merge made by the 'ort' strategy.
 drivers/tty/vt/vt.c                                              | 9 +++++----
 drivers/video/fbdev/core/fbcon.c                                 | 7 +++++++
 drivers/video/fbdev/omap2/omapfb/displays/panel-sony-acx565akm.c | 5 +++--
 3 files changed, 15 insertions(+), 6 deletions(-)
$ git am -3 ../patches/0001-fix-up-for-drm-hyperv-Remove-reference-to-hyperv_fb-.patch
Applying: fix up for "drm/hyperv: Remove reference to hyperv_fb driver"
$ git reset HEAD^
Unstaged changes after reset:
M	drivers/gpu/drm/hyperv/Kconfig
$ git add -A .
$ git commit -v -a --amend
warning: notes ref refs/notes/commits is invalid
[master 4ea54aa9b77e7] Merge branch 'for-next' of https://git.kernel.org/pub/scm/linux/kernel/git/deller/linux-fbdev.git
 Date: Wed Aug 26 13:23:33 2026 +0100
Merging regmap/for-next (efc5e244e8258 Merge remote-tracking branch 'regmap/for-7.3' into regmap-next)
$ git merge -m Merge branch 'for-next' of https://git.kernel.org/pub/scm/linux/kernel/git/broonie/regmap.git regmap/for-next
Merge made by the 'ort' strategy.
Merging sound/for-next (58c1c30074a8d ALSA: rawmidi: Another workaround for false-positive mutex lockdep warning)
$ git merge -m Merge branch 'for-next' of https://git.kernel.org/pub/scm/linux/kernel/git/tiwai/sound.git sound/for-next
Already up to date.
Merging ieee1394/for-next (05bfb1327dc5f firewire: core: fix memory leak in error path of build_tree())
$ git merge -m Merge branch 'for-next' of https://git.kernel.org/pub/scm/linux/kernel/git/ieee1394/linux1394.git ieee1394/for-next
Already up to date.
Merging sound-asoc/for-next (a1a84efff65dd Merge remote-tracking branch 'asoc/for-7.2' into asoc-linus)
$ git merge -m Merge branch 'for-next' of https://git.kernel.org/pub/scm/linux/kernel/git/broonie/sound.git sound-asoc/for-next
Already up to date.
Merging modules/modules-next (3dfaae04243cd params: fix charp corruption on allocation failure)
$ git merge -m Merge branch 'modules-next' of https://git.kernel.org/pub/scm/linux/kernel/git/modules/linux.git modules/modules-next
Already up to date.
Merging input/next (9a29ee801f525 Input: rmi4 - use platform data instead of query, when available)
$ git merge -m Merge branch 'next' of https://git.kernel.org/pub/scm/linux/kernel/git/dtor/input.git input/next
Already up to date.
Merging block/for-next (44e96e364b041 Merge branch 'io_uring-7.3' into for-next)
$ git merge -m Merge branch 'for-next' of https://git.kernel.org/pub/scm/linux/kernel/git/axboe/linux.git block/for-next
Merge made by the 'ort' strategy.
 io_uring/query.c  |  3 +++
 io_uring/waitid.c | 33 ++++++++++++++++++++++++++-------
 2 files changed, 29 insertions(+), 7 deletions(-)
$ git am -3 ../patches/0001-Revert-block-remove-bio_last_bvec_all.patch
Applying: Revert "block: remove bio_last_bvec_all"
$ git reset HEAD^
Unstaged changes after reset:
M	Documentation/block/biovecs.rst
M	include/linux/bio.h
$ git add -A .
$ git commit -v -a --amend
warning: notes ref refs/notes/commits is invalid
[master b5e678a714e8a] Merge branch 'for-next' of https://git.kernel.org/pub/scm/linux/kernel/git/axboe/linux.git
 Date: Wed Aug 26 13:38:12 2026 +0100
Merging device-mapper/for-next (39c5aa3bd8ec3 dm-era: fix shadowed superblock leak on take-snap failure)
$ git merge -m Merge branch 'for-next' of https://git.kernel.org/pub/scm/linux/kernel/git/device-mapper/linux-dm.git device-mapper/for-next
Already up to date.
Merging libata/for-next (73b6bf3c314ad ata: use named initializers for acpi_device_id)
$ git merge -m Merge branch 'for-next' of https://git.kernel.org/pub/scm/linux/kernel/git/libata/linux libata/for-next
Already up to date.
Merging pcmcia/pcmcia-next (b3c26ea81ccc5 pcmcia: remove obsolete host controller drivers)
$ git merge -m Merge branch 'pcmcia-next' of https://git.kernel.org/pub/scm/linux/kernel/git/brodo/linux.git pcmcia/pcmcia-next
Already up to date.
Merging mmc/next (35e689fb79dcb ARM: PXA: Fix build error for PXA93x)
$ git merge -m Merge branch 'next' of https://git.kernel.org/pub/scm/linux/kernel/git/ulfh/mmc.git mmc/next
Already up to date.
Merging mfd/for-mfd-next (9d0e4b1ae5b04 mfd: cs42l43: Fix regmap defaults ordering)
$ git merge -m Merge branch 'for-mfd-next' of https://git.kernel.org/pub/scm/linux/kernel/git/lee/mfd.git mfd/for-mfd-next
Auto-merging Documentation/devicetree/bindings/mfd/qcom,spmi-pmic.yaml
Auto-merging Documentation/devicetree/bindings/vendor-prefixes.yaml
Auto-merging MAINTAINERS
Auto-merging drivers/mfd/cros_ec_dev.c
Auto-merging drivers/mfd/cs42l43-i2c.c
Auto-merging drivers/mfd/cs42l43-sdw.c
Auto-merging drivers/mfd/motorola-cpcap.c
Auto-merging drivers/mfd/ocelot-spi.c
Auto-merging drivers/mfd/sm501.c
Auto-merging drivers/thermal/db8500_thermal.c
Auto-merging include/linux/mfd/ucb1x00.h
Merge made by the 'ort' strategy.
 Documentation/devicetree/bindings/Makefile         |   2 +-
 .../bindings/mfd/marvell,88pm886-a1.yaml           |   2 +-
 .../bindings/mfd/mediatek,mt8195-scpsys.yaml       |   1 +
 .../devicetree/bindings/mfd/omap-usb-tll.txt       |  27 -
 .../devicetree/bindings/mfd/qcom,spmi-pmic.yaml    |   5 +
 .../devicetree/bindings/mfd/qcom,tcsr.yaml         |   4 +
 .../devicetree/bindings/mfd/st,stmpe.yaml          |   2 +-
 .../devicetree/bindings/mfd/syscon-common.yaml     |  34 ++
 Documentation/devicetree/bindings/mfd/syscon.yaml  | 118 +----
 .../devicetree/bindings/mfd/ti,usbhs-tll.yaml      |  53 ++
 .../devicetree/bindings/vendor-prefixes.yaml       |   2 +
 MAINTAINERS                                        |  13 +
 arch/arm/mach-ux500/cpu-db8500.c                   |   6 +-
 drivers/clk/ux500/clk-prcmu.c                      |  20 +-
 drivers/clk/ux500/u8500_of_clk.c                   |   2 +-
 drivers/cpuidle/cpuidle-ux500.c                    |   6 +-
 drivers/mfd/88pm886.c                              |  21 +-
 drivers/mfd/Kconfig                                |   7 +-
 drivers/mfd/Makefile                               |   1 +
 drivers/mfd/ab8500-core.c                          |   2 +-
 drivers/mfd/altera-a10sr.c                         |   2 +-
 drivers/mfd/arizona-spi.c                          |  12 +-
 drivers/mfd/axp20x.c                               |   2 +-
 drivers/mfd/cgbc-core.c                            |   4 +-
 drivers/mfd/cros_ec_dev.c                          |  18 +-
 drivers/mfd/cs40l50-spi.c                          |   4 +-
 drivers/mfd/cs42l43-i2c.c                          |   2 -
 drivers/mfd/cs42l43-sdw.c                          |  13 +-
 drivers/mfd/cs42l43.c                              |  30 +-
 drivers/mfd/da9052-spi.c                           |  12 +-
 drivers/mfd/db8500-prcmu.c                         |   6 +-
 drivers/mfd/intel-m10-bmc-spi.c                    |   6 +-
 drivers/mfd/ipaq-micro.c                           |   2 +-
 drivers/mfd/iqs62x.c                               |   2 +-
 drivers/mfd/macsmc.c                               |   8 +-
 drivers/mfd/madera-spi.c                           |  18 +-
 drivers/mfd/motorola-cpcap.c                       |   6 +-
 drivers/mfd/mt6397-core.c                          |   6 +
 drivers/mfd/ocelot-spi.c                           |   2 +-
 drivers/mfd/qnap-mcu.c                             |  13 +-
 drivers/mfd/rave-sp.c                              |  64 ++-
 drivers/mfd/rk8xx-spi.c                            |   2 +-
 drivers/mfd/rohm-bd71828.c                         |  84 +--
 drivers/mfd/rohm-bd718x7.c                         |  84 +--
 drivers/mfd/rohm-pwrbutton.c                       | 112 ++++
 drivers/mfd/rohm-pwrbutton.h                       |  12 +
 drivers/mfd/rsmu_spi.c                             |  12 +-
 drivers/mfd/si476x-cmd.c                           |   1 -
 drivers/mfd/si476x-i2c.c                           |  47 +-
 drivers/mfd/sm501.c                                |   2 +
 drivers/mfd/sprd-sc27xx-spi.c                      |   3 +-
 drivers/mfd/stmpe-spi.c                            |  12 +-
 drivers/mfd/tps65912-spi.c                         |   2 +-
 drivers/mfd/ucb1x00-assabet.c                      | 120 ++++-
 drivers/mfd/ucb1x00-core.c                         |  16 +-
 drivers/mfd/viperboard.c                           |   3 +-
 drivers/mfd/wm831x-spi.c                           |  16 +-
 drivers/platform/chrome/cros_ec_proto.c            |  30 +-
 drivers/regulator/db8500-prcmu.c                   |  12 +-
 drivers/thermal/db8500_thermal.c                   |  10 +-
 drivers/watchdog/db8500_wdt.c                      |  22 +-
 include/linux/mfd/88pm886.h                        |   5 +
 include/linux/mfd/cs42l43.h                        |   2 -
 include/linux/mfd/db8500-prcmu.h                   | 252 ++++++++-
 include/linux/mfd/dbx500-prcmu.h                   | 575 ---------------------
 include/linux/mfd/si476x-core.h                    |   5 +-
 include/linux/mfd/si476x-platform.h                |   2 -
 include/linux/mfd/ucb1x00.h                        |   3 +
 include/linux/mfd/viperboard.h                     |  10 +-
 include/linux/platform_data/cros_ec_proto.h        |   2 +
 sound/soc/ux500/ux500_msp_dai.c                    |   2 +-
 71 files changed, 887 insertions(+), 1133 deletions(-)
 delete mode 100644 Documentation/devicetree/bindings/mfd/omap-usb-tll.txt
 create mode 100644 Documentation/devicetree/bindings/mfd/ti,usbhs-tll.yaml
 create mode 100644 drivers/mfd/rohm-pwrbutton.c
 create mode 100644 drivers/mfd/rohm-pwrbutton.h
 delete mode 100644 include/linux/mfd/dbx500-prcmu.h
Merging backlight/for-backlight-next (cf1a12e080451 backlight: Use sysfs_emit() instead of sprintf())
$ git merge -m Merge branch 'for-backlight-next' of https://git.kernel.org/pub/scm/linux/kernel/git/lee/backlight.git backlight/for-backlight-next
Auto-merging MAINTAINERS
Merge made by the 'ort' strategy.
 .../bindings/leds/backlight/88pm860x.txt           |   1 +
 .../bindings/leds/backlight/awinic,aw99706.yaml    |   2 +-
 .../bindings/leds/backlight/silergy,sy7758.yaml    |  52 +++++
 MAINTAINERS                                        |   2 +-
 drivers/video/backlight/Kconfig                    |  10 +-
 drivers/video/backlight/Makefile                   |   1 +
 drivers/video/backlight/aw99706.c                  |  25 +-
 drivers/video/backlight/backlight.c                |  16 +-
 drivers/video/backlight/lcd.c                      |   6 +-
 drivers/video/backlight/qcom-wled.c                |   2 -
 drivers/video/backlight/sy7758.c                   | 259 +++++++++++++++++++++
 11 files changed, 350 insertions(+), 26 deletions(-)
 create mode 100644 Documentation/devicetree/bindings/leds/backlight/silergy,sy7758.yaml
 create mode 100644 drivers/video/backlight/sy7758.c
Merging battery/for-next (2da28b059e0dd power: supply: bq27xxx: bq27z561: fix invalid AverageEnergy address)
$ git merge -m Merge branch 'for-next' of https://git.kernel.org/pub/scm/linux/kernel/git/sre/linux-power-supply.git battery/for-next
Already up to date.
Merging regulator/for-next (bd2a0c2d8c49f Merge remote-tracking branch 'regulator/for-7.2' into regulator-linus)
$ git merge -m Merge branch 'for-next' of https://git.kernel.org/pub/scm/linux/kernel/git/broonie/regulator.git regulator/for-next
Already up to date.
Merging security/next (0cee720cfd514 selftests/lsm: Fix memory leak in attr_lsm_count)
$ git merge -m Merge branch 'next' of https://git.kernel.org/pub/scm/linux/kernel/git/pcmoore/lsm.git security/next
Already up to date.
Merging apparmor/apparmor-next (3daad923a8685 apparmor: policy_int make sure list heads are initialized before fail path)
$ git merge -m Merge branch 'apparmor-next' of https://git.kernel.org/pub/scm/linux/kernel/git/jj/linux-apparmor apparmor/apparmor-next
Merge made by the 'ort' strategy.
 security/apparmor/Kconfig                 |  14 +-
 security/apparmor/Makefile                |   2 +-
 security/apparmor/af_inet.c               | 565 ++++++++++++++++++++++++++++++
 security/apparmor/af_unix.c               |  44 ++-
 security/apparmor/apparmorfs.c            | 281 +++++++++++----
 security/apparmor/audit.c                 |  40 ++-
 security/apparmor/capability.c            |   2 +-
 security/apparmor/domain.c                | 157 ++++++---
 security/apparmor/file.c                  |  15 +-
 security/apparmor/include/af_inet.h       |  36 ++
 security/apparmor/include/apparmor.h      |   1 +
 security/apparmor/include/apparmorfs.h    |   3 +
 security/apparmor/include/audit.h         |  10 +-
 security/apparmor/include/capability.h    |   3 +-
 security/apparmor/include/cred.h          |  22 +-
 security/apparmor/include/file.h          |   2 +-
 security/apparmor/include/label.h         |  31 +-
 security/apparmor/include/lib.h           |   6 +-
 security/apparmor/include/match.h         |  18 +-
 security/apparmor/include/net.h           |   9 +-
 security/apparmor/include/path.h          |   3 +
 security/apparmor/include/perms.h         |  19 +-
 security/apparmor/include/policy.h        |  17 +-
 security/apparmor/include/policy_unpack.h |   4 +-
 security/apparmor/include/procattr.h      |   2 +
 security/apparmor/include/task.h          |  20 +-
 security/apparmor/label.c                 |  95 +++--
 security/apparmor/lib.c                   |  57 ++-
 security/apparmor/lsm.c                   | 282 +++++++++------
 security/apparmor/match.c                 |  35 +-
 security/apparmor/mount.c                 | 279 ++++++---------
 security/apparmor/net.c                   |  47 +--
 security/apparmor/policy.c                |  30 +-
 security/apparmor/policy_compat.c         |  14 +-
 security/apparmor/policy_unpack.c         |  30 +-
 security/apparmor/task.c                  |  27 ++
 36 files changed, 1609 insertions(+), 613 deletions(-)
 create mode 100644 security/apparmor/af_inet.c
 create mode 100644 security/apparmor/include/af_inet.h
Merging integrity/next-integrity (f1e10b1087405 ima: measure userspace policy writes before parsing)
$ git merge -m Merge branch 'next-integrity' of https://git.kernel.org/pub/scm/linux/kernel/git/zohar/linux-integrity integrity/next-integrity
Already up to date.
Merging selinux/next (3b93fe26412a4 Automated merge of 'dev' into 'next')
$ git merge -m Merge branch 'next' of https://git.kernel.org/pub/scm/linux/kernel/git/pcmoore/selinux.git selinux/next
Merge made by the 'ort' strategy.
Merging smack/next (fedc88e38ce97 smack: fix cred UAF in smack_file_send_sigiotask())
$ git merge -m Merge branch 'next' of https://github.com/cschaufler/smack-next smack/next
Already up to date.
Merging tomoyo/master (2d2338c93da79 Merge tag 'i2c-fixes-7.2-rc6' of git://git.kernel.org/pub/scm/linux/kernel/git/andi.shyti/linux)
$ git merge -m Merge branch 'master' of git://git.code.sf.net/p/tomoyo/tomoyo.git tomoyo/master
Already up to date.
Merging tpmdd-tpm/for-next-tpm (55ba91d4c54ab tpm-buf: Add TPM buffer support header for standalone reuse)
$ git merge -m Merge branch 'for-next-tpm' of https://git.kernel.org/pub/scm/linux/kernel/git/jarkko/linux-tpmdd.git tpmdd-tpm/for-next-tpm
Auto-merging drivers/char/tpm/st33zp24/st33zp24.c
Auto-merging drivers/char/tpm/tpm_i2c_nuvoton.c
Merge made by the 'ort' strategy.
 drivers/char/tpm/Kconfig                  |   3 +-
 drivers/char/tpm/st33zp24/st33zp24.c      |   8 +-
 drivers/char/tpm/tpm-buf.c                | 147 +++++----
 drivers/char/tpm/tpm-sysfs.c              |  26 +-
 drivers/char/tpm/tpm.h                    | 180 -----------
 drivers/char/tpm/tpm1-cmd.c               | 184 +++++------
 drivers/char/tpm/tpm2-cmd.c               | 327 +++++++++----------
 drivers/char/tpm/tpm2-sessions.c          | 166 +++++-----
 drivers/char/tpm/tpm2-space.c             |  57 ++--
 drivers/char/tpm/tpm_i2c_nuvoton.c        |   6 +-
 drivers/char/tpm/tpm_tis_core.h           |  64 +---
 drivers/char/tpm/tpm_tis_spi.h            |   8 +-
 drivers/char/tpm/tpm_vtpm_proxy.c         |  30 +-
 include/keys/trusted_tpm.h                |   1 -
 include/linux/tpm.h                       | 230 +------------
 include/linux/tpm_buf.h                   |  60 ++++
 include/linux/tpm_command.h               | 518 +++++++++++++++++++++++++++++-
 include/linux/tpm_eventlog.h              |   2 +-
 include/linux/tpm_ptp.h                   | 133 ++++++++
 security/keys/trusted-keys/trusted_tpm1.c |  45 ++-
 security/keys/trusted-keys/trusted_tpm2.c | 168 +++++-----
 21 files changed, 1261 insertions(+), 1102 deletions(-)
 create mode 100644 include/linux/tpm_buf.h
 create mode 100644 include/linux/tpm_ptp.h
Merging tpmdd-keys/for-next-keys (5e2d672280d97 KEYS: trusted: Fix TPM teardown ordering)
$ git merge -m Merge branch 'for-next-keys' of https://git.kernel.org/pub/scm/linux/kernel/git/jarkko/linux-tpmdd.git tpmdd-keys/for-next-keys
Already up to date.
Merging watchdog/watchdog-next (3bbbeb7fddf54 watchdog: orion_wdt: Propagate errors from optional IRQ lookup)
$ git merge -m Merge branch 'watchdog-next' of https://git.kernel.org/pub/scm/linux/kernel/git/groeck/linux-staging.git watchdog/watchdog-next
Already up to date.
Merging iommu/next (3c6a2bac15247 Merge branches 'arm/smmu/updates', 'arm/smmu/bindings', 'mediatek', 'qualcomm/msm', 'rockchip', 'ti/omap', 'riscv', 'intel/vt-d', 'amd/amd-vi', 'core' and 'typos' into next)
$ git merge -m Merge branch 'next' of https://git.kernel.org/pub/scm/linux/kernel/git/iommu/linux.git iommu/next
Already up to date.
Merging audit/next (2b10b6de62d7b Automated merge of 'dev' into 'next')
$ git merge -m Merge branch 'next' of https://git.kernel.org/pub/scm/linux/kernel/git/pcmoore/audit.git audit/next
Merge made by the 'ort' strategy.
Merging devicetree/for-next (660ee6792edfe dt-bindings: input: Add Qualcomm SPMI PMIC haptics)
$ git merge -m Merge branch 'for-next' of https://git.kernel.org/pub/scm/linux/kernel/git/robh/linux.git devicetree/for-next
Merge made by the 'ort' strategy.
 .../bindings/input/qcom,spmi-haptics.yaml          | 116 +++++++++++++++++++++
 1 file changed, 116 insertions(+)
 create mode 100644 Documentation/devicetree/bindings/input/qcom,spmi-haptics.yaml
Merging dt-krzk/for-next (6bd34d56818cc Merge branches 'next/dt' and 'next/dt64' into for-next)
$ git merge -m Merge branch 'for-next' of https://git.kernel.org/pub/scm/linux/kernel/git/krzk/linux-dt.git dt-krzk/for-next
Merge made by the 'ort' strategy.
Merging mailbox/for-next (14af7a96afa39 mailbox: add Axiado AX3005 mailbox driver)
$ git merge -m Merge branch 'for-next' of https://git.kernel.org/pub/scm/linux/kernel/git/jassibrar/mailbox.git mailbox/for-next
Already up to date.
Merging spi/for-next (67140664a029c Merge remote-tracking branch 'spi/for-7.2' into spi-linus)
$ git merge -m Merge branch 'for-next' of https://git.kernel.org/pub/scm/linux/kernel/git/broonie/spi.git spi/for-next
Already up to date.
Merging tip/master (ec8477a492cb2 Merge branch into tip/master: 'timers/urgent')
$ git merge -m Merge branch 'master' of https://git.kernel.org/pub/scm/linux/kernel/git/tip/tip.git tip/master
Already up to date.
Merging kexec/kexec-next (9d50f7c5ad5b4 Merge branch 'crashkernel-cma' into kexec-next)
$ git merge -m Merge branch 'kexec-next' of https://git.kernel.org/pub/scm/linux/kernel/git/liveupdate/linux.git kexec/kexec-next
Already up to date.
Merging liveupdate/next (352ebb57013a0 Merge branch 'luo-internal-api' into next)
$ git merge -m Merge branch 'next' of https://git.kernel.org/pub/scm/linux/kernel/git/liveupdate/linux.git liveupdate/next
Auto-merging kernel/liveupdate/kexec_handover.c
Merge made by the 'ort' strategy.
 include/linux/liveupdate.h       | 22 +++++++++++++
 kernel/liveupdate/luo_file.c     | 69 ++++++++++++++++++++++++++++++++++++++++
 kernel/liveupdate/luo_internal.h | 17 ++++++++++
 3 files changed, 108 insertions(+)
Merging clockevents/timers/drivers/next (1b8b356b4b06e clocksource/drivers/armada: Unwind timer clock on init failure)
$ git merge -m Merge branch 'timers/drivers/next' of https://git.kernel.org/pub/scm/linux/kernel/git/daniel.lezcano/linux.git clockevents/timers/drivers/next
Auto-merging drivers/pwm/pwm-samsung.c
Merge made by the 'ort' strategy.
Merging edac/edac-for-next (9fa765b3ed33d Merge ras/edac-misc into for-next)
$ git merge -m Merge branch 'edac-for-next' of https://git.kernel.org/pub/scm/linux/kernel/git/ras/ras.git edac/edac-for-next
Auto-merging CREDITS
Auto-merging MAINTAINERS
Auto-merging drivers/edac/ie31200_edac.c
Merge made by the 'ort' strategy.
 CREDITS                          |   4 +
 MAINTAINERS                      |  16 +-
 drivers/edac/al_mc_edac.c        |  12 +-
 drivers/edac/altera_edac.c       | 135 ++++++-----
 drivers/edac/altera_edac.h       |   1 +
 drivers/edac/amd64_edac.c        |   2 +
 drivers/edac/aspeed_edac.c       |   4 +-
 drivers/edac/debugfs.c           |  65 +-----
 drivers/edac/edac_device.c       |  10 +-
 drivers/edac/edac_device_sysfs.c |  23 +-
 drivers/edac/edac_mc_sysfs.c     |   2 +-
 drivers/edac/edac_module.h       |   3 +-
 drivers/edac/highbank_mc_edac.c  |   4 +-
 drivers/edac/ie31200_edac.c      |  18 +-
 drivers/edac/igen6_edac.c        | 473 ++++++++++++++++++++++-----------------
 drivers/edac/thunderx_edac.c     |   4 +-
 drivers/edac/xgene_edac.c        |   5 +-
 drivers/ras/amd/atl/core.c       |   1 -
 drivers/ras/amd/atl/map.c        |   6 +-
 include/linux/edac.h             |   3 -
 20 files changed, 392 insertions(+), 399 deletions(-)
Merging ftrace/for-next (3df3ae98c30c2 Merge tracefs/for-next)
$ git merge -m Merge branch 'for-next' of https://git.kernel.org/pub/scm/linux/kernel/git/trace/linux-trace.git ftrace/for-next
Merge made by the 'ort' strategy.
$ git am -3 ../patches/0001-ftrace-Fix-semantic-conflict-with-mm-tree.patch
Applying: ftrace: Fix semantic conflict with mm tree
Using index info to reconstruct a base tree...
M	kernel/trace/trace_printk.c
Falling back to patching base and 3-way merge...
Auto-merging kernel/trace/trace_printk.c
No changes -- Patch already applied.
Merging rcu/next (9cc63f8bcd560 Merge branches 'expcb.2026.07.24a', 'misc.2026.07.30a', 'rcu-tasks.2026.07.30a', 'srcu.2026.08.11a' and 'torture.2026.08.14a' into HEAD)
$ git merge -m Merge branch 'next' of https://git.kernel.org/pub/scm/linux/kernel/git/rcu/linux rcu/next
Already up to date.
Merging paulmck/non-rcu/next (85f4ab0da7887 Merge branch 'csd-lock.2026.08.23a', tag 'scftorture.2026.08.18a' into HEAD)
$ git merge -m Merge branch 'non-rcu/next' of https://git.kernel.org/pub/scm/linux/kernel/git/paulmck/linux-rcu.git paulmck/non-rcu/next
Auto-merging kernel/smp.c
CONFLICT (content): Merge conflict in kernel/smp.c
Auto-merging lib/Kconfig.debug
Auto-merging lib/Makefile
Resolved 'kernel/smp.c' using previous resolution.
Automatic merge failed; fix conflicts and then commit the result.
$ git commit --no-edit -v -a
[master e9d80ff2cac76] Merge branch 'non-rcu/next' of https://git.kernel.org/pub/scm/linux/kernel/git/paulmck/linux-rcu.git
$ git diff -M --stat --summary HEAD^..
 kernel/smp.c        |  77 +++++++++++++++--------
 lib/Kconfig.debug   |  12 ++++
 lib/Makefile        |   1 +
 lib/test_csd_lock.c | 173 ++++++++++++++++++++++++++++++++++++++++++++++++++++
 4 files changed, 237 insertions(+), 26 deletions(-)
 create mode 100644 lib/test_csd_lock.c
Merging kvm/next (76671054f9a1f Merge tag 'kvmarm-7.3' of https://git.kernel.org/pub/scm/linux/kernel/git/kvmarm/kvmarm into HEAD)
$ git merge -m Merge branch 'next' of git://git.kernel.org/pub/scm/virt/kvm/kvm.git kvm/next
Already up to date.
$ git am -3 ../patches/kvm-x86-static-cpu-has
Applying: Signed-off-by: Mark Brown <broonie@kernel.org>
Using index info to reconstruct a base tree...
M	arch/x86/kvm/msrs.c
Falling back to patching base and 3-way merge...
Auto-merging arch/x86/kvm/msrs.c
No changes -- Patch already applied.
Merging kvm-arm/next (aa8e5dc6a7a2a Merge branch 'kvm-arm64/misc-7.3' into next)
$ git merge -m Merge branch 'next' of https://git.kernel.org/pub/scm/linux/kernel/git/kvmarm/kvmarm.git kvm-arm/next
Already up to date.
Merging kvms390/next (dd6f4ef6f8a37 s390/vfio-ap: Fix NULL deref in status_show() during queue probe)
$ git merge -m Merge branch 'next' of https://git.kernel.org/pub/scm/linux/kernel/git/kvms390/linux.git kvms390/next
Already up to date.
Merging kvm-ppc/topic/ppc-kvm (f5098b6bae761 Linux 7.2-rc5)
$ git merge -m Merge branch 'topic/ppc-kvm' of https://git.kernel.org/pub/scm/linux/kernel/git/powerpc/linux.git kvm-ppc/topic/ppc-kvm
Already up to date.
Merging kvm-riscv/riscv_kvm_next (b5060a4aa33d7 RISC-V: KVM: fix vcpu vector context handling for kernel-mode vector)
$ git merge -m Merge branch 'riscv_kvm_next' of https://github.com/kvm-riscv/linux.git kvm-riscv/riscv_kvm_next
Already up to date.
Merging kvm-x86/next (76671054f9a1f Merge tag 'kvmarm-7.3' of https://git.kernel.org/pub/scm/linux/kernel/git/kvmarm/kvmarm into HEAD)
$ git merge -m Merge branch 'next' of https://github.com/kvm-x86/linux.git kvm-x86/next
Already up to date.
$ git am -3 ../patches/0001-KVM-selftests-Fix-up-semantic-changes.patch
Applying: KVM: selftests: Fix up semantic changes
Using index info to reconstruct a base tree...
M	tools/testing/selftests/kvm/lib/kvm_util.c
Falling back to patching base and 3-way merge...
Auto-merging tools/testing/selftests/kvm/lib/kvm_util.c
No changes -- Patch already applied.
Merging xen-tip/linux-next (d330fb86a7170 xenbus: Unregister reboot notifier on init failure)
$ git merge -m Merge branch 'linux-next' of https://git.kernel.org/pub/scm/linux/kernel/git/xen/tip.git xen-tip/linux-next
Already up to date.
Merging percpu/for-next (8f0b4cce4481f Linux 6.19-rc1)
$ git merge -m Merge branch 'for-next' of https://git.kernel.org/pub/scm/linux/kernel/git/dennis/percpu.git percpu/for-next
Already up to date.
Merging workqueues/for-next (cf9c8aaea0d47 workqueue: Fix unbound pool lifetime for pending pwqs)
$ git merge -m Merge branch 'for-next' of https://git.kernel.org/pub/scm/linux/kernel/git/tj/wq.git workqueues/for-next
Auto-merging kernel/workqueue.c
Merge made by the 'ort' strategy.
 kernel/workqueue.c | 27 ++++++++++++++++++---------
 1 file changed, 18 insertions(+), 9 deletions(-)
Merging sched-ext/for-next (6586705bc2dc0 docs/sched_ext: document that cgroup CPU knobs are scheduler-dependent)
$ git merge -m Merge branch 'for-next' of https://git.kernel.org/pub/scm/linux/kernel/git/tj/sched_ext.git sched-ext/for-next
Auto-merging Documentation/admin-guide/cgroup-v2.rst
Merge made by the 'ort' strategy.
 Documentation/admin-guide/cgroup-v2.rst         |  16 +-
 Documentation/scheduler/sched-ext.rst           |  17 +-
 kernel/sched/ext/ext.c                          |  35 +++-
 kernel/sched/ext/internal.h                     |  23 ++-
 tools/sched_ext/include/scx/common.bpf.h        | 140 ++++++++++++---
 tools/sched_ext/include/scx/compat.bpf.h        |  68 ++++++--
 tools/sched_ext/include/scx/compat.h            |  97 +++++++++++
 tools/sched_ext/include/scx/enum_defs.autogen.h |   5 +-
 tools/sched_ext/include/scx/enums_abi.autogen.h | 223 ++++++++++++++++++++++++
 9 files changed, 577 insertions(+), 47 deletions(-)
 create mode 100644 tools/sched_ext/include/scx/enums_abi.autogen.h
Merging drivers-x86/for-next (5b05bb3f6c571 Merge tag 'platform-drivers-x86-v7.3-1' of git://git.kernel.org/pub/scm/linux/kernel/git/pdx86/platform-drivers-x86)
$ git merge -m Merge branch 'for-next' of https://git.kernel.org/pub/scm/linux/kernel/git/pdx86/platform-drivers-x86.git drivers-x86/for-next
Already up to date.
Merging chrome-platform/for-next (81c1c0cb68a13 platform/chrome: of_hw_prober: Add delay for hana trackpads)
$ git merge -m Merge branch 'for-next' of https://git.kernel.org/pub/scm/linux/kernel/git/chrome-platform/linux.git chrome-platform/for-next
Already up to date.
Merging chrome-platform-firmware/for-firmware-next (a58a57a1076f8 firmware: coreboot: Validate table bounds)
$ git merge -m Merge branch 'for-firmware-next' of https://git.kernel.org/pub/scm/linux/kernel/git/chrome-platform/linux.git chrome-platform-firmware/for-firmware-next
Already up to date.
Merging hsi/for-next (e81250ec6b692 hsi: omap_ssi_core: fix missing DMA mask setup for SSI controller device)
$ git merge -m Merge branch 'for-next' of https://git.kernel.org/pub/scm/linux/kernel/git/sre/linux-hsi.git hsi/for-next
Already up to date.
Merging leds-lj/for-leds-next (f8cca63a0a4f3 leds: is31fl319x: Modernize registration)
$ git merge -m Merge branch 'for-leds-next' of https://git.kernel.org/pub/scm/linux/kernel/git/lee/leds.git leds-lj/for-leds-next
Auto-merging MAINTAINERS
Auto-merging drivers/leds/leds-gpio.c
Auto-merging drivers/leds/leds-is31fl319x.c
Auto-merging drivers/leds/rgb/leds-pwm-multicolor.c
Merge made by the 'ort' strategy.
 .../devicetree/bindings/leds/adi,ltc3220.yaml      | 133 +++++
 .../bindings/leds/backlight/ti,tps65217.yaml       | 170 ++++++
 .../bindings/leds/backlight/tps65217-backlight.txt |  27 -
 .../bindings/leds/brcm,bcm6358-leds.yaml           |  96 ++++
 Documentation/devicetree/bindings/leds/common.yaml |  12 +
 .../devicetree/bindings/leds/lacie,ns2-leds.yaml   |  85 +++
 .../devicetree/bindings/leds/leds-bcm6358.txt      | 143 -----
 .../devicetree/bindings/leds/leds-ns2.txt          |  35 --
 .../bindings/leds/leds-pwm-multicolor.yaml         |   4 +
 .../devicetree/bindings/leds/nxp,pca963x.yaml      | 108 +++-
 .../devicetree/bindings/regulator/tps65217.txt     |  78 ---
 Documentation/leds/leds-st1202.rst                 |   9 +-
 MAINTAINERS                                        |   8 +
 drivers/leds/Kconfig                               |  14 +
 drivers/leds/Makefile                              |   1 +
 drivers/leds/blink/leds-bcm63138.c                 |   4 +-
 drivers/leds/leds-gpio.c                           |  53 +-
 drivers/leds/leds-is31fl319x.c                     |  61 +--
 drivers/leds/leds-ltc3220.c                        | 586 +++++++++++++++++++++
 drivers/leds/leds-pca9532.c                        |  18 +-
 drivers/leds/leds-pca963x.c                        | 193 +++++--
 drivers/leds/leds-st1202.c                         | 102 ++--
 drivers/leds/rgb/leds-lp5860-core.c                |   3 +-
 drivers/leds/rgb/leds-lp5860-spi.c                 |  10 +-
 drivers/leds/rgb/leds-pwm-multicolor.c             |   2 +
 drivers/leds/trigger/ledtrig-netdev.c              |  46 +-
 include/linux/leds.h                               |   6 +
 27 files changed, 1567 insertions(+), 440 deletions(-)
 create mode 100644 Documentation/devicetree/bindings/leds/adi,ltc3220.yaml
 create mode 100644 Documentation/devicetree/bindings/leds/backlight/ti,tps65217.yaml
 delete mode 100644 Documentation/devicetree/bindings/leds/backlight/tps65217-backlight.txt
 create mode 100644 Documentation/devicetree/bindings/leds/brcm,bcm6358-leds.yaml
 create mode 100644 Documentation/devicetree/bindings/leds/lacie,ns2-leds.yaml
 delete mode 100644 Documentation/devicetree/bindings/leds/leds-bcm6358.txt
 delete mode 100644 Documentation/devicetree/bindings/leds/leds-ns2.txt
 delete mode 100644 Documentation/devicetree/bindings/regulator/tps65217.txt
 create mode 100644 drivers/leds/leds-ltc3220.c
Merging ipmi/for-next (05ec76cfbce65 ipmi: Fix use-after-free of cmd_rcvr in _ipmi_destroy_user())
$ git merge -m Merge branch 'for-next' of https://github.com/cminyard/linux-ipmi.git ipmi/for-next
Merge made by the 'ort' strategy.
 drivers/char/ipmi/Kconfig            |  9 ++++
 drivers/char/ipmi/ipmb_dev_int.c     |  9 ++--
 drivers/char/ipmi/ipmi_msghandler.c  |  5 +++
 drivers/char/ipmi/ipmi_si_intf.c     | 79 ++++++++++++++++++++++++++++--------
 drivers/char/ipmi/ipmi_si_platform.c |  4 +-
 drivers/char/ipmi/ipmi_ssif.c        |  4 +-
 6 files changed, 86 insertions(+), 24 deletions(-)
Merging driver-core/driver-core-next (45c13f3f9e3bb Merge tag 'hwlock-v7.3' of git://git.kernel.org/pub/scm/linux/kernel/git/remoteproc/linux)
$ git merge -m Merge branch 'driver-core-next' of https://git.kernel.org/pub/scm/linux/kernel/git/driver-core/driver-core.git driver-core/driver-core-next
Already up to date.
Merging usb/usb-next (45c13f3f9e3bb Merge tag 'hwlock-v7.3' of git://git.kernel.org/pub/scm/linux/kernel/git/remoteproc/linux)
$ git merge -m Merge branch 'usb-next' of https://git.kernel.org/pub/scm/linux/kernel/git/gregkh/usb.git usb/usb-next
Already up to date.
Merging thunderbolt/next (86feaba911f2f thunderbolt: Clamp DMA tunnel credits to what a hop register can hold)
$ git merge -m Merge branch 'next' of https://git.kernel.org/pub/scm/linux/kernel/git/westeri/thunderbolt.git thunderbolt/next
Already up to date.
Merging usb-serial/usb-next (15734de99517b USB: serial: pl2303: add support for PL256X multi-port devices)
$ git merge -m Merge branch 'usb-next' of https://git.kernel.org/pub/scm/linux/kernel/git/johan/usb-serial.git usb-serial/usb-next
Already up to date.
Merging tty/tty-next (45c13f3f9e3bb Merge tag 'hwlock-v7.3' of git://git.kernel.org/pub/scm/linux/kernel/git/remoteproc/linux)
$ git merge -m Merge branch 'tty-next' of https://git.kernel.org/pub/scm/linux/kernel/git/gregkh/tty.git tty/tty-next
Already up to date.
Merging char-misc/char-misc-next (45c13f3f9e3bb Merge tag 'hwlock-v7.3' of git://git.kernel.org/pub/scm/linux/kernel/git/remoteproc/linux)
$ git merge -m Merge branch 'char-misc-next' of https://git.kernel.org/pub/scm/linux/kernel/git/gregkh/char-misc.git char-misc/char-misc-next
Already up to date.
$ git am -3 ../patches/rust-vs-char-misc-fixup
Applying: pin-init changes for v7.3-rc1
Using index info to reconstruct a base tree...
M	rust/kernel/serdev.rs
Falling back to patching base and 3-way merge...
Auto-merging rust/kernel/serdev.rs
No changes -- Patch already applied.
$ git am -3 ../merge-fixes/rust_binder-use-LocalModule-for-THIS_MODULE
Applying: rust_binder: use `LocalModule` for `THIS_MODULE`
Using index info to reconstruct a base tree...
M	drivers/android/binder/netlink.rs
Falling back to patching base and 3-way merge...
No changes -- Patch already applied.
Merging coresight/next (9e3604d7369cf coresight: etm4x: remove redundant fields in etmv4_save_state)
$ git merge -m Merge branch 'next' of https://git.kernel.org/pub/scm/linux/kernel/git/coresight/linux.git coresight/next
Already up to date.
Merging fastrpc/for-next (dc59e4fea9d83 Linux 7.2-rc1)
$ git merge -m Merge branch 'for-next' of https://git.kernel.org/pub/scm/linux/kernel/git/srini/fastrpc.git fastrpc/for-next
Already up to date.
Merging fpga/for-next (4216e549a2657 fpga: dfl: fix spelling in sysfs-platform-dfl-port ABI documentation)
$ git merge -m Merge branch 'for-next' of https://git.kernel.org/pub/scm/linux/kernel/git/fpga/linux-fpga.git fpga/for-next
Already up to date.
Merging icc/icc-next (9621c81fd2eb7 Merge branch 'icc-misc' into icc-next)
$ git merge -m Merge branch 'icc-next' of https://git.kernel.org/pub/scm/linux/kernel/git/djakov/icc.git icc/icc-next
Already up to date.
Merging iio/togreg (350d1fb9204b1 iio: dac: mcp47a1: add support for new device)
$ git merge -m Merge branch 'togreg' of https://git.kernel.org/pub/scm/linux/kernel/git/jic23/iio.git iio/togreg
Already up to date.
Merging nfc/for-next (9f69d05b5a85c nfc: st95hf: switch to using sleeping variants of gpiod API)
$ git merge -m Merge branch 'for-next' of https://codeberg.org/linux-nfc/linux.git nfc/for-next
Already up to date.
Merging phy-next/next (ba8376e8c76c6 MAINTAINERS: Add Manivannan Sadhasivam as the Reviewer for Generic PHY Framework)
$ git merge -m Merge branch 'next' of https://git.kernel.org/pub/scm/linux/kernel/git/phy/linux-phy.git phy-next/next
Already up to date.
Merging soundwire/next (5b08a3afd2995 soundwire: dmi-quirks: Disable ghost Realtek on Asus ROG Zephyrus Duo)
$ git merge -m Merge branch 'next' of https://git.kernel.org/pub/scm/linux/kernel/git/vkoul/soundwire.git soundwire/next
Already up to date.
Merging extcon/extcon-next (8d3ae59288f1e Linux 7.2)
$ git merge -m Merge branch 'extcon-next' of https://git.kernel.org/pub/scm/linux/kernel/git/chanwoo/extcon.git extcon/extcon-next
Already up to date.
Merging gnss/gnss-next (a13c140cc289c Linux 7.2-rc3)
$ git merge -m Merge branch 'gnss-next' of https://git.kernel.org/pub/scm/linux/kernel/git/johan/gnss.git gnss/gnss-next
Already up to date.
Merging vfio/next (4e3c1fc8abcb8 vfio/pci: Remove the pcie check for VFIO_PCI_ERR_IRQ_INDEX)
$ git merge -m Merge branch 'next' of https://github.com/awilliam/linux-vfio.git vfio/next
Already up to date.
Merging w1/for-next (4d3721b204f96 w1: ds2482: Fix signedness bug in ds2482_w1_triplet())
$ git merge -m Merge branch 'for-next' of https://git.kernel.org/pub/scm/linux/kernel/git/krzk/linux-w1.git w1/for-next
Already up to date.
Merging spmi/spmi-next (8cdeaa50eae8d Linux 7.2-rc2)
$ git merge -m Merge branch 'spmi-next' of https://git.kernel.org/pub/scm/linux/kernel/git/sboyd/spmi.git spmi/spmi-next
Already up to date.
Merging staging/staging-next (45c13f3f9e3bb Merge tag 'hwlock-v7.3' of git://git.kernel.org/pub/scm/linux/kernel/git/remoteproc/linux)
$ git merge -m Merge branch 'staging-next' of https://git.kernel.org/pub/scm/linux/kernel/git/gregkh/staging.git staging/staging-next
Already up to date.
Merging counter-next/counter-next (353b2e09f44a9 counter: ti-eqep: Remove redundant dev_err_probe())
$ git merge -m Merge branch 'counter-next' of https://git.kernel.org/pub/scm/linux/kernel/git/wbg/counter.git counter-next/counter-next
Already up to date.
Merging mux/for-next (ac7bde3c53166 mux: Add driver for Renesas RZ/V2H VBENCTL VBUS_SEL mux)
$ git merge -m Merge branch 'for-next' of https://gitlab.com/peda-linux/mux.git mux/for-next
Merge made by the 'ort' strategy.
 drivers/mux/Kconfig         | 13 ++++++++
 drivers/mux/Makefile        |  2 ++
 drivers/mux/rzv2h-vbenctl.c | 81 +++++++++++++++++++++++++++++++++++++++++++++
 3 files changed, 96 insertions(+)
 create mode 100644 drivers/mux/rzv2h-vbenctl.c
Merging dmaengine/next (0d995da5fb97e dmaengine: dw-edma: Mark emulated IRQ as level-triggered)
$ git merge -m Merge branch 'next' of https://git.kernel.org/pub/scm/linux/kernel/git/vkoul/dmaengine.git dmaengine/next
Already up to date.
Merging cgroup/for-next (b57d03eb82b79 Merge branch 'for-7.3-fixes' into for-next)
$ git merge -m Merge branch 'for-next' of https://git.kernel.org/pub/scm/linux/kernel/git/tj/cgroup.git cgroup/for-next
Auto-merging Documentation/admin-guide/cgroup-v2.rst
Auto-merging kernel/cgroup/cpuset.c
Auto-merging tools/testing/selftests/cgroup/test_zswap.c
Merge made by the 'ort' strategy.
 Documentation/admin-guide/cgroup-v2.rst           |  2 +-
 kernel/cgroup/cpuset.c                            | 39 ++++++++++----
 tools/testing/selftests/cgroup/test_core.c        |  2 +-
 tools/testing/selftests/cgroup/test_cpu.c         |  2 +-
 tools/testing/selftests/cgroup/test_cpuset.c      |  2 +-
 tools/testing/selftests/cgroup/test_cpuset_prs.sh | 64 ++++++++++++++++++++---
 tools/testing/selftests/cgroup/test_freezer.c     |  2 +-
 tools/testing/selftests/cgroup/test_kill.c        |  2 +-
 tools/testing/selftests/cgroup/test_kmem.c        |  4 +-
 tools/testing/selftests/cgroup/test_memcontrol.c  |  2 +-
 tools/testing/selftests/cgroup/test_pids.c        |  2 +-
 tools/testing/selftests/cgroup/test_zswap.c       |  2 +-
 12 files changed, 98 insertions(+), 27 deletions(-)
Merging scsi/for-next (cf1af0ccca54d Merge branch 'misc' into for-next)
$ git merge -m Merge branch 'for-next' of https://git.kernel.org/pub/scm/linux/kernel/git/jejb/scsi.git scsi/for-next
Merge made by the 'ort' strategy.
Merging scsi-mkp/for-next (12e67eb89eb2b scsi: snic: Fix SCSI host leak on workqueue allocation failure)
$ git merge -m Merge branch 'for-next' of https://git.kernel.org/pub/scm/linux/kernel/git/mkp/scsi.git scsi-mkp/for-next
Auto-merging .mailmap
Auto-merging MAINTAINERS
Auto-merging drivers/scsi/hosts.c
Auto-merging drivers/scsi/scsi_lib.c
Auto-merging drivers/ufs/core/ufshcd.c
Auto-merging include/scsi/scsi_host.h
Merge made by the 'ort' strategy.
 .mailmap                                  |   3 +
 Documentation/scsi/leapraid.rst           |  14 +-
 MAINTAINERS                               |   6 +-
 drivers/scsi/Makefile                     |  23 ++
 drivers/scsi/device_handler/Makefile      |   3 +
 drivers/scsi/hosts.c                      |  19 +-
 drivers/scsi/ibmvscsi/ibmvfc-core.c       |   2 +-
 drivers/scsi/leapraid/leapraid_app.c      |  14 +-
 drivers/scsi/leapraid/leapraid_func.c     |   2 +-
 drivers/scsi/leapraid/leapraid_func.h     |   4 +-
 drivers/scsi/leapraid/leapraid_os.c       |  89 +++--
 drivers/scsi/libsas/sas_expander.c        |  98 ++++--
 drivers/scsi/libsas/sas_internal.h        |   1 +
 drivers/scsi/lpfc/lpfc_attr.c             | 533 ++++++++++++------------------
 drivers/scsi/lpfc/lpfc_bsg.c              |   6 +-
 drivers/scsi/lpfc/lpfc_ct.c               |  29 +-
 drivers/scsi/lpfc/lpfc_debugfs.c          | 198 +++++------
 drivers/scsi/lpfc/lpfc_scsi.c             |  49 +--
 drivers/scsi/lpfc/lpfc_scsi.h             |   3 -
 drivers/scsi/lpfc/lpfc_sli.c              |  43 +--
 drivers/scsi/megaraid/megaraid_sas_base.c |   2 +-
 drivers/scsi/mpi3mr/mpi3mr_os.c           |   2 +-
 drivers/scsi/mpt3sas/mpt3sas_base.c       |   2 +
 drivers/scsi/mpt3sas/mpt3sas_scsih.c      |   2 +-
 drivers/scsi/qla2xxx/qla_init.c           |   4 +-
 drivers/scsi/qla2xxx/qla_nx2.c            |   2 +-
 drivers/scsi/qla4xxx/ql4_os.c             |   6 +-
 drivers/scsi/scsi_lib.c                   |   3 +-
 drivers/scsi/scsi_scan.c                  |  52 +--
 drivers/scsi/scsi_sysfs.c                 |   7 +-
 drivers/scsi/snic/snic_main.c             |   1 +
 drivers/ufs/core/Makefile                 |   2 +
 drivers/ufs/core/ufs-debugfs.c            |   8 +-
 drivers/ufs/core/ufshcd.c                 |  15 +
 drivers/ufs/host/Makefile                 |   2 +
 include/scsi/scsi_host.h                  |  24 +-
 36 files changed, 642 insertions(+), 631 deletions(-)
$ git am -3 ../patches/device-id-zorro
Applying: foofof
Using index info to reconstruct a base tree...
M	include/linux/device-id/zorro.h
Falling back to patching base and 3-way merge...
No changes -- Patch already applied.
Merging vhost/linux-next (ae864da7d762b vduse: Add suspend)
$ git merge -m Merge branch 'linux-next' of https://git.kernel.org/pub/scm/linux/kernel/git/mst/vhost.git vhost/linux-next
Auto-merging MAINTAINERS
Auto-merging drivers/vhost/net.c
Auto-merging drivers/vhost/vhost.c
Auto-merging drivers/virtio/virtio_balloon.c
Auto-merging lib/iov_iter.c
Auto-merging net/vmw_vsock/virtio_transport_common.c
Merge made by the 'ort' strategy.
 drivers/vhost/vhost.c           | 11 ++++++
 drivers/vhost/vsock.c           | 80 +++++++++++++++++++++++++++++++----------
 drivers/virtio/virtio_balloon.c | 51 ++++++++++++++++----------
 3 files changed, 105 insertions(+), 37 deletions(-)
Merging rpmsg/for-next (d4d61a4b0a52e Merge branches 'hwspinlock-next', 'rpmsg-next' and 'rproc-next' into for-next)
$ git merge -m Merge branch 'for-next' of https://git.kernel.org/pub/scm/linux/kernel/git/remoteproc/linux.git rpmsg/for-next
Merge made by the 'ort' strategy.
Merging gpio-brgl/gpio/for-next (146cc263e457f Merge tag 'v7.2' of git://git.kernel.org/pub/scm/linux/kernel/git/torvalds/linux into gpio/for-next)
$ git merge -m Merge branch 'gpio/for-next' of https://git.kernel.org/pub/scm/linux/kernel/git/brgl/linux.git gpio-brgl/gpio/for-next
Already up to date.
Merging gpio-intel/for-next (dc59e4fea9d83 Linux 7.2-rc1)
$ git merge -m Merge branch 'for-next' of https://git.kernel.org/pub/scm/linux/kernel/git/andy/linux-gpio-intel.git gpio-intel/for-next
Already up to date.
Merging pinctrl/for-next (d067f0f4c96cb Merge tag 'pinctrl-qcom-updates-for-v7.3-rc1' of git://git.kernel.org/pub/scm/linux/kernel/git/brgl/linux into devel)
$ git merge -m Merge branch 'for-next' of https://git.kernel.org/pub/scm/linux/kernel/git/linusw/linux-pinctrl.git pinctrl/for-next
Already up to date.
Merging pinctrl-intel/for-next (ed1608d5e3c44 Merge patch series "upboard pinctrl support for device id INTC1055")
$ git merge -m Merge branch 'for-next' of https://git.kernel.org/pub/scm/linux/kernel/git/pinctrl/intel.git pinctrl-intel/for-next
Already up to date.
Merging pinctrl-renesas/renesas-pinctrl (5a653cedec948 pinctrl: renesas: rza2: Embed pins in the priv struct)
$ git merge -m Merge branch 'renesas-pinctrl' of https://git.kernel.org/pub/scm/linux/kernel/git/geert/renesas-drivers.git pinctrl-renesas/renesas-pinctrl
Already up to date.
Merging pinctrl-samsung/for-next (d441836c9d704 pinctrl: samsung: Add Exynos8855 pinctrl configuration)
$ git merge -m Merge branch 'for-next' of https://git.kernel.org/pub/scm/linux/kernel/git/pinctrl/samsung.git pinctrl-samsung/for-next
Already up to date.
Merging pinctrl-qcom/pinctrl-qcom/for-next (1860fb0be224d pinctrl: qcom: Add irq_get/set_irqchip_state() for msm gpio irqchip)
$ git merge -m Merge branch 'pinctrl-qcom/for-next' of https://git.kernel.org/pub/scm/linux/kernel/git/brgl/linux.git pinctrl-qcom/pinctrl-qcom/for-next
Already up to date.
Merging pwm/pwm/for-next (b4e94b0418ad6 pwm: th1520: use vertical import style)
$ git merge -m Merge branch 'pwm/for-next' of https://git.kernel.org/pub/scm/linux/kernel/git/ukleinek/linux.git pwm/pwm/for-next
Already up to date.
Merging ktest/for-next (932cdaf3e273a ktest: Add logfile to failure directory)
$ git merge -m Merge branch 'for-next' of https://git.kernel.org/pub/scm/linux/kernel/git/rostedt/linux-ktest.git ktest/for-next
Already up to date.
Merging kselftest/next (649ba27dfac78 selftests/zram: fix kernel_gte() for POSIX sh)
$ git merge -m Merge branch 'next' of https://git.kernel.org/pub/scm/linux/kernel/git/shuah/linux-kselftest.git kselftest/next
Already up to date.
Merging kunit/test (dc59e4fea9d83 Linux 7.2-rc1)
$ git merge -m Merge branch 'test' of https://git.kernel.org/pub/scm/linux/kernel/git/shuah/linux-kselftest.git kunit/test
Already up to date.
Merging kunit-next/kunit (dea754ded9518 kunit: tool: fix _list_tests filtering wrong variable when list has TAP prefix)
$ git merge -m Merge branch 'kunit' of https://git.kernel.org/pub/scm/linux/kernel/git/shuah/linux-kselftest.git kunit-next/kunit
Already up to date.
Merging livepatching/for-next (26260251022fb Merge tag 'livepatching-for-7.3' of git://git.kernel.org/pub/scm/linux/kernel/git/livepatching/livepatching)
$ git merge -m Merge branch 'for-next' of https://git.kernel.org/pub/scm/linux/kernel/git/livepatching/livepatching.git livepatching/for-next
Already up to date.
Merging rtc/rtc-next (c9e17e381e021 rtc: msc313: Select by default on MSTARV7)
$ git merge -m Merge branch 'rtc-next' of https://git.kernel.org/pub/scm/linux/kernel/git/abelloni/linux.git rtc/rtc-next
Auto-merging drivers/rtc/rtc-ds1307.c
Auto-merging drivers/rtc/rtc-rzn1.c
CONFLICT (content): Merge conflict in drivers/rtc/rtc-rzn1.c
Resolved 'drivers/rtc/rtc-rzn1.c' using previous resolution.
Automatic merge failed; fix conflicts and then commit the result.
$ git commit --no-edit -v -a
[master 320219ec63e1f] Merge branch 'rtc-next' of https://git.kernel.org/pub/scm/linux/kernel/git/abelloni/linux.git
$ git diff -M --stat --summary HEAD^..
 .../bindings/rtc/microchip,pic32-rtc.txt           |  21 ---
 .../bindings/rtc/microchip,pic32mzda-rtc.yaml      |  50 ++++++
 .../devicetree/bindings/rtc/renesas,rzn1-rtc.yaml  |  35 +++-
 Documentation/devicetree/bindings/rtc/rtc-cmos.txt |  27 ---
 .../devicetree/bindings/rtc/rtc-cmos.yaml          |  63 +++++++
 Documentation/devicetree/bindings/rtc/rtc-omap.txt |  53 ------
 .../devicetree/bindings/rtc/rtc-palmas.txt         |  32 ----
 .../devicetree/bindings/rtc/ti,omap-rtc.yaml       | 140 +++++++++++++++
 .../devicetree/bindings/rtc/ti,palmas-rtc.yaml     |  57 ++++++
 drivers/rtc/Kconfig                                |   8 +-
 drivers/rtc/rtc-ab-eoz9.c                          |   1 +
 drivers/rtc/rtc-brcmstb-waketimer.c                |   1 +
 drivers/rtc/rtc-ds1307.c                           |   2 +-
 drivers/rtc/rtc-ds1343.c                           |   4 +-
 drivers/rtc/rtc-gamecube.c                         |   4 +-
 drivers/rtc/rtc-hym8563.c                          |   2 +-
 drivers/rtc/rtc-m41t80.c                           |   2 +-
 drivers/rtc/rtc-mv.c                               |  41 +----
 drivers/rtc/rtc-nct3018y.c                         |   2 +-
 drivers/rtc/rtc-pcf2127.c                          |   7 +-
 drivers/rtc/rtc-pcf85063.c                         |   2 +-
 drivers/rtc/rtc-pcf85363.c                         |  17 +-
 drivers/rtc/rtc-pcf8563.c                          |   6 +-
 drivers/rtc/rtc-rv3028.c                           |   2 +-
 drivers/rtc/rtc-rv3032.c                           |   2 +-
 drivers/rtc/rtc-rzn1.c                             | 197 ++++++++++++---------
 drivers/rtc/rtc-s32g.c                             |   1 +
 drivers/rtc/rtc-spacemit-p1.c                      |   5 +-
 drivers/rtc/rtc-st-lpc.c                           |   9 +-
 drivers/rtc/rtc-zynqmp.c                           |   7 +-
 30 files changed, 506 insertions(+), 294 deletions(-)
 delete mode 100644 Documentation/devicetree/bindings/rtc/microchip,pic32-rtc.txt
 create mode 100644 Documentation/devicetree/bindings/rtc/microchip,pic32mzda-rtc.yaml
 delete mode 100644 Documentation/devicetree/bindings/rtc/rtc-cmos.txt
 create mode 100644 Documentation/devicetree/bindings/rtc/rtc-cmos.yaml
 delete mode 100644 Documentation/devicetree/bindings/rtc/rtc-omap.txt
 delete mode 100644 Documentation/devicetree/bindings/rtc/rtc-palmas.txt
 create mode 100644 Documentation/devicetree/bindings/rtc/ti,omap-rtc.yaml
 create mode 100644 Documentation/devicetree/bindings/rtc/ti,palmas-rtc.yaml
Merging nvdimm/libnvdimm-for-next (e99cb3ecd8334 nvdimm-btt: clean up kernel-doc warnings)
$ git merge -m Merge branch 'libnvdimm-for-next' of https://git.kernel.org/pub/scm/linux/kernel/git/nvdimm/nvdimm.git nvdimm/libnvdimm-for-next
Already up to date.
Merging at24/at24/for-next (dc59e4fea9d83 Linux 7.2-rc1)
$ git merge -m Merge branch 'at24/for-next' of https://git.kernel.org/pub/scm/linux/kernel/git/brgl/linux.git at24/at24/for-next
Already up to date.
Merging ntb/ntb-next (dc59e4fea9d83 Linux 7.2-rc1)
$ git merge -m Merge branch 'ntb-next' of https://github.com/jonmason/ntb.git ntb/ntb-next
Already up to date.
Merging seccomp/for-next/seccomp (41fa043273841 selftests/seccomp: Add hard-coded __NR_uprobe for x86_64)
$ git merge -m Merge branch 'for-next/seccomp' of https://git.kernel.org/pub/scm/linux/kernel/git/kees/linux.git seccomp/for-next/seccomp
Already up to date.
Merging slimbus/for-next (c922423ce66bc slimbus: qcom-ngd-ctrl: Use the unified QMI service ID instead of defining it locally)
$ git merge -m Merge branch 'for-next' of https://git.kernel.org/pub/scm/linux/kernel/git/srini/slimbus.git slimbus/for-next
Auto-merging drivers/slimbus/qcom-ngd-ctrl.c
Merge made by the 'ort' strategy.
 drivers/slimbus/qcom-ngd-ctrl.c | 5 ++---
 1 file changed, 2 insertions(+), 3 deletions(-)
Merging nvmem/for-next (dc59e4fea9d83 Linux 7.2-rc1)
$ git merge -m Merge branch 'for-next' of https://git.kernel.org/pub/scm/linux/kernel/git/srini/nvmem.git nvmem/for-next
Already up to date.
Merging hyperv/hyperv-next (be0cfab740e58 clocksource: hyper-v: Remove support for stimer interrupts in message mode)
$ git merge -m Merge branch 'hyperv-next' of https://git.kernel.org/pub/scm/linux/kernel/git/hyperv/linux.git hyperv/hyperv-next
Auto-merging drivers/scsi/storvsc_drv.c
Merge made by the 'ort' strategy.
 arch/x86/hyperv/hv_init.c           |  23 ++---
 arch/x86/kernel/cpu/mshyperv.c      |  25 +++--
 drivers/clocksource/hyperv_timer.c  | 150 ++++-------------------------
 drivers/hv/channel.c                | 182 +++++++++++++++++++++++++++++++++++-
 drivers/hv/channel_mgmt.c           |   8 +-
 drivers/hv/connection.c             |  11 ++-
 drivers/hv/hv.c                     |   4 -
 drivers/hv/hv_balloon.c             |  36 +++----
 drivers/hv/hv_common.c              |  12 +--
 drivers/hv/hv_snapshot.c            |   5 -
 drivers/hv/vmbus_drv.c              |  25 +++--
 drivers/net/hyperv/hyperv_net.h     |   8 +-
 drivers/net/hyperv/netvsc.c         | 123 ++++++++++++++----------
 drivers/net/hyperv/netvsc_drv.c     |   6 ++
 drivers/pci/controller/pci-hyperv.c |   1 +
 drivers/scsi/storvsc_drv.c          |  53 ++---------
 include/clocksource/hyperv_timer.h  |   6 --
 include/linux/hyperv.h              |  20 +++-
 net/vmw_vsock/hyperv_transport.c    |   3 -
 19 files changed, 391 insertions(+), 310 deletions(-)
Merging auxdisplay/for-next (e3e3bf40916c1 auxdisplay: charlcd: cancel backlight work on registration failure)
$ git merge -m Merge branch 'for-next' of https://git.kernel.org/pub/scm/linux/kernel/git/andy/linux-auxdisplay.git auxdisplay/for-next
Already up to date.
Merging kgdb/kgdb/for-next (fdbdd0ccb30af kdb: remove redundant check for scancode 0xe0)
$ git merge -m Merge branch 'kgdb/for-next' of https://git.kernel.org/pub/scm/linux/kernel/git/danielt/linux.git kgdb/kgdb/for-next
Already up to date.
Merging hmm/hmm (19272b37aa4f8 Linux 6.16-rc1)
$ git merge -m Merge branch 'hmm' of https://git.kernel.org/pub/scm/linux/kernel/git/rdma/rdma.git hmm/hmm
Already up to date.
Merging cfi/cfi/next (dc59e4fea9d83 Linux 7.2-rc1)
$ git merge -m Merge branch 'cfi/next' of https://git.kernel.org/pub/scm/linux/kernel/git/mtd/linux.git cfi/cfi/next
Already up to date.
Merging mhi/mhi-next (9656bcd4c321a PCI: epf-mhi: Implement mhi_cntrl->flush_async() to flush DMA read/write)
$ git merge -m Merge branch 'mhi-next' of https://git.kernel.org/pub/scm/linux/kernel/git/mani/mhi.git mhi/mhi-next
Already up to date.
$ git am -3 ../patches/0001-fix-up-for-net-qrtr-Drop-the-MHI-auto_queue-feature-.patch
Applying: fix up for "net: qrtr: Drop the MHI auto_queue feature for IPCR DL channels"
Using index info to reconstruct a base tree...
M	drivers/net/wireless/ath/ath12k/wifi7/mhi.c
Falling back to patching base and 3-way merge...
No changes -- Patch already applied.
Merging cxl/next (7098e9cd98a05 Merge branch 'for-7.3/cxl-misc' into cxl-for-next)
$ git merge -m Merge branch 'next' of https://git.kernel.org/pub/scm/linux/kernel/git/cxl/cxl.git cxl/next
Already up to date.
Merging zstd/zstd-next (65d1f5507ed2c zstd: Import upstream v1.5.7)
$ git merge -m Merge branch 'zstd-next' of https://github.com/terrelln/linux.git zstd/zstd-next
Already up to date.
Merging efi/next (b2326338dc683 efivarfs: Rate limit statfs() handler)
$ git merge -m Merge branch 'next' of https://git.kernel.org/pub/scm/linux/kernel/git/efi/efi.git efi/next
Already up to date.
Merging unicode/for-next (a511442085c14 unicode: Properly reject invalid encoding version strings)
$ git merge -m Merge branch 'for-next' of https://git.kernel.org/pub/scm/linux/kernel/git/krisman/unicode.git unicode/for-next
Already up to date.
Merging random/master (bb9ff576fdff4 virt: vmgenid: remap memory as decrypted)
$ git merge -m Merge branch 'master' of https://git.kernel.org/pub/scm/linux/kernel/git/crng/random.git random/master
Merge made by the 'ort' strategy.
 drivers/virt/vmgenid.c | 3 ++-
 1 file changed, 2 insertions(+), 1 deletion(-)
Merging landlock/next (172b6a6d84635 landlock: Document tracepoints)
$ git merge -m Merge branch 'next' of https://git.kernel.org/pub/scm/linux/kernel/git/mic/linux.git landlock/next
Already up to date.
Merging sysctl/sysctl-next (8d75c338f0bce sysctl: remove CONFIG_PROC_SYSCTL, it just mirrors CONFIG_SYSCTL)
$ git merge -m Merge branch 'sysctl-next' of https://git.kernel.org/pub/scm/linux/kernel/git/sysctl/sysctl.git sysctl/sysctl-next
Already up to date.
$ git am -3 ../patches/0001-jifies-Fix-up-merge.patch
Applying: jifies: Fix up merge
Using index info to reconstruct a base tree...
M	kernel/time/jiffies.c
Falling back to patching base and 3-way merge...
No changes -- Patch already applied.
Merging execve/for-next/execve (ab11176bd3a76 x86/elf: Correct comment for STACK_RND_MASK())
$ git merge -m Merge branch 'for-next/execve' of https://git.kernel.org/pub/scm/linux/kernel/git/kees/linux.git execve/for-next/execve
Already up to date.
Merging bitmap/bitmap-for-next (f4806cc63cc65 lib: test bitmap vs IDA vs Maple Tree performance for region allocations)
$ git merge -m Merge branch 'bitmap-for-next' of https://github.com/norov/linux.git bitmap/bitmap-for-next
Already up to date.
Merging hte/for-next (005b25ad11717 hte: tegra194: Add Tegra264 GTE support)
$ git merge -m Merge branch 'for-next' of https://git.kernel.org/pub/scm/linux/kernel/git/pateldipen1984/linux.git hte/for-next
Already up to date.
Merging kspp/for-next/kspp (3421b9b056a65 selftests/seccomp: Fix pointer type mismatch build error)
$ git merge -m Merge branch 'for-next/kspp' of https://git.kernel.org/pub/scm/linux/kernel/git/kees/linux.git kspp/for-next/kspp
Already up to date.
Merging nolibc/for-next (b58afc8d1cf85 tools/nolibc: add support for Alpha)
$ git merge -m Merge branch 'for-next' of https://git.kernel.org/pub/scm/linux/kernel/git/nolibc/linux-nolibc.git nolibc/for-next
Already up to date.
Merging iommufd/for-next (8c07df7cdfcf5 iommufd: Fix UAF in selftest IOPF reporting)
$ git merge -m Merge branch 'for-next' of https://git.kernel.org/pub/scm/linux/kernel/git/jgg/iommufd.git iommufd/for-next
Already up to date.
Merging turbostat/next (1c996a37fd244 tools/power turbostat: pmt: Improve sscanf() hygiene)
$ git merge -m Merge branch 'next' of https://git.kernel.org/pub/scm/linux/kernel/git/lenb/linux.git turbostat/next
Merge made by the 'ort' strategy.
 tools/power/x86/turbostat/turbostat.8 |   6 +-
 tools/power/x86/turbostat/turbostat.c | 567 ++++++++++++++++------------------
 2 files changed, 266 insertions(+), 307 deletions(-)
Merging pwrseq/pwrseq/for-next (d51fc9d4cd6eb power: sequencing: rename pwrseq_power_on/off() to pwrseq_enable/disable())
$ git merge -m Merge branch 'pwrseq/for-next' of https://git.kernel.org/pub/scm/linux/kernel/git/brgl/linux.git pwrseq/pwrseq/for-next
Auto-merging drivers/bluetooth/hci_qca.c
Auto-merging drivers/net/wireless/ath/ath10k/snoc.c
Auto-merging drivers/pci/pwrctrl/generic.c
Auto-merging drivers/pci/pwrctrl/pci-pwrctrl-pwrseq.c
Merge made by the 'ort' strategy.
 Documentation/driver-api/pwrseq.rst      |  4 ++--
 drivers/bluetooth/hci_qca.c              |  4 ++--
 drivers/gpu/drm/imagination/pvr_power.c  |  4 ++--
 drivers/net/wireless/ath/ath10k/snoc.c   |  6 +++---
 drivers/pci/pwrctrl/generic.c            |  4 ++--
 drivers/pci/pwrctrl/pci-pwrctrl-pwrseq.c |  4 ++--
 drivers/power/sequencing/core.c          | 16 ++++++++--------
 include/linux/pwrseq/consumer.h          |  8 ++++----
 8 files changed, 25 insertions(+), 25 deletions(-)
$ git reset --hard HEAD^
HEAD is now at fc03a939a3401 Merge branch 'next' of https://git.kernel.org/pub/scm/linux/kernel/git/lenb/linux.git
Merging next-20260825 version of pwrseq
$ git merge -m next-20260825/pwrseq a39ac4651e3b9d2ca78b6d3dc2a81a6bd25fa616
Already up to date.
Merging capabilities-next/caps-next (9b0ee13b80798 capability: remove non-kernel-doc comments)
$ git merge -m Merge branch 'caps-next' of https://git.kernel.org/pub/scm/linux/kernel/git/sergeh/linux.git capabilities-next/caps-next
Already up to date.
$ git am -3 ../patches/0001-sign-file-Fix-up-merge-issue.patch
Applying: sign-file: Fix up merge issue
Using index info to reconstruct a base tree...
M	scripts/sign-file.c
Falling back to patching base and 3-way merge...
Auto-merging scripts/sign-file.c
No changes -- Patch already applied.
Merging ipe/next (028ef9c96e961 Linux 7.0)
$ git merge -m Merge branch 'next' of https://git.kernel.org/pub/scm/linux/kernel/git/wufan/ipe.git ipe/next
Already up to date.
Merging kcsan/next (a8488ecbd7ba4 kcsan: avoid unintended access checking in NMIs)
$ git merge -m Merge branch 'next' of https://git.kernel.org/pub/scm/linux/kernel/git/melver/linux.git kcsan/next
Already up to date.
Merging crc/crc-next (dc59e4fea9d83 Linux 7.2-rc1)
$ git merge -m Merge branch 'crc-next' of https://git.kernel.org/pub/scm/linux/kernel/git/ebiggers/linux.git crc/crc-next
Already up to date.
Merging keys-next/keys-next (965e9a2cf23b0 pkcs7: Change a pr_warn() to pr_warn_once())
$ git merge -m Merge branch 'keys-next' of https://git.kernel.org/pub/scm/linux/kernel/git/dhowells/linux-fs.git keys-next/keys-next
Already up to date.
Merging fwctl/for-next (e052daab94ee8 rust: introduce abstractions for fwctl)
$ git merge -m Merge branch 'for-next' of https://git.kernel.org/pub/scm/linux/kernel/git/fwctl/fwctl.git fwctl/for-next
Already up to date.
$ git am -3 ../patches/rust-fwctl-replace-__pinned_init-with-raw_try_init
Applying: rust: fwctl: replace `__pinned_init` with `raw_try_init`
Using index info to reconstruct a base tree...
M	rust/kernel/fwctl.rs
Falling back to patching base and 3-way merge...
No changes -- Patch already applied.
Merging devsec-tsm/next (3177779ae17db virt: coco: change tsm_class to a const struct)
$ git merge -m Merge branch 'next' of https://git.kernel.org/pub/scm/linux/kernel/git/devsec/tsm.git devsec-tsm/next
Already up to date.
Merging hisilicon/for-next (a5db65458a911 Merge branch 'next/dt64' into for-next)
$ git merge -m Merge branch 'for-next' of https://github.com/hisilicon/linux-hisi.git hisilicon/for-next
Merge made by the 'ort' strategy.
Merging device-id/device-id-rework (995832b2cebe6 Replace <linux/mod_devicetable.h> by more specific <linux/device-id/*.h> (c files))
$ git merge -m Merge branch 'device-id-rework' of https://git.kernel.org/pub/scm/linux/kernel/git/ukleinek/linux.git device-id/device-id-rework
Already up to date.
Merging kthread/for-next (fa39ec4f89f26 doc: Add housekeeping documentation)
$ git merge -m Merge branch 'for-next' of https://git.kernel.org/pub/scm/linux/kernel/git/frederic/linux-dynticks.git kthread/for-next
Already up to date.
Merging pagemap-headers/headers (e02cb91d4644d ksm: Remove pagemap.h include)
$ git merge -m Merge branch 'headers' of git://git.infradead.org/users/willy/pagecache.git pagemap-headers/headers
Auto-merging drivers/gpu/drm/amd/amdgpu/amdgpu_gem.c
Auto-merging drivers/gpu/drm/msm/msm_fb.c
Auto-merging drivers/gpu/drm/panthor/panthor_gem.c
Auto-merging drivers/i2c/busses/i2c-amd-asf-plat.c
Auto-merging drivers/i2c/busses/i2c-gxp.c
Auto-merging drivers/i2c/busses/i2c-k1.c
Auto-merging drivers/iio/accel/fxls8962af-core.c
Auto-merging drivers/iio/adc/ti-ads1298.c
Auto-merging drivers/iio/light/rohm-bu27034.c
Auto-merging drivers/iio/pressure/bmp280-core.c
Auto-merging drivers/mfd/88pm886.c
Auto-merging drivers/mfd/cs42l43.c
Auto-merging drivers/pinctrl/pinctrl-sx150x.c
Auto-merging drivers/regulator/tps65185.c
Auto-merging fs/nfs/nfstrace.h
Auto-merging fs/nfs/pnfs.c
Auto-merging include/linux/i3c/master.h
Auto-merging include/linux/nfs_fs.h
Auto-merging include/linux/swap.h
Auto-merging net/sunrpc/xprtsock.c
Merge made by the 'ort' strategy.
 arch/alpha/include/asm/pgtable.h                   |  2 +-
 arch/arc/include/asm/Kbuild                        |  1 +
 arch/arc/include/asm/pgtable-levels.h              |  2 ++
 arch/arc/include/asm/tlb.h                         | 12 ----------
 arch/arm/include/asm/pgalloc.h                     |  2 --
 arch/arm/include/asm/tlb.h                         |  2 --
 arch/arm/mach-pxa/pxa3xx.c                         |  1 +
 arch/arm64/include/asm/tlb.h                       |  3 ---
 arch/hexagon/include/asm/tlb.h                     |  1 -
 arch/microblaze/include/asm/pgtable.h              |  2 +-
 arch/nios2/include/asm/tlb.h                       |  1 -
 arch/openrisc/include/asm/Kbuild                   |  1 +
 arch/openrisc/include/asm/tlb.h                    | 26 ----------------------
 arch/powerpc/include/asm/tlb.h                     |  2 --
 arch/sh/include/asm/pgtable.h                      |  2 +-
 arch/sh/include/asm/tlb.h                          |  1 -
 arch/sparc/include/asm/pgtable_64.h                |  2 +-
 arch/sparc/include/asm/tlb_64.h                    |  1 -
 arch/x86/include/asm/pgalloc.h                     |  1 -
 arch/x86/virt/vmx/tdx/tdx.c                        |  1 +
 arch/xtensa/kernel/hibernate.c                     |  1 +
 block/fops.c                                       |  1 +
 drivers/char/agp/backend.c                         |  1 -
 drivers/char/agp/generic.c                         |  1 -
 drivers/char/agp/intel-agp.c                       |  1 -
 drivers/char/agp/intel-gtt.c                       |  1 -
 drivers/char/agp/uninorth-agp.c                    |  3 ++-
 drivers/dma/ste_dma40.c                            |  1 +
 drivers/gpu/drm/amd/amdgpu/amdgpu_amdkfd_gpuvm.c   |  1 -
 drivers/gpu/drm/amd/amdgpu/amdgpu_cs.c             |  1 -
 drivers/gpu/drm/amd/amdgpu/amdgpu_gem.c            |  1 -
 drivers/gpu/drm/amd/amdgpu/amdgpu_ttm.c            |  3 +--
 drivers/gpu/drm/amd/amdkfd/kfd_migrate.c           |  1 +
 drivers/gpu/drm/amd/amdkfd/kfd_priv.h              |  1 -
 drivers/gpu/drm/display/drm_dp_cec.c               |  1 +
 drivers/gpu/drm/etnaviv/etnaviv_gpu.c              |  1 +
 drivers/gpu/drm/i915/display/intel_display_power.c |  1 +
 drivers/gpu/drm/i915/gem/i915_gem_userptr.c        |  1 +
 drivers/gpu/drm/msm/msm_fb.c                       |  2 ++
 drivers/gpu/drm/msm/msm_gem_shrinker.c             |  2 ++
 drivers/gpu/drm/nouveau/nouveau_dmem.c             |  1 +
 drivers/gpu/drm/omapdrm/dss/hdmi4.c                |  1 +
 drivers/gpu/drm/omapdrm/dss/hdmi5.c                |  1 +
 drivers/gpu/drm/panel/panel-ilitek-ili9806e-core.c |  1 +
 drivers/gpu/drm/panfrost/panfrost_gem.c            |  2 ++
 drivers/gpu/drm/panthor/panthor_gem.c              |  3 +++
 drivers/hwmon/pmbus/pmbus_core.c                   |  1 +
 drivers/i2c/busses/i2c-amd-asf-plat.c              |  1 +
 drivers/i2c/busses/i2c-gxp.c                       |  1 +
 drivers/i2c/busses/i2c-k1.c                        |  1 +
 drivers/i2c/busses/i2c-pasemi-platform.c           |  1 +
 drivers/iio/accel/fxls8962af-core.c                |  1 +
 drivers/iio/adc/nct7201.c                          |  1 +
 drivers/iio/adc/ti-ads1298.c                       |  1 +
 drivers/iio/light/rohm-bu27034.c                   |  1 +
 drivers/iio/pressure/bmp280-core.c                 |  1 +
 drivers/iio/pressure/bmp280.h                      |  1 +
 drivers/input/misc/aw86927.c                       |  1 +
 drivers/input/touchscreen/goodix_berlin_core.c     |  1 +
 drivers/input/touchscreen/hynitron_cstxxx.c        |  1 +
 drivers/input/touchscreen/imagis.c                 |  1 +
 drivers/leds/leds-turris-omnia.c                   |  1 +
 drivers/media/common/videobuf2/frame_vector.c      |  1 -
 drivers/media/pci/cx18/cx18-driver.h               |  1 -
 drivers/media/pci/ivtv/ivtv-driver.h               |  2 +-
 drivers/media/platform/st/stm32/stm32-csi.c        |  1 +
 drivers/media/platform/ti/omap3isp/ispvideo.c      |  1 -
 drivers/media/usb/go7007/go7007-v4l2.c             |  1 -
 drivers/media/usb/gspca/gspca.c                    |  1 -
 drivers/mfd/88pm886.c                              |  1 +
 drivers/mfd/abx500-core.c                          |  1 +
 drivers/mfd/adp5585.c                              |  1 +
 drivers/mfd/cs40l50-core.c                         |  1 +
 drivers/mfd/cs42l43.c                              |  1 +
 drivers/mfd/rt5120.c                               |  1 +
 drivers/mfd/tps65219.c                             |  1 +
 drivers/mfd/twl-core.c                             |  2 +-
 drivers/mmc/core/core.c                            |  1 -
 drivers/mmc/core/host.c                            |  1 -
 drivers/mmc/host/renesas_sdhi_internal_dmac.c      |  1 -
 drivers/mmc/host/renesas_sdhi_sys_dmac.c           |  1 -
 drivers/mmc/host/sh_mmcif.c                        |  1 -
 drivers/mmc/host/tmio_mmc.h                        |  1 -
 drivers/mmc/host/tmio_mmc_core.c                   |  1 -
 drivers/mmc/host/usdhi6rol0.c                      |  1 -
 drivers/net/ethernet/atheros/atl1c/atl1c.h         |  1 -
 drivers/net/ethernet/atheros/atl1e/atl1e.h         |  1 -
 drivers/net/ethernet/intel/e1000/e1000.h           |  1 -
 drivers/net/ethernet/intel/e1000e/netdev.c         |  1 -
 drivers/net/ethernet/intel/igb/igb_main.c          |  1 -
 drivers/net/ethernet/intel/igbvf/netdev.c          |  1 -
 drivers/phy/st/phy-stm32-combophy.c                |  1 +
 drivers/pinctrl/pinctrl-sx150x.c                   |  1 +
 drivers/platform/arm64/huawei-gaokun-ec.c          |  1 +
 drivers/platform/arm64/lenovo-yoga-c630.c          |  2 +-
 .../platform/x86/intel/int3472/clk_and_regulator.c |  1 +
 drivers/power/supply/bq25630_charger.c             |  1 +
 drivers/power/supply/rk817_charger.c               |  2 +-
 drivers/regulator/fixed.c                          |  1 +
 drivers/regulator/fp9931.c                         |  1 +
 drivers/regulator/mt6360-regulator.c               |  1 +
 drivers/regulator/qcom-labibb-regulator.c          |  1 +
 drivers/regulator/rtq2208-regulator.c              |  1 +
 drivers/regulator/tps65185.c                       |  1 +
 drivers/regulator/tps65219-regulator.c             |  1 +
 drivers/regulator/tps6594-regulator.c              |  1 +
 drivers/soc/xilinx/zynqmp_power.c                  |  1 +
 drivers/ufs/host/ufs-mediatek.c                    |  1 +
 drivers/ufs/host/ufs-qcom.c                        |  1 +
 drivers/usb/core/hcd.c                             |  1 +
 drivers/usb/typec/mux/it5205.c                     |  1 +
 drivers/usb/typec/wusb3801.c                       |  1 +
 drivers/video/fbdev/core/fb_procfs.c               |  1 +
 drivers/xen/balloon.c                              |  1 +
 fs/aio.c                                           |  1 +
 fs/buffer.c                                        |  1 +
 fs/file_table.c                                    |  1 +
 fs/inode.c                                         |  1 +
 fs/nfs/blocklayout/blocklayout.c                   |  1 +
 fs/nfs/nfs42proc.c                                 |  1 +
 fs/nfs/nfstrace.h                                  |  1 +
 fs/nfs/pnfs.c                                      |  1 +
 fs/nfsd/nfs4proc.c                                 |  1 +
 include/drm/drm_print.h                            |  1 +
 include/drm/ttm/ttm_tt.h                           |  1 -
 include/linux/balloon.h                            |  1 -
 include/linux/ceph/libceph.h                       |  1 -
 include/linux/i3c/master.h                         |  1 +
 include/linux/ksm.h                                |  1 -
 include/linux/mempolicy.h                          |  1 -
 include/linux/nfs_fs.h                             |  1 -
 include/linux/nfs_page.h                           |  1 -
 include/linux/suspend.h                            |  1 -
 include/linux/swap.h                               |  1 -
 include/sound/cs35l41.h                            |  1 +
 kernel/power/snapshot.c                            |  1 +
 net/ceph/osd_client.c                              |  1 -
 net/ceph/pagevec.c                                 |  1 +
 net/core/datagram.c                                |  1 -
 net/rds/rdma.c                                     |  1 -
 net/sunrpc/auth_gss/auth_gss.c                     |  1 -
 net/sunrpc/auth_gss/gss_krb5_crypto.c              |  1 -
 net/sunrpc/auth_gss/gss_krb5_wrap.c                |  1 -
 net/sunrpc/auth_gss/svcauth_gss.c                  |  1 -
 net/sunrpc/cache.c                                 |  1 -
 net/sunrpc/rpc_pipe.c                              |  1 -
 net/sunrpc/socklib.c                               |  1 -
 net/sunrpc/xdr.c                                   |  1 -
 net/sunrpc/xprtsock.c                              |  1 -
 security/commoncap.c                               |  3 ---
 security/inode.c                                   |  1 -
 security/selinux/hooks.c                           |  1 -
 security/selinux/selinuxfs.c                       |  1 -
 security/smack/smack_lsm.c                         |  1 -
 sound/soc/codecs/cs35l41-lib.c                     |  1 +
 155 files changed, 98 insertions(+), 118 deletions(-)
 delete mode 100644 arch/arc/include/asm/tlb.h
 delete mode 100644 arch/openrisc/include/asm/tlb.h
